medicine_id,commercial_name,price,date,sales
MED001,Paracétamol 500mg,2884.9053677404186,2025-08-19,51
MED001,Paracétamol 500mg,2884.9053677404186,2025-08-20,108
MED001,Paracétamol 500mg,2884.9053677404186,2025-08-21,40
MED001,Paracétamol 500mg,2884.9053677404186,2025-08-22,103
MED001,Paracétamol 500mg,2884.9053677404186,2025-08-23,93
MED001,Paracétamol 500mg,2884.9053677404186,2025-08-24,82
MED001,Paracétamol 500mg,2884.9053677404186,2025-08-25,66
MED001,Paracétamol 500mg,2884.9053677404186,2025-08-26,74
MED001,Paracétamol 500mg,2884.9053677404186,2025-08-27,85
MED001,Paracétamol 500mg,2884.9053677404186,2025-08-28,84
MED001,Paracétamol 500mg,2884.9053677404186,2025-08-29,86
MED001,Paracétamol 500mg,2884.9053677404186,2025-08-30,116
MED001,Paracétamol 500mg,2884.9053677404186,2025-08-31,92
MED001,Paracétamol 500mg,2884.9053677404186,2025-09-01,72
MED001,Paracétamol 500mg,2884.9053677404186,2025-09-02,70
MED001,Paracétamol 500mg,2884.9053677404186,2025-09-03,116
MED001,Paracétamol 500mg,2884.9053677404186,2025-09-04,101
MED001,Paracétamol 500mg,2884.9053677404186,2025-09-05,98
MED001,Paracétamol 500mg,2884.9053677404186,2025-09-06,67
MED001,Paracétamol 500mg,2884.9053677404186,2025-09-07,75
MED001,Paracétamol 500mg,2884.9053677404186,2025-09-08,46
MED001,Paracétamol 500mg,2884.9053677404186,2025-09-09,98
MED001,Paracétamol 500mg,2884.9053677404186,2025-09-10,64
MED001,Paracétamol 500mg,2884.9053677404186,2025-09-11,123
MED001,Paracétamol 500mg,2884.9053677404186,2025-09-12,94
MED001,Paracétamol 500mg,2884.9053677404186,2025-09-13,55
MED001,Paracétamol 500mg,2884.9053677404186,2025-09-14,108
MED001,Paracétamol 500mg,2884.9053677404186,2025-09-15,69
MED001,Paracétamol 500mg,2884.9053677404186,2025-09-16,48
MED001,Paracétamol 500mg,2884.9053677404186,2025-09-17,78
MED001,Paracétamol 500mg,2884.9053677404186,2025-09-18,29
MED001,Paracétamol 500mg,2884.9053677404186,2025-09-19,59
MED001,Paracétamol 500mg,2884.9053677404186,2025-09-20,138
MED001,Paracétamol 500mg,2884.9053677404186,2025-09-21,69
MED001,Paracétamol 500mg,2884.9053677404186,2025-09-22,136
MED001,Paracétamol 500mg,2884.9053677404186,2025-09-23,87
MED001,Paracétamol 500mg,2884.9053677404186,2025-09-24,133
MED001,Paracétamol 500mg,2884.9053677404186,2025-09-25,103
MED001,Paracétamol 500mg,2884.9053677404186,2025-09-26,122
MED001,Paracétamol 500mg,2884.9053677404186,2025-09-27,130
MED001,Paracétamol 500mg,2884.9053677404186,2025-09-28,79
MED001,Paracétamol 500mg,2884.9053677404186,2025-09-29,85
MED001,Paracétamol 500mg,2884.9053677404186,2025-09-30,142
MED001,Paracétamol 500mg,2884.9053677404186,2025-10-01,94
MED001,Paracétamol 500mg,2884.9053677404186,2025-10-02,75
MED001,Paracétamol 500mg,2884.9053677404186,2025-10-03,35
MED001,Paracétamol 500mg,2884.9053677404186,2025-10-04,84
MED001,Paracétamol 500mg,2884.9053677404186,2025-10-05,76
MED001,Paracétamol 500mg,2884.9053677404186,2025-10-06,47
MED001,Paracétamol 500mg,2884.9053677404186,2025-10-07,77
MED001,Paracétamol 500mg,2884.9053677404186,2025-10-08,37
MED001,Paracétamol 500mg,2884.9053677404186,2025-10-09,83
MED001,Paracétamol 500mg,2884.9053677404186,2025-10-10,55
MED001,Paracétamol 500mg,2884.9053677404186,2025-10-11,78
MED001,Paracétamol 500mg,2884.9053677404186,2025-10-12,51
MED001,Paracétamol 500mg,2884.9053677404186,2025-10-13,80
MED001,Paracétamol 500mg,2884.9053677404186,2025-10-14,44
MED001,Paracétamol 500mg,2884.9053677404186,2025-10-15,59
MED001,Paracétamol 500mg,2884.9053677404186,2025-10-16,72
MED001,Paracétamol 500mg,2884.9053677404186,2025-10-17,106
MED001,Paracétamol 500mg,2884.9053677404186,2025-10-18,130
MED001,Paracétamol 500mg,2884.9053677404186,2025-10-19,53
MED001,Paracétamol 500mg,2884.9053677404186,2025-10-20,96
MED001,Paracétamol 500mg,2884.9053677404186,2025-10-21,131
MED001,Paracétamol 500mg,2884.9053677404186,2025-10-22,100
MED001,Paracétamol 500mg,2884.9053677404186,2025-10-23,61
MED001,Paracétamol 500mg,2884.9053677404186,2025-10-24,48
MED001,Paracétamol 500mg,2884.9053677404186,2025-10-25,125
MED001,Paracétamol 500mg,2884.9053677404186,2025-10-26,77
MED001,Paracétamol 500mg,2884.9053677404186,2025-10-27,103
MED001,Paracétamol 500mg,2884.9053677404186,2025-10-28,69
MED001,Paracétamol 500mg,2884.9053677404186,2025-10-29,57
MED001,Paracétamol 500mg,2884.9053677404186,2025-10-30,64
MED001,Paracétamol 500mg,2884.9053677404186,2025-10-31,63
MED001,Paracétamol 500mg,2884.9053677404186,2025-11-01,76
MED001,Paracétamol 500mg,2884.9053677404186,2025-11-02,7
MED001,Paracétamol 500mg,2884.9053677404186,2025-11-03,79
MED001,Paracétamol 500mg,2884.9053677404186,2025-11-04,72
MED001,Paracétamol 500mg,2884.9053677404186,2025-11-05,57
MED001,Paracétamol 500mg,2884.9053677404186,2025-11-06,70
MED001,Paracétamol 500mg,2884.9053677404186,2025-11-07,62
MED001,Paracétamol 500mg,2884.9053677404186,2025-11-08,75
MED001,Paracétamol 500mg,2884.9053677404186,2025-11-09,41
MED001,Paracétamol 500mg,2884.9053677404186,2025-11-10,38
MED001,Paracétamol 500mg,2884.9053677404186,2025-11-11,52
MED001,Paracétamol 500mg,2884.9053677404186,2025-11-12,71
MED001,Paracétamol 500mg,2884.9053677404186,2025-11-13,62
MED001,Paracétamol 500mg,2884.9053677404186,2025-11-14,56
MED001,Paracétamol 500mg,2884.9053677404186,2025-11-15,47
MED001,Paracétamol 500mg,2884.9053677404186,2025-11-16,61
MED001,Paracétamol 500mg,2884.9053677404186,2025-11-17,67
MED001,Paracétamol 500mg,2884.9053677404186,2025-11-18,28
MED001,Paracétamol 500mg,2884.9053677404186,2025-11-19,51
MED001,Paracétamol 500mg,2884.9053677404186,2025-11-20,85
MED001,Paracétamol 500mg,2884.9053677404186,2025-11-21,39
MED001,Paracétamol 500mg,2884.9053677404186,2025-11-22,108
MED001,Paracétamol 500mg,2884.9053677404186,2025-11-23,74
MED001,Paracétamol 500mg,2884.9053677404186,2025-11-24,37
MED001,Paracétamol 500mg,2884.9053677404186,2025-11-25,70
MED001,Paracétamol 500mg,2884.9053677404186,2025-11-26,35
MED001,Paracétamol 500mg,2884.9053677404186,2025-11-27,51
MED001,Paracétamol 500mg,2884.9053677404186,2025-11-28,51
MED001,Paracétamol 500mg,2884.9053677404186,2025-11-29,58
MED001,Paracétamol 500mg,2884.9053677404186,2025-11-30,89
MED001,Paracétamol 500mg,2884.9053677404186,2025-12-01,78
MED001,Paracétamol 500mg,2884.9053677404186,2025-12-02,27
MED001,Paracétamol 500mg,2884.9053677404186,2025-12-03,33
MED001,Paracétamol 500mg,2884.9053677404186,2025-12-04,50
MED001,Paracétamol 500mg,2884.9053677404186,2025-12-05,37
MED001,Paracétamol 500mg,2884.9053677404186,2025-12-06,59
MED001,Paracétamol 500mg,2884.9053677404186,2025-12-07,48
MED001,Paracétamol 500mg,2884.9053677404186,2025-12-08,49
MED001,Paracétamol 500mg,2884.9053677404186,2025-12-09,54
MED001,Paracétamol 500mg,2884.9053677404186,2025-12-10,63
MED001,Paracétamol 500mg,2884.9053677404186,2025-12-11,36
MED001,Paracétamol 500mg,2884.9053677404186,2025-12-12,42
MED001,Paracétamol 500mg,2884.9053677404186,2025-12-13,54
MED001,Paracétamol 500mg,2884.9053677404186,2025-12-14,72
MED001,Paracétamol 500mg,2884.9053677404186,2025-12-15,14
MED001,Paracétamol 500mg,2884.9053677404186,2025-12-16,48
MED001,Paracétamol 500mg,2884.9053677404186,2025-12-17,65
MED001,Paracétamol 500mg,2884.9053677404186,2025-12-18,90
MED001,Paracétamol 500mg,2884.9053677404186,2025-12-19,63
MED001,Paracétamol 500mg,2884.9053677404186,2025-12-20,63
MED001,Paracétamol 500mg,2884.9053677404186,2025-12-21,45
MED001,Paracétamol 500mg,2884.9053677404186,2025-12-22,49
MED001,Paracétamol 500mg,2884.9053677404186,2025-12-23,62
MED001,Paracétamol 500mg,2884.9053677404186,2025-12-24,50
MED001,Paracétamol 500mg,2884.9053677404186,2025-12-25,51
MED001,Paracétamol 500mg,2884.9053677404186,2025-12-26,46
MED001,Paracétamol 500mg,2884.9053677404186,2025-12-27,70
MED001,Paracétamol 500mg,2884.9053677404186,2025-12-28,20
MED001,Paracétamol 500mg,2884.9053677404186,2025-12-29,48
MED001,Paracétamol 500mg,2884.9053677404186,2025-12-30,19
MED001,Paracétamol 500mg,2884.9053677404186,2025-12-31,21
MED001,Paracétamol 500mg,2884.9053677404186,2026-01-01,48
MED001,Paracétamol 500mg,2884.9053677404186,2026-01-02,49
MED001,Paracétamol 500mg,2884.9053677404186,2026-01-03,84
MED001,Paracétamol 500mg,2884.9053677404186,2026-01-04,52
MED001,Paracétamol 500mg,2884.9053677404186,2026-01-05,50
MED001,Paracétamol 500mg,2884.9053677404186,2026-01-06,65
MED001,Paracétamol 500mg,2884.9053677404186,2026-01-07,57
MED001,Paracétamol 500mg,2884.9053677404186,2026-01-08,45
MED001,Paracétamol 500mg,2884.9053677404186,2026-01-09,51
MED001,Paracétamol 500mg,2884.9053677404186,2026-01-10,73
MED001,Paracétamol 500mg,2884.9053677404186,2026-01-11,37
MED001,Paracétamol 500mg,2884.9053677404186,2026-01-12,87
MED001,Paracétamol 500mg,2884.9053677404186,2026-01-13,73
MED001,Paracétamol 500mg,2884.9053677404186,2026-01-14,45
MED001,Paracétamol 500mg,2884.9053677404186,2026-01-15,62
MED001,Paracétamol 500mg,2884.9053677404186,2026-01-16,52
MED001,Paracétamol 500mg,2884.9053677404186,2026-01-17,75
MED001,Paracétamol 500mg,2884.9053677404186,2026-01-18,50
MED001,Paracétamol 500mg,2884.9053677404186,2026-01-19,55
MED001,Paracétamol 500mg,2884.9053677404186,2026-01-20,56
MED001,Paracétamol 500mg,2884.9053677404186,2026-01-21,55
MED001,Paracétamol 500mg,2884.9053677404186,2026-01-22,53
MED001,Paracétamol 500mg,2884.9053677404186,2026-01-23,42
MED001,Paracétamol 500mg,2884.9053677404186,2026-01-24,65
MED001,Paracétamol 500mg,2884.9053677404186,2026-01-25,60
MED001,Paracétamol 500mg,2884.9053677404186,2026-01-26,54
MED001,Paracétamol 500mg,2884.9053677404186,2026-01-27,68
MED001,Paracétamol 500mg,2884.9053677404186,2026-01-28,55
MED001,Paracétamol 500mg,2884.9053677404186,2026-01-29,55
MED001,Paracétamol 500mg,2884.9053677404186,2026-01-30,58
MED001,Paracétamol 500mg,2884.9053677404186,2026-01-31,85
MED001,Paracétamol 500mg,2884.9053677404186,2026-02-01,26
MED001,Paracétamol 500mg,2884.9053677404186,2026-02-02,28
MED001,Paracétamol 500mg,2884.9053677404186,2026-02-03,61
MED001,Paracétamol 500mg,2884.9053677404186,2026-02-04,44
MED001,Paracétamol 500mg,2884.9053677404186,2026-02-05,56
MED001,Paracétamol 500mg,2884.9053677404186,2026-02-06,57
MED001,Paracétamol 500mg,2884.9053677404186,2026-02-07,70
MED001,Paracétamol 500mg,2884.9053677404186,2026-02-08,59
MED001,Paracétamol 500mg,2884.9053677404186,2026-02-09,79
MED001,Paracétamol 500mg,2884.9053677404186,2026-02-10,47
MED001,Paracétamol 500mg,2884.9053677404186,2026-02-11,33
MED001,Paracétamol 500mg,2884.9053677404186,2026-02-12,59
MED001,Paracétamol 500mg,2884.9053677404186,2026-02-13,8
MED001,Paracétamol 500mg,2884.9053677404186,2026-02-14,77
MED001,Paracétamol 500mg,2884.9053677404186,2026-02-15,42
MED001,Paracétamol 500mg,2884.9053677404186,2026-02-16,45
MED001,Paracétamol 500mg,2884.9053677404186,2026-02-17,61
MED001,Paracétamol 500mg,2884.9053677404186,2026-02-18,70
MED001,Paracétamol 500mg,2884.9053677404186,2026-02-19,62
MED001,Paracétamol 500mg,2884.9053677404186,2026-02-20,56
MED001,Paracétamol 500mg,2884.9053677404186,2026-02-21,81
MED001,Paracétamol 500mg,2884.9053677404186,2026-02-22,70
MED001,Paracétamol 500mg,2884.9053677404186,2026-02-23,65
MED001,Paracétamol 500mg,2884.9053677404186,2026-02-24,76
MED001,Paracétamol 500mg,2884.9053677404186,2026-02-25,46
MED001,Paracétamol 500mg,2884.9053677404186,2026-02-26,35
MED001,Paracétamol 500mg,2884.9053677404186,2026-02-27,85
MED001,Paracétamol 500mg,2884.9053677404186,2026-02-28,55
MED001,Paracétamol 500mg,2884.9053677404186,2026-03-01,43
MED001,Paracétamol 500mg,2884.9053677404186,2026-03-02,65
MED001,Paracétamol 500mg,2884.9053677404186,2026-03-03,69
MED001,Paracétamol 500mg,2884.9053677404186,2026-03-04,46
MED001,Paracétamol 500mg,2884.9053677404186,2026-03-05,63
MED001,Paracétamol 500mg,2884.9053677404186,2026-03-06,65
MED001,Paracétamol 500mg,2884.9053677404186,2026-03-07,34
MED001,Paracétamol 500mg,2884.9053677404186,2026-03-08,63
MED001,Paracétamol 500mg,2884.9053677404186,2026-03-09,62
MED001,Paracétamol 500mg,2884.9053677404186,2026-03-10,24
MED001,Paracétamol 500mg,2884.9053677404186,2026-03-11,58
MED001,Paracétamol 500mg,2884.9053677404186,2026-03-12,74
MED001,Paracétamol 500mg,2884.9053677404186,2026-03-13,48
MED001,Paracétamol 500mg,2884.9053677404186,2026-03-14,53
MED001,Paracétamol 500mg,2884.9053677404186,2026-03-15,30
MED001,Paracétamol 500mg,2884.9053677404186,2026-03-16,62
MED001,Paracétamol 500mg,2884.9053677404186,2026-03-17,74
MED001,Paracétamol 500mg,2884.9053677404186,2026-03-18,46
MED001,Paracétamol 500mg,2884.9053677404186,2026-03-19,70
MED001,Paracétamol 500mg,2884.9053677404186,2026-03-20,97
MED001,Paracétamol 500mg,2884.9053677404186,2026-03-21,53
MED001,Paracétamol 500mg,2884.9053677404186,2026-03-22,54
MED001,Paracétamol 500mg,2884.9053677404186,2026-03-23,71
MED001,Paracétamol 500mg,2884.9053677404186,2026-03-24,56
MED001,Paracétamol 500mg,2884.9053677404186,2026-03-25,45
MED001,Paracétamol 500mg,2884.9053677404186,2026-03-26,45
MED001,Paracétamol 500mg,2884.9053677404186,2026-03-27,68
MED001,Paracétamol 500mg,2884.9053677404186,2026-03-28,86
MED001,Paracétamol 500mg,2884.9053677404186,2026-03-29,63
MED001,Paracétamol 500mg,2884.9053677404186,2026-03-30,55
MED001,Paracétamol 500mg,2884.9053677404186,2026-03-31,33
MED001,Paracétamol 500mg,2884.9053677404186,2026-04-01,40
MED001,Paracétamol 500mg,2884.9053677404186,2026-04-02,25
MED001,Paracétamol 500mg,2884.9053677404186,2026-04-03,76
MED001,Paracétamol 500mg,2884.9053677404186,2026-04-04,50
MED001,Paracétamol 500mg,2884.9053677404186,2026-04-05,77
MED001,Paracétamol 500mg,2884.9053677404186,2026-04-06,21
MED001,Paracétamol 500mg,2884.9053677404186,2026-04-07,43
MED001,Paracétamol 500mg,2884.9053677404186,2026-04-08,52
MED001,Paracétamol 500mg,2884.9053677404186,2026-04-09,59
MED001,Paracétamol 500mg,2884.9053677404186,2026-04-10,37
MED001,Paracétamol 500mg,2884.9053677404186,2026-04-11,66
MED001,Paracétamol 500mg,2884.9053677404186,2026-04-12,76
MED001,Paracétamol 500mg,2884.9053677404186,2026-04-13,54
MED001,Paracétamol 500mg,2884.9053677404186,2026-04-14,38
MED001,Paracétamol 500mg,2884.9053677404186,2026-04-15,48
MED001,Paracétamol 500mg,2884.9053677404186,2026-04-16,31
MED001,Paracétamol 500mg,2884.9053677404186,2026-04-17,55
MED001,Paracétamol 500mg,2884.9053677404186,2026-04-18,72
MED001,Paracétamol 500mg,2884.9053677404186,2026-04-19,68
MED001,Paracétamol 500mg,2884.9053677404186,2026-04-20,38
MED001,Paracétamol 500mg,2884.9053677404186,2026-04-21,87
MED001,Paracétamol 500mg,2884.9053677404186,2026-04-22,36
MED001,Paracétamol 500mg,2884.9053677404186,2026-04-23,71
MED001,Paracétamol 500mg,2884.9053677404186,2026-04-24,60
MED001,Paracétamol 500mg,2884.9053677404186,2026-04-25,59
MED001,Paracétamol 500mg,2884.9053677404186,2026-04-26,76
MED001,Paracétamol 500mg,2884.9053677404186,2026-04-27,67
MED001,Paracétamol 500mg,2884.9053677404186,2026-04-28,49
MED001,Paracétamol 500mg,2884.9053677404186,2026-04-29,72
MED001,Paracétamol 500mg,2884.9053677404186,2026-04-30,57
MED001,Paracétamol 500mg,2884.9053677404186,2026-05-01,50
MED001,Paracétamol 500mg,2884.9053677404186,2026-05-02,63
MED001,Paracétamol 500mg,2884.9053677404186,2026-05-03,60
MED001,Paracétamol 500mg,2884.9053677404186,2026-05-04,69
MED001,Paracétamol 500mg,2884.9053677404186,2026-05-05,52
MED001,Paracétamol 500mg,2884.9053677404186,2026-05-06,97
MED001,Paracétamol 500mg,2884.9053677404186,2026-05-07,65
MED001,Paracétamol 500mg,2884.9053677404186,2026-05-08,59
MED001,Paracétamol 500mg,2884.9053677404186,2026-05-09,98
MED001,Paracétamol 500mg,2884.9053677404186,2026-05-10,34
MED001,Paracétamol 500mg,2884.9053677404186,2026-05-11,65
MED001,Paracétamol 500mg,2884.9053677404186,2026-05-12,77
MED001,Paracétamol 500mg,2884.9053677404186,2026-05-13,38
MED001,Paracétamol 500mg,2884.9053677404186,2026-05-14,10
MED001,Paracétamol 500mg,2884.9053677404186,2026-05-15,70
MED001,Paracétamol 500mg,2884.9053677404186,2026-05-16,98
MED001,Paracétamol 500mg,2884.9053677404186,2026-05-17,32
MED001,Paracétamol 500mg,2884.9053677404186,2026-05-18,64
MED001,Paracétamol 500mg,2884.9053677404186,2026-05-19,66
MED001,Paracétamol 500mg,2884.9053677404186,2026-05-20,38
MED001,Paracétamol 500mg,2884.9053677404186,2026-05-21,46
MED001,Paracétamol 500mg,2884.9053677404186,2026-05-22,30
MED001,Paracétamol 500mg,2884.9053677404186,2026-05-23,37
MED001,Paracétamol 500mg,2884.9053677404186,2026-05-24,58
MED001,Paracétamol 500mg,2884.9053677404186,2026-05-25,67
MED001,Paracétamol 500mg,2884.9053677404186,2026-05-26,68
MED001,Paracétamol 500mg,2884.9053677404186,2026-05-27,55
MED001,Paracétamol 500mg,2884.9053677404186,2026-05-28,38
MED001,Paracétamol 500mg,2884.9053677404186,2026-05-29,66
MED001,Paracétamol 500mg,2884.9053677404186,2026-05-30,32
MED001,Paracétamol 500mg,2884.9053677404186,2026-05-31,82
MED001,Paracétamol 500mg,2884.9053677404186,2026-06-01,69
MED001,Paracétamol 500mg,2884.9053677404186,2026-06-02,84
MED001,Paracétamol 500mg,2884.9053677404186,2026-06-03,58
MED001,Paracétamol 500mg,2884.9053677404186,2026-06-04,78
MED001,Paracétamol 500mg,2884.9053677404186,2026-06-05,111
MED001,Paracétamol 500mg,2884.9053677404186,2026-06-06,94
MED001,Paracétamol 500mg,2884.9053677404186,2026-06-07,79
MED001,Paracétamol 500mg,2884.9053677404186,2026-06-08,55
MED001,Paracétamol 500mg,2884.9053677404186,2026-06-09,122
MED001,Paracétamol 500mg,2884.9053677404186,2026-06-10,71
MED001,Paracétamol 500mg,2884.9053677404186,2026-06-11,66
MED001,Paracétamol 500mg,2884.9053677404186,2026-06-12,79
MED001,Paracétamol 500mg,2884.9053677404186,2026-06-13,77
MED001,Paracétamol 500mg,2884.9053677404186,2026-06-14,129
MED001,Paracétamol 500mg,2884.9053677404186,2026-06-15,54
MED001,Paracétamol 500mg,2884.9053677404186,2026-06-16,44
MED001,Paracétamol 500mg,2884.9053677404186,2026-06-17,58
MED001,Paracétamol 500mg,2884.9053677404186,2026-06-18,80
MED001,Paracétamol 500mg,2884.9053677404186,2026-06-19,86
MED001,Paracétamol 500mg,2884.9053677404186,2026-06-20,131
MED001,Paracétamol 500mg,2884.9053677404186,2026-06-21,38
MED001,Paracétamol 500mg,2884.9053677404186,2026-06-22,106
MED001,Paracétamol 500mg,2884.9053677404186,2026-06-23,84
MED001,Paracétamol 500mg,2884.9053677404186,2026-06-24,94
MED001,Paracétamol 500mg,2884.9053677404186,2026-06-25,15
MED001,Paracétamol 500mg,2884.9053677404186,2026-06-26,105
MED001,Paracétamol 500mg,2884.9053677404186,2026-06-27,130
MED001,Paracétamol 500mg,2884.9053677404186,2026-06-28,81
MED001,Paracétamol 500mg,2884.9053677404186,2026-06-29,109
MED001,Paracétamol 500mg,2884.9053677404186,2026-06-30,43
MED001,Paracétamol 500mg,2884.9053677404186,2026-07-01,111
MED001,Paracétamol 500mg,2884.9053677404186,2026-07-02,79
MED001,Paracétamol 500mg,2884.9053677404186,2026-07-03,94
MED001,Paracétamol 500mg,2884.9053677404186,2026-07-04,77
MED001,Paracétamol 500mg,2884.9053677404186,2026-07-05,123
MED001,Paracétamol 500mg,2884.9053677404186,2026-07-06,124
MED001,Paracétamol 500mg,2884.9053677404186,2026-07-07,83
MED001,Paracétamol 500mg,2884.9053677404186,2026-07-08,128
MED001,Paracétamol 500mg,2884.9053677404186,2026-07-09,64
MED001,Paracétamol 500mg,2884.9053677404186,2026-07-10,61
MED001,Paracétamol 500mg,2884.9053677404186,2026-07-11,126
MED001,Paracétamol 500mg,2884.9053677404186,2026-07-12,114
MED001,Paracétamol 500mg,2884.9053677404186,2026-07-13,84
MED001,Paracétamol 500mg,2884.9053677404186,2026-07-14,53
MED001,Paracétamol 500mg,2884.9053677404186,2026-07-15,87
MED001,Paracétamol 500mg,2884.9053677404186,2026-07-16,121
MED001,Paracétamol 500mg,2884.9053677404186,2026-07-17,130
MED001,Paracétamol 500mg,2884.9053677404186,2026-07-18,120
MED001,Paracétamol 500mg,2884.9053677404186,2026-07-19,86
MED001,Paracétamol 500mg,2884.9053677404186,2026-07-20,96
MED001,Paracétamol 500mg,2884.9053677404186,2026-07-21,65
MED001,Paracétamol 500mg,2884.9053677404186,2026-07-22,83
MED001,Paracétamol 500mg,2884.9053677404186,2026-07-23,49
MED001,Paracétamol 500mg,2884.9053677404186,2026-07-24,36
MED001,Paracétamol 500mg,2884.9053677404186,2026-07-25,119
MED001,Paracétamol 500mg,2884.9053677404186,2026-07-26,86
MED001,Paracétamol 500mg,2884.9053677404186,2026-07-27,55
MED001,Paracétamol 500mg,2884.9053677404186,2026-07-28,91
MED001,Paracétamol 500mg,2884.9053677404186,2026-07-29,81
MED001,Paracétamol 500mg,2884.9053677404186,2026-07-30,100
MED001,Paracétamol 500mg,2884.9053677404186,2026-07-31,95
MED001,Paracétamol 500mg,2884.9053677404186,2026-08-01,84
MED001,Paracétamol 500mg,2884.9053677404186,2026-08-02,20
MED001,Paracétamol 500mg,2884.9053677404186,2026-08-03,72
MED001,Paracétamol 500mg,2884.9053677404186,2026-08-04,83
MED001,Paracétamol 500mg,2884.9053677404186,2026-08-05,71
MED001,Paracétamol 500mg,2884.9053677404186,2026-08-06,79
MED001,Paracétamol 500mg,2884.9053677404186,2026-08-07,70
MED001,Paracétamol 500mg,2884.9053677404186,2026-08-08,120
MED001,Paracétamol 500mg,2884.9053677404186,2026-08-09,61
MED001,Paracétamol 500mg,2884.9053677404186,2026-08-10,123
MED001,Paracétamol 500mg,2884.9053677404186,2026-08-11,100
MED001,Paracétamol 500mg,2884.9053677404186,2026-08-12,72
MED001,Paracétamol 500mg,2884.9053677404186,2026-08-13,140
MED001,Paracétamol 500mg,2884.9053677404186,2026-08-14,74
MED001,Paracétamol 500mg,2884.9053677404186,2026-08-15,36
MED001,Paracétamol 500mg,2884.9053677404186,2026-08-16,58
MED001,Paracétamol 500mg,2884.9053677404186,2026-08-17,114
MED001,Paracétamol 500mg,2884.9053677404186,2026-08-18,75
MED002,Amoxicilline 500mg,4696.141704298115,2025-08-19,16
MED002,Amoxicilline 500mg,4696.141704298115,2025-08-20,34
MED002,Amoxicilline 500mg,4696.141704298115,2025-08-21,55
MED002,Amoxicilline 500mg,4696.141704298115,2025-08-22,20
MED002,Amoxicilline 500mg,4696.141704298115,2025-08-23,51
MED002,Amoxicilline 500mg,4696.141704298115,2025-08-24,32
MED002,Amoxicilline 500mg,4696.141704298115,2025-08-25,24
MED002,Amoxicilline 500mg,4696.141704298115,2025-08-26,14
MED002,Amoxicilline 500mg,4696.141704298115,2025-08-27,39
MED002,Amoxicilline 500mg,4696.141704298115,2025-08-28,54
MED002,Amoxicilline 500mg,4696.141704298115,2025-08-29,23
MED002,Amoxicilline 500mg,4696.141704298115,2025-08-30,72
MED002,Amoxicilline 500mg,4696.141704298115,2025-08-31,51
MED002,Amoxicilline 500mg,4696.141704298115,2025-09-01,43
MED002,Amoxicilline 500mg,4696.141704298115,2025-09-02,64
MED002,Amoxicilline 500mg,4696.141704298115,2025-09-03,37
MED002,Amoxicilline 500mg,4696.141704298115,2025-09-04,45
MED002,Amoxicilline 500mg,4696.141704298115,2025-09-05,44
MED002,Amoxicilline 500mg,4696.141704298115,2025-09-06,53
MED002,Amoxicilline 500mg,4696.141704298115,2025-09-07,70
MED002,Amoxicilline 500mg,4696.141704298115,2025-09-08,30
MED002,Amoxicilline 500mg,4696.141704298115,2025-09-09,51
MED002,Amoxicilline 500mg,4696.141704298115,2025-09-10,48
MED002,Amoxicilline 500mg,4696.141704298115,2025-09-11,37
MED002,Amoxicilline 500mg,4696.141704298115,2025-09-12,15
MED002,Amoxicilline 500mg,4696.141704298115,2025-09-13,21
MED002,Amoxicilline 500mg,4696.141704298115,2025-09-14,53
MED002,Amoxicilline 500mg,4696.141704298115,2025-09-15,31
MED002,Amoxicilline 500mg,4696.141704298115,2025-09-16,57
MED002,Amoxicilline 500mg,4696.141704298115,2025-09-17,52
MED002,Amoxicilline 500mg,4696.141704298115,2025-09-18,57
MED002,Amoxicilline 500mg,4696.141704298115,2025-09-19,42
MED002,Amoxicilline 500mg,4696.141704298115,2025-09-20,68
MED002,Amoxicilline 500mg,4696.141704298115,2025-09-21,58
MED002,Amoxicilline 500mg,4696.141704298115,2025-09-22,43
MED002,Amoxicilline 500mg,4696.141704298115,2025-09-23,53
MED002,Amoxicilline 500mg,4696.141704298115,2025-09-24,23
MED002,Amoxicilline 500mg,4696.141704298115,2025-09-25,63
MED002,Amoxicilline 500mg,4696.141704298115,2025-09-26,69
MED002,Amoxicilline 500mg,4696.141704298115,2025-09-27,42
MED002,Amoxicilline 500mg,4696.141704298115,2025-09-28,53
MED002,Amoxicilline 500mg,4696.141704298115,2025-09-29,29
MED002,Amoxicilline 500mg,4696.141704298115,2025-09-30,38
MED002,Amoxicilline 500mg,4696.141704298115,2025-10-01,63
MED002,Amoxicilline 500mg,4696.141704298115,2025-10-02,46
MED002,Amoxicilline 500mg,4696.141704298115,2025-10-03,69
MED002,Amoxicilline 500mg,4696.141704298115,2025-10-04,59
MED002,Amoxicilline 500mg,4696.141704298115,2025-10-05,29
MED002,Amoxicilline 500mg,4696.141704298115,2025-10-06,55
MED002,Amoxicilline 500mg,4696.141704298115,2025-10-07,25
MED002,Amoxicilline 500mg,4696.141704298115,2025-10-08,44
MED002,Amoxicilline 500mg,4696.141704298115,2025-10-09,55
MED002,Amoxicilline 500mg,4696.141704298115,2025-10-10,41
MED002,Amoxicilline 500mg,4696.141704298115,2025-10-11,44
MED002,Amoxicilline 500mg,4696.141704298115,2025-10-12,42
MED002,Amoxicilline 500mg,4696.141704298115,2025-10-13,41
MED002,Amoxicilline 500mg,4696.141704298115,2025-10-14,63
MED002,Amoxicilline 500mg,4696.141704298115,2025-10-15,52
MED002,Amoxicilline 500mg,4696.141704298115,2025-10-16,66
MED002,Amoxicilline 500mg,4696.141704298115,2025-10-17,41
MED002,Amoxicilline 500mg,4696.141704298115,2025-10-18,47
MED002,Amoxicilline 500mg,4696.141704298115,2025-10-19,41
MED002,Amoxicilline 500mg,4696.141704298115,2025-10-20,32
MED002,Amoxicilline 500mg,4696.141704298115,2025-10-21,51
MED002,Amoxicilline 500mg,4696.141704298115,2025-10-22,23
MED002,Amoxicilline 500mg,4696.141704298115,2025-10-23,40
MED002,Amoxicilline 500mg,4696.141704298115,2025-10-24,56
MED002,Amoxicilline 500mg,4696.141704298115,2025-10-25,69
MED002,Amoxicilline 500mg,4696.141704298115,2025-10-26,15
MED002,Amoxicilline 500mg,4696.141704298115,2025-10-27,40
MED002,Amoxicilline 500mg,4696.141704298115,2025-10-28,40
MED002,Amoxicilline 500mg,4696.141704298115,2025-10-29,57
MED002,Amoxicilline 500mg,4696.141704298115,2025-10-30,51
MED002,Amoxicilline 500mg,4696.141704298115,2025-10-31,27
MED002,Amoxicilline 500mg,4696.141704298115,2025-11-01,50
MED002,Amoxicilline 500mg,4696.141704298115,2025-11-02,46
MED002,Amoxicilline 500mg,4696.141704298115,2025-11-03,35
MED002,Amoxicilline 500mg,4696.141704298115,2025-11-04,22
MED002,Amoxicilline 500mg,4696.141704298115,2025-11-05,31
MED002,Amoxicilline 500mg,4696.141704298115,2025-11-06,34
MED002,Amoxicilline 500mg,4696.141704298115,2025-11-07,38
MED002,Amoxicilline 500mg,4696.141704298115,2025-11-08,21
MED002,Amoxicilline 500mg,4696.141704298115,2025-11-09,37
MED002,Amoxicilline 500mg,4696.141704298115,2025-11-10,24
MED002,Amoxicilline 500mg,4696.141704298115,2025-11-11,18
MED002,Amoxicilline 500mg,4696.141704298115,2025-11-12,33
MED002,Amoxicilline 500mg,4696.141704298115,2025-11-13,30
MED002,Amoxicilline 500mg,4696.141704298115,2025-11-14,20
MED002,Amoxicilline 500mg,4696.141704298115,2025-11-15,54
MED002,Amoxicilline 500mg,4696.141704298115,2025-11-16,35
MED002,Amoxicilline 500mg,4696.141704298115,2025-11-17,45
MED002,Amoxicilline 500mg,4696.141704298115,2025-11-18,31
MED002,Amoxicilline 500mg,4696.141704298115,2025-11-19,25
MED002,Amoxicilline 500mg,4696.141704298115,2025-11-20,52
MED002,Amoxicilline 500mg,4696.141704298115,2025-11-21,41
MED002,Amoxicilline 500mg,4696.141704298115,2025-11-22,45
MED002,Amoxicilline 500mg,4696.141704298115,2025-11-23,21
MED002,Amoxicilline 500mg,4696.141704298115,2025-11-24,41
MED002,Amoxicilline 500mg,4696.141704298115,2025-11-25,29
MED002,Amoxicilline 500mg,4696.141704298115,2025-11-26,24
MED002,Amoxicilline 500mg,4696.141704298115,2025-11-27,34
MED002,Amoxicilline 500mg,4696.141704298115,2025-11-28,36
MED002,Amoxicilline 500mg,4696.141704298115,2025-11-29,24
MED002,Amoxicilline 500mg,4696.141704298115,2025-11-30,9
MED002,Amoxicilline 500mg,4696.141704298115,2025-12-01,26
MED002,Amoxicilline 500mg,4696.141704298115,2025-12-02,10
MED002,Amoxicilline 500mg,4696.141704298115,2025-12-03,39
MED002,Amoxicilline 500mg,4696.141704298115,2025-12-04,24
MED002,Amoxicilline 500mg,4696.141704298115,2025-12-05,22
MED002,Amoxicilline 500mg,4696.141704298115,2025-12-06,41
MED002,Amoxicilline 500mg,4696.141704298115,2025-12-07,33
MED002,Amoxicilline 500mg,4696.141704298115,2025-12-08,15
MED002,Amoxicilline 500mg,4696.141704298115,2025-12-09,12
MED002,Amoxicilline 500mg,4696.141704298115,2025-12-10,23
MED002,Amoxicilline 500mg,4696.141704298115,2025-12-11,31
MED002,Amoxicilline 500mg,4696.141704298115,2025-12-12,33
MED002,Amoxicilline 500mg,4696.141704298115,2025-12-13,32
MED002,Amoxicilline 500mg,4696.141704298115,2025-12-14,32
MED002,Amoxicilline 500mg,4696.141704298115,2025-12-15,40
MED002,Amoxicilline 500mg,4696.141704298115,2025-12-16,41
MED002,Amoxicilline 500mg,4696.141704298115,2025-12-17,23
MED002,Amoxicilline 500mg,4696.141704298115,2025-12-18,35
MED002,Amoxicilline 500mg,4696.141704298115,2025-12-19,27
MED002,Amoxicilline 500mg,4696.141704298115,2025-12-20,36
MED002,Amoxicilline 500mg,4696.141704298115,2025-12-21,25
MED002,Amoxicilline 500mg,4696.141704298115,2025-12-22,25
MED002,Amoxicilline 500mg,4696.141704298115,2025-12-23,35
MED002,Amoxicilline 500mg,4696.141704298115,2025-12-24,19
MED002,Amoxicilline 500mg,4696.141704298115,2025-12-25,33
MED002,Amoxicilline 500mg,4696.141704298115,2025-12-26,56
MED002,Amoxicilline 500mg,4696.141704298115,2025-12-27,28
MED002,Amoxicilline 500mg,4696.141704298115,2025-12-28,16
MED002,Amoxicilline 500mg,4696.141704298115,2025-12-29,31
MED002,Amoxicilline 500mg,4696.141704298115,2025-12-30,37
MED002,Amoxicilline 500mg,4696.141704298115,2025-12-31,7
MED002,Amoxicilline 500mg,4696.141704298115,2026-01-01,36
MED002,Amoxicilline 500mg,4696.141704298115,2026-01-02,38
MED002,Amoxicilline 500mg,4696.141704298115,2026-01-03,18
MED002,Amoxicilline 500mg,4696.141704298115,2026-01-04,36
MED002,Amoxicilline 500mg,4696.141704298115,2026-01-05,25
MED002,Amoxicilline 500mg,4696.141704298115,2026-01-06,34
MED002,Amoxicilline 500mg,4696.141704298115,2026-01-07,31
MED002,Amoxicilline 500mg,4696.141704298115,2026-01-08,35
MED002,Amoxicilline 500mg,4696.141704298115,2026-01-09,41
MED002,Amoxicilline 500mg,4696.141704298115,2026-01-10,40
MED002,Amoxicilline 500mg,4696.141704298115,2026-01-11,21
MED002,Amoxicilline 500mg,4696.141704298115,2026-01-12,31
MED002,Amoxicilline 500mg,4696.141704298115,2026-01-13,33
MED002,Amoxicilline 500mg,4696.141704298115,2026-01-14,21
MED002,Amoxicilline 500mg,4696.141704298115,2026-01-15,24
MED002,Amoxicilline 500mg,4696.141704298115,2026-01-16,35
MED002,Amoxicilline 500mg,4696.141704298115,2026-01-17,34
MED002,Amoxicilline 500mg,4696.141704298115,2026-01-18,31
MED002,Amoxicilline 500mg,4696.141704298115,2026-01-19,25
MED002,Amoxicilline 500mg,4696.141704298115,2026-01-20,20
MED002,Amoxicilline 500mg,4696.141704298115,2026-01-21,24
MED002,Amoxicilline 500mg,4696.141704298115,2026-01-22,23
MED002,Amoxicilline 500mg,4696.141704298115,2026-01-23,20
MED002,Amoxicilline 500mg,4696.141704298115,2026-01-24,23
MED002,Amoxicilline 500mg,4696.141704298115,2026-01-25,22
MED002,Amoxicilline 500mg,4696.141704298115,2026-01-26,1
MED002,Amoxicilline 500mg,4696.141704298115,2026-01-27,35
MED002,Amoxicilline 500mg,4696.141704298115,2026-01-28,41
MED002,Amoxicilline 500mg,4696.141704298115,2026-01-29,32
MED002,Amoxicilline 500mg,4696.141704298115,2026-01-30,39
MED002,Amoxicilline 500mg,4696.141704298115,2026-01-31,18
MED002,Amoxicilline 500mg,4696.141704298115,2026-02-01,23
MED002,Amoxicilline 500mg,4696.141704298115,2026-02-02,41
MED002,Amoxicilline 500mg,4696.141704298115,2026-02-03,38
MED002,Amoxicilline 500mg,4696.141704298115,2026-02-04,25
MED002,Amoxicilline 500mg,4696.141704298115,2026-02-05,37
MED002,Amoxicilline 500mg,4696.141704298115,2026-02-06,29
MED002,Amoxicilline 500mg,4696.141704298115,2026-02-07,32
MED002,Amoxicilline 500mg,4696.141704298115,2026-02-08,29
MED002,Amoxicilline 500mg,4696.141704298115,2026-02-09,22
MED002,Amoxicilline 500mg,4696.141704298115,2026-02-10,24
MED002,Amoxicilline 500mg,4696.141704298115,2026-02-11,35
MED002,Amoxicilline 500mg,4696.141704298115,2026-02-12,26
MED002,Amoxicilline 500mg,4696.141704298115,2026-02-13,28
MED002,Amoxicilline 500mg,4696.141704298115,2026-02-14,34
MED002,Amoxicilline 500mg,4696.141704298115,2026-02-15,45
MED002,Amoxicilline 500mg,4696.141704298115,2026-02-16,31
MED002,Amoxicilline 500mg,4696.141704298115,2026-02-17,29
MED002,Amoxicilline 500mg,4696.141704298115,2026-02-18,29
MED002,Amoxicilline 500mg,4696.141704298115,2026-02-19,43
MED002,Amoxicilline 500mg,4696.141704298115,2026-02-20,26
MED002,Amoxicilline 500mg,4696.141704298115,2026-02-21,33
MED002,Amoxicilline 500mg,4696.141704298115,2026-02-22,30
MED002,Amoxicilline 500mg,4696.141704298115,2026-02-23,25
MED002,Amoxicilline 500mg,4696.141704298115,2026-02-24,23
MED002,Amoxicilline 500mg,4696.141704298115,2026-02-25,33
MED002,Amoxicilline 500mg,4696.141704298115,2026-02-26,34
MED002,Amoxicilline 500mg,4696.141704298115,2026-02-27,36
MED002,Amoxicilline 500mg,4696.141704298115,2026-02-28,31
MED002,Amoxicilline 500mg,4696.141704298115,2026-03-01,43
MED002,Amoxicilline 500mg,4696.141704298115,2026-03-02,20
MED002,Amoxicilline 500mg,4696.141704298115,2026-03-03,22
MED002,Amoxicilline 500mg,4696.141704298115,2026-03-04,41
MED002,Amoxicilline 500mg,4696.141704298115,2026-03-05,28
MED002,Amoxicilline 500mg,4696.141704298115,2026-03-06,28
MED002,Amoxicilline 500mg,4696.141704298115,2026-03-07,42
MED002,Amoxicilline 500mg,4696.141704298115,2026-03-08,15
MED002,Amoxicilline 500mg,4696.141704298115,2026-03-09,52
MED002,Amoxicilline 500mg,4696.141704298115,2026-03-10,24
MED002,Amoxicilline 500mg,4696.141704298115,2026-03-11,31
MED002,Amoxicilline 500mg,4696.141704298115,2026-03-12,2
MED002,Amoxicilline 500mg,4696.141704298115,2026-03-13,38
MED002,Amoxicilline 500mg,4696.141704298115,2026-03-14,55
MED002,Amoxicilline 500mg,4696.141704298115,2026-03-15,24
MED002,Amoxicilline 500mg,4696.141704298115,2026-03-16,18
MED002,Amoxicilline 500mg,4696.141704298115,2026-03-17,46
MED002,Amoxicilline 500mg,4696.141704298115,2026-03-18,38
MED002,Amoxicilline 500mg,4696.141704298115,2026-03-19,18
MED002,Amoxicilline 500mg,4696.141704298115,2026-03-20,35
MED002,Amoxicilline 500mg,4696.141704298115,2026-03-21,27
MED002,Amoxicilline 500mg,4696.141704298115,2026-03-22,27
MED002,Amoxicilline 500mg,4696.141704298115,2026-03-23,25
MED002,Amoxicilline 500mg,4696.141704298115,2026-03-24,37
MED002,Amoxicilline 500mg,4696.141704298115,2026-03-25,40
MED002,Amoxicilline 500mg,4696.141704298115,2026-03-26,44
MED002,Amoxicilline 500mg,4696.141704298115,2026-03-27,19
MED002,Amoxicilline 500mg,4696.141704298115,2026-03-28,48
MED002,Amoxicilline 500mg,4696.141704298115,2026-03-29,36
MED002,Amoxicilline 500mg,4696.141704298115,2026-03-30,32
MED002,Amoxicilline 500mg,4696.141704298115,2026-03-31,32
MED002,Amoxicilline 500mg,4696.141704298115,2026-04-01,34
MED002,Amoxicilline 500mg,4696.141704298115,2026-04-02,25
MED002,Amoxicilline 500mg,4696.141704298115,2026-04-03,17
MED002,Amoxicilline 500mg,4696.141704298115,2026-04-04,20
MED002,Amoxicilline 500mg,4696.141704298115,2026-04-05,26
MED002,Amoxicilline 500mg,4696.141704298115,2026-04-06,48
MED002,Amoxicilline 500mg,4696.141704298115,2026-04-07,22
MED002,Amoxicilline 500mg,4696.141704298115,2026-04-08,38
MED002,Amoxicilline 500mg,4696.141704298115,2026-04-09,10
MED002,Amoxicilline 500mg,4696.141704298115,2026-04-10,40
MED002,Amoxicilline 500mg,4696.141704298115,2026-04-11,62
MED002,Amoxicilline 500mg,4696.141704298115,2026-04-12,29
MED002,Amoxicilline 500mg,4696.141704298115,2026-04-13,33
MED002,Amoxicilline 500mg,4696.141704298115,2026-04-14,28
MED002,Amoxicilline 500mg,4696.141704298115,2026-04-15,26
MED002,Amoxicilline 500mg,4696.141704298115,2026-04-16,28
MED002,Amoxicilline 500mg,4696.141704298115,2026-04-17,33
MED002,Amoxicilline 500mg,4696.141704298115,2026-04-18,44
MED002,Amoxicilline 500mg,4696.141704298115,2026-04-19,35
MED002,Amoxicilline 500mg,4696.141704298115,2026-04-20,30
MED002,Amoxicilline 500mg,4696.141704298115,2026-04-21,23
MED002,Amoxicilline 500mg,4696.141704298115,2026-04-22,46
MED002,Amoxicilline 500mg,4696.141704298115,2026-04-23,15
MED002,Amoxicilline 500mg,4696.141704298115,2026-04-24,29
MED002,Amoxicilline 500mg,4696.141704298115,2026-04-25,37
MED002,Amoxicilline 500mg,4696.141704298115,2026-04-26,35
MED002,Amoxicilline 500mg,4696.141704298115,2026-04-27,36
MED002,Amoxicilline 500mg,4696.141704298115,2026-04-28,14
MED002,Amoxicilline 500mg,4696.141704298115,2026-04-29,39
MED002,Amoxicilline 500mg,4696.141704298115,2026-04-30,38
MED002,Amoxicilline 500mg,4696.141704298115,2026-05-01,34
MED002,Amoxicilline 500mg,4696.141704298115,2026-05-02,36
MED002,Amoxicilline 500mg,4696.141704298115,2026-05-03,18
MED002,Amoxicilline 500mg,4696.141704298115,2026-05-04,40
MED002,Amoxicilline 500mg,4696.141704298115,2026-05-05,34
MED002,Amoxicilline 500mg,4696.141704298115,2026-05-06,35
MED002,Amoxicilline 500mg,4696.141704298115,2026-05-07,31
MED002,Amoxicilline 500mg,4696.141704298115,2026-05-08,36
MED002,Amoxicilline 500mg,4696.141704298115,2026-05-09,55
MED002,Amoxicilline 500mg,4696.141704298115,2026-05-10,14
MED002,Amoxicilline 500mg,4696.141704298115,2026-05-11,32
MED002,Amoxicilline 500mg,4696.141704298115,2026-05-12,27
MED002,Amoxicilline 500mg,4696.141704298115,2026-05-13,37
MED002,Amoxicilline 500mg,4696.141704298115,2026-05-14,37
MED002,Amoxicilline 500mg,4696.141704298115,2026-05-15,18
MED002,Amoxicilline 500mg,4696.141704298115,2026-05-16,24
MED002,Amoxicilline 500mg,4696.141704298115,2026-05-17,34
MED002,Amoxicilline 500mg,4696.141704298115,2026-05-18,28
MED002,Amoxicilline 500mg,4696.141704298115,2026-05-19,22
MED002,Amoxicilline 500mg,4696.141704298115,2026-05-20,31
MED002,Amoxicilline 500mg,4696.141704298115,2026-05-21,44
MED002,Amoxicilline 500mg,4696.141704298115,2026-05-22,26
MED002,Amoxicilline 500mg,4696.141704298115,2026-05-23,33
MED002,Amoxicilline 500mg,4696.141704298115,2026-05-24,20
MED002,Amoxicilline 500mg,4696.141704298115,2026-05-25,18
MED002,Amoxicilline 500mg,4696.141704298115,2026-05-26,41
MED002,Amoxicilline 500mg,4696.141704298115,2026-05-27,52
MED002,Amoxicilline 500mg,4696.141704298115,2026-05-28,19
MED002,Amoxicilline 500mg,4696.141704298115,2026-05-29,37
MED002,Amoxicilline 500mg,4696.141704298115,2026-05-30,45
MED002,Amoxicilline 500mg,4696.141704298115,2026-05-31,32
MED002,Amoxicilline 500mg,4696.141704298115,2026-06-01,49
MED002,Amoxicilline 500mg,4696.141704298115,2026-06-02,13
MED002,Amoxicilline 500mg,4696.141704298115,2026-06-03,47
MED002,Amoxicilline 500mg,4696.141704298115,2026-06-04,24
MED002,Amoxicilline 500mg,4696.141704298115,2026-06-05,53
MED002,Amoxicilline 500mg,4696.141704298115,2026-06-06,64
MED002,Amoxicilline 500mg,4696.141704298115,2026-06-07,24
MED002,Amoxicilline 500mg,4696.141704298115,2026-06-08,22
MED002,Amoxicilline 500mg,4696.141704298115,2026-06-09,36
MED002,Amoxicilline 500mg,4696.141704298115,2026-06-10,30
MED002,Amoxicilline 500mg,4696.141704298115,2026-06-11,55
MED002,Amoxicilline 500mg,4696.141704298115,2026-06-12,65
MED002,Amoxicilline 500mg,4696.141704298115,2026-06-13,3
MED002,Amoxicilline 500mg,4696.141704298115,2026-06-14,22
MED002,Amoxicilline 500mg,4696.141704298115,2026-06-15,76
MED002,Amoxicilline 500mg,4696.141704298115,2026-06-16,41
MED002,Amoxicilline 500mg,4696.141704298115,2026-06-17,53
MED002,Amoxicilline 500mg,4696.141704298115,2026-06-18,23
MED002,Amoxicilline 500mg,4696.141704298115,2026-06-19,18
MED002,Amoxicilline 500mg,4696.141704298115,2026-06-20,46
MED002,Amoxicilline 500mg,4696.141704298115,2026-06-21,35
MED002,Amoxicilline 500mg,4696.141704298115,2026-06-22,33
MED002,Amoxicilline 500mg,4696.141704298115,2026-06-23,65
MED002,Amoxicilline 500mg,4696.141704298115,2026-06-24,30
MED002,Amoxicilline 500mg,4696.141704298115,2026-06-25,33
MED002,Amoxicilline 500mg,4696.141704298115,2026-06-26,42
MED002,Amoxicilline 500mg,4696.141704298115,2026-06-27,45
MED002,Amoxicilline 500mg,4696.141704298115,2026-06-28,66
MED002,Amoxicilline 500mg,4696.141704298115,2026-06-29,42
MED002,Amoxicilline 500mg,4696.141704298115,2026-06-30,66
MED002,Amoxicilline 500mg,4696.141704298115,2026-07-01,40
MED002,Amoxicilline 500mg,4696.141704298115,2026-07-02,47
MED002,Amoxicilline 500mg,4696.141704298115,2026-07-03,50
MED002,Amoxicilline 500mg,4696.141704298115,2026-07-04,43
MED002,Amoxicilline 500mg,4696.141704298115,2026-07-05,34
MED002,Amoxicilline 500mg,4696.141704298115,2026-07-06,55
MED002,Amoxicilline 500mg,4696.141704298115,2026-07-07,37
MED002,Amoxicilline 500mg,4696.141704298115,2026-07-08,57
MED002,Amoxicilline 500mg,4696.141704298115,2026-07-09,68
MED002,Amoxicilline 500mg,4696.141704298115,2026-07-10,57
MED002,Amoxicilline 500mg,4696.141704298115,2026-07-11,45
MED002,Amoxicilline 500mg,4696.141704298115,2026-07-12,47
MED002,Amoxicilline 500mg,4696.141704298115,2026-07-13,54
MED002,Amoxicilline 500mg,4696.141704298115,2026-07-14,52
MED002,Amoxicilline 500mg,4696.141704298115,2026-07-15,30
MED002,Amoxicilline 500mg,4696.141704298115,2026-07-16,42
MED002,Amoxicilline 500mg,4696.141704298115,2026-07-17,60
MED002,Amoxicilline 500mg,4696.141704298115,2026-07-18,58
MED002,Amoxicilline 500mg,4696.141704298115,2026-07-19,50
MED002,Amoxicilline 500mg,4696.141704298115,2026-07-20,35
MED002,Amoxicilline 500mg,4696.141704298115,2026-07-21,36
MED002,Amoxicilline 500mg,4696.141704298115,2026-07-22,23
MED002,Amoxicilline 500mg,4696.141704298115,2026-07-23,36
MED002,Amoxicilline 500mg,4696.141704298115,2026-07-24,46
MED002,Amoxicilline 500mg,4696.141704298115,2026-07-25,45
MED002,Amoxicilline 500mg,4696.141704298115,2026-07-26,31
MED002,Amoxicilline 500mg,4696.141704298115,2026-07-27,33
MED002,Amoxicilline 500mg,4696.141704298115,2026-07-28,39
MED002,Amoxicilline 500mg,4696.141704298115,2026-07-29,39
MED002,Amoxicilline 500mg,4696.141704298115,2026-07-30,44
MED002,Amoxicilline 500mg,4696.141704298115,2026-07-31,27
MED002,Amoxicilline 500mg,4696.141704298115,2026-08-01,47
MED002,Amoxicilline 500mg,4696.141704298115,2026-08-02,57
MED002,Amoxicilline 500mg,4696.141704298115,2026-08-03,17
MED002,Amoxicilline 500mg,4696.141704298115,2026-08-04,50
MED002,Amoxicilline 500mg,4696.141704298115,2026-08-05,43
MED002,Amoxicilline 500mg,4696.141704298115,2026-08-06,52
MED002,Amoxicilline 500mg,4696.141704298115,2026-08-07,46
MED002,Amoxicilline 500mg,4696.141704298115,2026-08-08,52
MED002,Amoxicilline 500mg,4696.141704298115,2026-08-09,35
MED002,Amoxicilline 500mg,4696.141704298115,2026-08-10,71
MED002,Amoxicilline 500mg,4696.141704298115,2026-08-11,13
MED002,Amoxicilline 500mg,4696.141704298115,2026-08-12,55
MED002,Amoxicilline 500mg,4696.141704298115,2026-08-13,74
MED002,Amoxicilline 500mg,4696.141704298115,2026-08-14,42
MED002,Amoxicilline 500mg,4696.141704298115,2026-08-15,38
MED002,Amoxicilline 500mg,4696.141704298115,2026-08-16,54
MED002,Amoxicilline 500mg,4696.141704298115,2026-08-17,25
MED002,Amoxicilline 500mg,4696.141704298115,2026-08-18,51
MED003,Ibuprofène 400mg,4914.917214176922,2025-08-19,94
MED003,Ibuprofène 400mg,4914.917214176922,2025-08-20,67
MED003,Ibuprofène 400mg,4914.917214176922,2025-08-21,120
MED003,Ibuprofène 400mg,4914.917214176922,2025-08-22,58
MED003,Ibuprofène 400mg,4914.917214176922,2025-08-23,121
MED003,Ibuprofène 400mg,4914.917214176922,2025-08-24,75
MED003,Ibuprofène 400mg,4914.917214176922,2025-08-25,72
MED003,Ibuprofène 400mg,4914.917214176922,2025-08-26,58
MED003,Ibuprofène 400mg,4914.917214176922,2025-08-27,51
MED003,Ibuprofène 400mg,4914.917214176922,2025-08-28,74
MED003,Ibuprofène 400mg,4914.917214176922,2025-08-29,108
MED003,Ibuprofène 400mg,4914.917214176922,2025-08-30,59
MED003,Ibuprofène 400mg,4914.917214176922,2025-08-31,111
MED003,Ibuprofène 400mg,4914.917214176922,2025-09-01,85
MED003,Ibuprofène 400mg,4914.917214176922,2025-09-02,109
MED003,Ibuprofène 400mg,4914.917214176922,2025-09-03,112
MED003,Ibuprofène 400mg,4914.917214176922,2025-09-04,47
MED003,Ibuprofène 400mg,4914.917214176922,2025-09-05,91
MED003,Ibuprofène 400mg,4914.917214176922,2025-09-06,100
MED003,Ibuprofène 400mg,4914.917214176922,2025-09-07,75
MED003,Ibuprofène 400mg,4914.917214176922,2025-09-08,89
MED003,Ibuprofène 400mg,4914.917214176922,2025-09-09,75
MED003,Ibuprofène 400mg,4914.917214176922,2025-09-10,76
MED003,Ibuprofène 400mg,4914.917214176922,2025-09-11,47
MED003,Ibuprofène 400mg,4914.917214176922,2025-09-12,79
MED003,Ibuprofène 400mg,4914.917214176922,2025-09-13,87
MED003,Ibuprofène 400mg,4914.917214176922,2025-09-14,99
MED003,Ibuprofène 400mg,4914.917214176922,2025-09-15,78
MED003,Ibuprofène 400mg,4914.917214176922,2025-09-16,54
MED003,Ibuprofène 400mg,4914.917214176922,2025-09-17,108
MED003,Ibuprofène 400mg,4914.917214176922,2025-09-18,110
MED003,Ibuprofène 400mg,4914.917214176922,2025-09-19,104
MED003,Ibuprofène 400mg,4914.917214176922,2025-09-20,119
MED003,Ibuprofène 400mg,4914.917214176922,2025-09-21,73
MED003,Ibuprofène 400mg,4914.917214176922,2025-09-22,106
MED003,Ibuprofène 400mg,4914.917214176922,2025-09-23,115
MED003,Ibuprofène 400mg,4914.917214176922,2025-09-24,112
MED003,Ibuprofène 400mg,4914.917214176922,2025-09-25,73
MED003,Ibuprofène 400mg,4914.917214176922,2025-09-26,110
MED003,Ibuprofène 400mg,4914.917214176922,2025-09-27,154
MED003,Ibuprofène 400mg,4914.917214176922,2025-09-28,97
MED003,Ibuprofène 400mg,4914.917214176922,2025-09-29,103
MED003,Ibuprofène 400mg,4914.917214176922,2025-09-30,1
MED003,Ibuprofène 400mg,4914.917214176922,2025-10-01,60
MED003,Ibuprofène 400mg,4914.917214176922,2025-10-02,76
MED003,Ibuprofène 400mg,4914.917214176922,2025-10-03,105
MED003,Ibuprofène 400mg,4914.917214176922,2025-10-04,56
MED003,Ibuprofène 400mg,4914.917214176922,2025-10-05,77
MED003,Ibuprofène 400mg,4914.917214176922,2025-10-06,86
MED003,Ibuprofène 400mg,4914.917214176922,2025-10-07,71
MED003,Ibuprofène 400mg,4914.917214176922,2025-10-08,84
MED003,Ibuprofène 400mg,4914.917214176922,2025-10-09,124
MED003,Ibuprofène 400mg,4914.917214176922,2025-10-10,32
MED003,Ibuprofène 400mg,4914.917214176922,2025-10-11,120
MED003,Ibuprofène 400mg,4914.917214176922,2025-10-12,76
MED003,Ibuprofène 400mg,4914.917214176922,2025-10-13,67
MED003,Ibuprofène 400mg,4914.917214176922,2025-10-14,31
MED003,Ibuprofène 400mg,4914.917214176922,2025-10-15,64
MED003,Ibuprofène 400mg,4914.917214176922,2025-10-16,92
MED003,Ibuprofène 400mg,4914.917214176922,2025-10-17,102
MED003,Ibuprofène 400mg,4914.917214176922,2025-10-18,126
MED003,Ibuprofène 400mg,4914.917214176922,2025-10-19,106
MED003,Ibuprofène 400mg,4914.917214176922,2025-10-20,61
MED003,Ibuprofène 400mg,4914.917214176922,2025-10-21,87
MED003,Ibuprofène 400mg,4914.917214176922,2025-10-22,72
MED003,Ibuprofène 400mg,4914.917214176922,2025-10-23,47
MED003,Ibuprofène 400mg,4914.917214176922,2025-10-24,67
MED003,Ibuprofène 400mg,4914.917214176922,2025-10-25,103
MED003,Ibuprofène 400mg,4914.917214176922,2025-10-26,75
MED003,Ibuprofène 400mg,4914.917214176922,2025-10-27,85
MED003,Ibuprofène 400mg,4914.917214176922,2025-10-28,94
MED003,Ibuprofène 400mg,4914.917214176922,2025-10-29,91
MED003,Ibuprofène 400mg,4914.917214176922,2025-10-30,62
MED003,Ibuprofène 400mg,4914.917214176922,2025-10-31,69
MED003,Ibuprofène 400mg,4914.917214176922,2025-11-01,48
MED003,Ibuprofène 400mg,4914.917214176922,2025-11-02,90
MED003,Ibuprofène 400mg,4914.917214176922,2025-11-03,73
MED003,Ibuprofène 400mg,4914.917214176922,2025-11-04,51
MED003,Ibuprofène 400mg,4914.917214176922,2025-11-05,68
MED003,Ibuprofène 400mg,4914.917214176922,2025-11-06,69
MED003,Ibuprofène 400mg,4914.917214176922,2025-11-07,66
MED003,Ibuprofène 400mg,4914.917214176922,2025-11-08,52
MED003,Ibuprofène 400mg,4914.917214176922,2025-11-09,38
MED003,Ibuprofène 400mg,4914.917214176922,2025-11-10,60
MED003,Ibuprofène 400mg,4914.917214176922,2025-11-11,49
MED003,Ibuprofène 400mg,4914.917214176922,2025-11-12,29
MED003,Ibuprofène 400mg,4914.917214176922,2025-11-13,42
MED003,Ibuprofène 400mg,4914.917214176922,2025-11-14,61
MED003,Ibuprofène 400mg,4914.917214176922,2025-11-15,43
MED003,Ibuprofène 400mg,4914.917214176922,2025-11-16,66
MED003,Ibuprofène 400mg,4914.917214176922,2025-11-17,80
MED003,Ibuprofène 400mg,4914.917214176922,2025-11-18,28
MED003,Ibuprofène 400mg,4914.917214176922,2025-11-19,49
MED003,Ibuprofène 400mg,4914.917214176922,2025-11-20,34
MED003,Ibuprofène 400mg,4914.917214176922,2025-11-21,37
MED003,Ibuprofène 400mg,4914.917214176922,2025-11-22,67
MED003,Ibuprofène 400mg,4914.917214176922,2025-11-23,51
MED003,Ibuprofène 400mg,4914.917214176922,2025-11-24,54
MED003,Ibuprofène 400mg,4914.917214176922,2025-11-25,43
MED003,Ibuprofène 400mg,4914.917214176922,2025-11-26,55
MED003,Ibuprofène 400mg,4914.917214176922,2025-11-27,54
MED003,Ibuprofène 400mg,4914.917214176922,2025-11-28,41
MED003,Ibuprofène 400mg,4914.917214176922,2025-11-29,80
MED003,Ibuprofène 400mg,4914.917214176922,2025-11-30,71
MED003,Ibuprofène 400mg,4914.917214176922,2025-12-01,36
MED003,Ibuprofène 400mg,4914.917214176922,2025-12-02,88
MED003,Ibuprofène 400mg,4914.917214176922,2025-12-03,57
MED003,Ibuprofène 400mg,4914.917214176922,2025-12-04,83
MED003,Ibuprofène 400mg,4914.917214176922,2025-12-05,42
MED003,Ibuprofène 400mg,4914.917214176922,2025-12-06,30
MED003,Ibuprofène 400mg,4914.917214176922,2025-12-07,38
MED003,Ibuprofène 400mg,4914.917214176922,2025-12-08,51
MED003,Ibuprofène 400mg,4914.917214176922,2025-12-09,60
MED003,Ibuprofène 400mg,4914.917214176922,2025-12-10,77
MED003,Ibuprofène 400mg,4914.917214176922,2025-12-11,40
MED003,Ibuprofène 400mg,4914.917214176922,2025-12-12,78
MED003,Ibuprofène 400mg,4914.917214176922,2025-12-13,59
MED003,Ibuprofène 400mg,4914.917214176922,2025-12-14,65
MED003,Ibuprofène 400mg,4914.917214176922,2025-12-15,71
MED003,Ibuprofène 400mg,4914.917214176922,2025-12-16,36
MED003,Ibuprofène 400mg,4914.917214176922,2025-12-17,77
MED003,Ibuprofène 400mg,4914.917214176922,2025-12-18,89
MED003,Ibuprofène 400mg,4914.917214176922,2025-12-19,82
MED003,Ibuprofène 400mg,4914.917214176922,2025-12-20,91
MED003,Ibuprofène 400mg,4914.917214176922,2025-12-21,65
MED003,Ibuprofène 400mg,4914.917214176922,2025-12-22,59
MED003,Ibuprofène 400mg,4914.917214176922,2025-12-23,67
MED003,Ibuprofène 400mg,4914.917214176922,2025-12-24,90
MED003,Ibuprofène 400mg,4914.917214176922,2025-12-25,47
MED003,Ibuprofène 400mg,4914.917214176922,2025-12-26,24
MED003,Ibuprofène 400mg,4914.917214176922,2025-12-27,67
MED003,Ibuprofène 400mg,4914.917214176922,2025-12-28,83
MED003,Ibuprofène 400mg,4914.917214176922,2025-12-29,73
MED003,Ibuprofène 400mg,4914.917214176922,2025-12-30,62
MED003,Ibuprofène 400mg,4914.917214176922,2025-12-31,45
MED003,Ibuprofène 400mg,4914.917214176922,2026-01-01,66
MED003,Ibuprofène 400mg,4914.917214176922,2026-01-02,65
MED003,Ibuprofène 400mg,4914.917214176922,2026-01-03,66
MED003,Ibuprofène 400mg,4914.917214176922,2026-01-04,37
MED003,Ibuprofène 400mg,4914.917214176922,2026-01-05,68
MED003,Ibuprofène 400mg,4914.917214176922,2026-01-06,88
MED003,Ibuprofène 400mg,4914.917214176922,2026-01-07,42
MED003,Ibuprofène 400mg,4914.917214176922,2026-01-08,52
MED003,Ibuprofène 400mg,4914.917214176922,2026-01-09,61
MED003,Ibuprofène 400mg,4914.917214176922,2026-01-10,77
MED003,Ibuprofène 400mg,4914.917214176922,2026-01-11,89
MED003,Ibuprofène 400mg,4914.917214176922,2026-01-12,106
MED003,Ibuprofène 400mg,4914.917214176922,2026-01-13,52
MED003,Ibuprofène 400mg,4914.917214176922,2026-01-14,70
MED003,Ibuprofène 400mg,4914.917214176922,2026-01-15,62
MED003,Ibuprofène 400mg,4914.917214176922,2026-01-16,36
MED003,Ibuprofène 400mg,4914.917214176922,2026-01-17,53
MED003,Ibuprofène 400mg,4914.917214176922,2026-01-18,74
MED003,Ibuprofène 400mg,4914.917214176922,2026-01-19,62
MED003,Ibuprofène 400mg,4914.917214176922,2026-01-20,57
MED003,Ibuprofène 400mg,4914.917214176922,2026-01-21,51
MED003,Ibuprofène 400mg,4914.917214176922,2026-01-22,26
MED003,Ibuprofène 400mg,4914.917214176922,2026-01-23,36
MED003,Ibuprofène 400mg,4914.917214176922,2026-01-24,43
MED003,Ibuprofène 400mg,4914.917214176922,2026-01-25,48
MED003,Ibuprofène 400mg,4914.917214176922,2026-01-26,44
MED003,Ibuprofène 400mg,4914.917214176922,2026-01-27,50
MED003,Ibuprofène 400mg,4914.917214176922,2026-01-28,62
MED003,Ibuprofène 400mg,4914.917214176922,2026-01-29,75
MED003,Ibuprofène 400mg,4914.917214176922,2026-01-30,40
MED003,Ibuprofène 400mg,4914.917214176922,2026-01-31,56
MED003,Ibuprofène 400mg,4914.917214176922,2026-02-01,41
MED003,Ibuprofène 400mg,4914.917214176922,2026-02-02,16
MED003,Ibuprofène 400mg,4914.917214176922,2026-02-03,55
MED003,Ibuprofène 400mg,4914.917214176922,2026-02-04,53
MED003,Ibuprofène 400mg,4914.917214176922,2026-02-05,57
MED003,Ibuprofène 400mg,4914.917214176922,2026-02-06,87
MED003,Ibuprofène 400mg,4914.917214176922,2026-02-07,65
MED003,Ibuprofène 400mg,4914.917214176922,2026-02-08,31
MED003,Ibuprofène 400mg,4914.917214176922,2026-02-09,50
MED003,Ibuprofène 400mg,4914.917214176922,2026-02-10,69
MED003,Ibuprofène 400mg,4914.917214176922,2026-02-11,60
MED003,Ibuprofène 400mg,4914.917214176922,2026-02-12,44
MED003,Ibuprofène 400mg,4914.917214176922,2026-02-13,85
MED003,Ibuprofène 400mg,4914.917214176922,2026-02-14,50
MED003,Ibuprofène 400mg,4914.917214176922,2026-02-15,51
MED003,Ibuprofène 400mg,4914.917214176922,2026-02-16,47
MED003,Ibuprofène 400mg,4914.917214176922,2026-02-17,16
MED003,Ibuprofène 400mg,4914.917214176922,2026-02-18,92
MED003,Ibuprofène 400mg,4914.917214176922,2026-02-19,56
MED003,Ibuprofène 400mg,4914.917214176922,2026-02-20,54
MED003,Ibuprofène 400mg,4914.917214176922,2026-02-21,87
MED003,Ibuprofène 400mg,4914.917214176922,2026-02-22,33
MED003,Ibuprofène 400mg,4914.917214176922,2026-02-23,17
MED003,Ibuprofène 400mg,4914.917214176922,2026-02-24,82
MED003,Ibuprofène 400mg,4914.917214176922,2026-02-25,58
MED003,Ibuprofène 400mg,4914.917214176922,2026-02-26,33
MED003,Ibuprofène 400mg,4914.917214176922,2026-02-27,58
MED003,Ibuprofène 400mg,4914.917214176922,2026-02-28,53
MED003,Ibuprofène 400mg,4914.917214176922,2026-03-01,87
MED003,Ibuprofène 400mg,4914.917214176922,2026-03-02,84
MED003,Ibuprofène 400mg,4914.917214176922,2026-03-03,48
MED003,Ibuprofène 400mg,4914.917214176922,2026-03-04,65
MED003,Ibuprofène 400mg,4914.917214176922,2026-03-05,52
MED003,Ibuprofène 400mg,4914.917214176922,2026-03-06,59
MED003,Ibuprofène 400mg,4914.917214176922,2026-03-07,61
MED003,Ibuprofène 400mg,4914.917214176922,2026-03-08,73
MED003,Ibuprofène 400mg,4914.917214176922,2026-03-09,47
MED003,Ibuprofène 400mg,4914.917214176922,2026-03-10,42
MED003,Ibuprofène 400mg,4914.917214176922,2026-03-11,87
MED003,Ibuprofène 400mg,4914.917214176922,2026-03-12,42
MED003,Ibuprofène 400mg,4914.917214176922,2026-03-13,25
MED003,Ibuprofène 400mg,4914.917214176922,2026-03-14,63
MED003,Ibuprofène 400mg,4914.917214176922,2026-03-15,38
MED003,Ibuprofène 400mg,4914.917214176922,2026-03-16,74
MED003,Ibuprofène 400mg,4914.917214176922,2026-03-17,77
MED003,Ibuprofène 400mg,4914.917214176922,2026-03-18,70
MED003,Ibuprofène 400mg,4914.917214176922,2026-03-19,15
MED003,Ibuprofène 400mg,4914.917214176922,2026-03-20,57
MED003,Ibuprofène 400mg,4914.917214176922,2026-03-21,72
MED003,Ibuprofène 400mg,4914.917214176922,2026-03-22,68
MED003,Ibuprofène 400mg,4914.917214176922,2026-03-23,90
MED003,Ibuprofène 400mg,4914.917214176922,2026-03-24,59
MED003,Ibuprofène 400mg,4914.917214176922,2026-03-25,59
MED003,Ibuprofène 400mg,4914.917214176922,2026-03-26,56
MED003,Ibuprofène 400mg,4914.917214176922,2026-03-27,43
MED003,Ibuprofène 400mg,4914.917214176922,2026-03-28,60
MED003,Ibuprofène 400mg,4914.917214176922,2026-03-29,80
MED003,Ibuprofène 400mg,4914.917214176922,2026-03-30,55
MED003,Ibuprofène 400mg,4914.917214176922,2026-03-31,69
MED003,Ibuprofène 400mg,4914.917214176922,2026-04-01,63
MED003,Ibuprofène 400mg,4914.917214176922,2026-04-02,54
MED003,Ibuprofène 400mg,4914.917214176922,2026-04-03,53
MED003,Ibuprofène 400mg,4914.917214176922,2026-04-04,40
MED003,Ibuprofène 400mg,4914.917214176922,2026-04-05,62
MED003,Ibuprofène 400mg,4914.917214176922,2026-04-06,60
MED003,Ibuprofène 400mg,4914.917214176922,2026-04-07,61
MED003,Ibuprofène 400mg,4914.917214176922,2026-04-08,56
MED003,Ibuprofène 400mg,4914.917214176922,2026-04-09,71
MED003,Ibuprofène 400mg,4914.917214176922,2026-04-10,48
MED003,Ibuprofène 400mg,4914.917214176922,2026-04-11,65
MED003,Ibuprofène 400mg,4914.917214176922,2026-04-12,58
MED003,Ibuprofène 400mg,4914.917214176922,2026-04-13,52
MED003,Ibuprofène 400mg,4914.917214176922,2026-04-14,51
MED003,Ibuprofène 400mg,4914.917214176922,2026-04-15,71
MED003,Ibuprofène 400mg,4914.917214176922,2026-04-16,45
MED003,Ibuprofène 400mg,4914.917214176922,2026-04-17,24
MED003,Ibuprofène 400mg,4914.917214176922,2026-04-18,93
MED003,Ibuprofène 400mg,4914.917214176922,2026-04-19,71
MED003,Ibuprofène 400mg,4914.917214176922,2026-04-20,64
MED003,Ibuprofène 400mg,4914.917214176922,2026-04-21,69
MED003,Ibuprofène 400mg,4914.917214176922,2026-04-22,72
MED003,Ibuprofène 400mg,4914.917214176922,2026-04-23,63
MED003,Ibuprofène 400mg,4914.917214176922,2026-04-24,63
MED003,Ibuprofène 400mg,4914.917214176922,2026-04-25,73
MED003,Ibuprofène 400mg,4914.917214176922,2026-04-26,47
MED003,Ibuprofène 400mg,4914.917214176922,2026-04-27,34
MED003,Ibuprofène 400mg,4914.917214176922,2026-04-28,55
MED003,Ibuprofène 400mg,4914.917214176922,2026-04-29,85
MED003,Ibuprofène 400mg,4914.917214176922,2026-04-30,33
MED003,Ibuprofène 400mg,4914.917214176922,2026-05-01,76
MED003,Ibuprofène 400mg,4914.917214176922,2026-05-02,36
MED003,Ibuprofène 400mg,4914.917214176922,2026-05-03,68
MED003,Ibuprofène 400mg,4914.917214176922,2026-05-04,58
MED003,Ibuprofène 400mg,4914.917214176922,2026-05-05,55
MED003,Ibuprofène 400mg,4914.917214176922,2026-05-06,65
MED003,Ibuprofène 400mg,4914.917214176922,2026-05-07,60
MED003,Ibuprofène 400mg,4914.917214176922,2026-05-08,48
MED003,Ibuprofène 400mg,4914.917214176922,2026-05-09,62
MED003,Ibuprofène 400mg,4914.917214176922,2026-05-10,68
MED003,Ibuprofène 400mg,4914.917214176922,2026-05-11,35
MED003,Ibuprofène 400mg,4914.917214176922,2026-05-12,44
MED003,Ibuprofène 400mg,4914.917214176922,2026-05-13,56
MED003,Ibuprofène 400mg,4914.917214176922,2026-05-14,56
MED003,Ibuprofène 400mg,4914.917214176922,2026-05-15,43
MED003,Ibuprofène 400mg,4914.917214176922,2026-05-16,73
MED003,Ibuprofène 400mg,4914.917214176922,2026-05-17,61
MED003,Ibuprofène 400mg,4914.917214176922,2026-05-18,29
MED003,Ibuprofène 400mg,4914.917214176922,2026-05-19,74
MED003,Ibuprofène 400mg,4914.917214176922,2026-05-20,42
MED003,Ibuprofène 400mg,4914.917214176922,2026-05-21,73
MED003,Ibuprofène 400mg,4914.917214176922,2026-05-22,35
MED003,Ibuprofène 400mg,4914.917214176922,2026-05-23,98
MED003,Ibuprofène 400mg,4914.917214176922,2026-05-24,63
MED003,Ibuprofène 400mg,4914.917214176922,2026-05-25,51
MED003,Ibuprofène 400mg,4914.917214176922,2026-05-26,67
MED003,Ibuprofène 400mg,4914.917214176922,2026-05-27,82
MED003,Ibuprofène 400mg,4914.917214176922,2026-05-28,56
MED003,Ibuprofène 400mg,4914.917214176922,2026-05-29,53
MED003,Ibuprofène 400mg,4914.917214176922,2026-05-30,73
MED003,Ibuprofène 400mg,4914.917214176922,2026-05-31,40
MED003,Ibuprofène 400mg,4914.917214176922,2026-06-01,79
MED003,Ibuprofène 400mg,4914.917214176922,2026-06-02,84
MED003,Ibuprofène 400mg,4914.917214176922,2026-06-03,89
MED003,Ibuprofène 400mg,4914.917214176922,2026-06-04,46
MED003,Ibuprofène 400mg,4914.917214176922,2026-06-05,106
MED003,Ibuprofène 400mg,4914.917214176922,2026-06-06,77
MED003,Ibuprofène 400mg,4914.917214176922,2026-06-07,86
MED003,Ibuprofène 400mg,4914.917214176922,2026-06-08,95
MED003,Ibuprofène 400mg,4914.917214176922,2026-06-09,118
MED003,Ibuprofène 400mg,4914.917214176922,2026-06-10,66
MED003,Ibuprofène 400mg,4914.917214176922,2026-06-11,71
MED003,Ibuprofène 400mg,4914.917214176922,2026-06-12,76
MED003,Ibuprofène 400mg,4914.917214176922,2026-06-13,101
MED003,Ibuprofène 400mg,4914.917214176922,2026-06-14,64
MED003,Ibuprofène 400mg,4914.917214176922,2026-06-15,96
MED003,Ibuprofène 400mg,4914.917214176922,2026-06-16,110
MED003,Ibuprofène 400mg,4914.917214176922,2026-06-17,88
MED003,Ibuprofène 400mg,4914.917214176922,2026-06-18,73
MED003,Ibuprofène 400mg,4914.917214176922,2026-06-19,65
MED003,Ibuprofène 400mg,4914.917214176922,2026-06-20,90
MED003,Ibuprofène 400mg,4914.917214176922,2026-06-21,86
MED003,Ibuprofène 400mg,4914.917214176922,2026-06-22,84
MED003,Ibuprofène 400mg,4914.917214176922,2026-06-23,30
MED003,Ibuprofène 400mg,4914.917214176922,2026-06-24,81
MED003,Ibuprofène 400mg,4914.917214176922,2026-06-25,98
MED003,Ibuprofène 400mg,4914.917214176922,2026-06-26,139
MED003,Ibuprofène 400mg,4914.917214176922,2026-06-27,103
MED003,Ibuprofène 400mg,4914.917214176922,2026-06-28,148
MED003,Ibuprofène 400mg,4914.917214176922,2026-06-29,98
MED003,Ibuprofène 400mg,4914.917214176922,2026-06-30,69
MED003,Ibuprofène 400mg,4914.917214176922,2026-07-01,59
MED003,Ibuprofène 400mg,4914.917214176922,2026-07-02,109
MED003,Ibuprofène 400mg,4914.917214176922,2026-07-03,61
MED003,Ibuprofène 400mg,4914.917214176922,2026-07-04,59
MED003,Ibuprofène 400mg,4914.917214176922,2026-07-05,117
MED003,Ibuprofène 400mg,4914.917214176922,2026-07-06,66
MED003,Ibuprofène 400mg,4914.917214176922,2026-07-07,94
MED003,Ibuprofène 400mg,4914.917214176922,2026-07-08,52
MED003,Ibuprofène 400mg,4914.917214176922,2026-07-09,82
MED003,Ibuprofène 400mg,4914.917214176922,2026-07-10,75
MED003,Ibuprofène 400mg,4914.917214176922,2026-07-11,92
MED003,Ibuprofène 400mg,4914.917214176922,2026-07-12,52
MED003,Ibuprofène 400mg,4914.917214176922,2026-07-13,98
MED003,Ibuprofène 400mg,4914.917214176922,2026-07-14,62
MED003,Ibuprofène 400mg,4914.917214176922,2026-07-15,64
MED003,Ibuprofène 400mg,4914.917214176922,2026-07-16,61
MED003,Ibuprofène 400mg,4914.917214176922,2026-07-17,91
MED003,Ibuprofène 400mg,4914.917214176922,2026-07-18,103
MED003,Ibuprofène 400mg,4914.917214176922,2026-07-19,90
MED003,Ibuprofène 400mg,4914.917214176922,2026-07-20,106
MED003,Ibuprofène 400mg,4914.917214176922,2026-07-21,84
MED003,Ibuprofène 400mg,4914.917214176922,2026-07-22,80
MED003,Ibuprofène 400mg,4914.917214176922,2026-07-23,84
MED003,Ibuprofène 400mg,4914.917214176922,2026-07-24,111
MED003,Ibuprofène 400mg,4914.917214176922,2026-07-25,116
MED003,Ibuprofène 400mg,4914.917214176922,2026-07-26,121
MED003,Ibuprofène 400mg,4914.917214176922,2026-07-27,99
MED003,Ibuprofène 400mg,4914.917214176922,2026-07-28,114
MED003,Ibuprofène 400mg,4914.917214176922,2026-07-29,110
MED003,Ibuprofène 400mg,4914.917214176922,2026-07-30,45
MED003,Ibuprofène 400mg,4914.917214176922,2026-07-31,94
MED003,Ibuprofène 400mg,4914.917214176922,2026-08-01,123
MED003,Ibuprofène 400mg,4914.917214176922,2026-08-02,108
MED003,Ibuprofène 400mg,4914.917214176922,2026-08-03,41
MED003,Ibuprofène 400mg,4914.917214176922,2026-08-04,68
MED003,Ibuprofène 400mg,4914.917214176922,2026-08-05,58
MED003,Ibuprofène 400mg,4914.917214176922,2026-08-06,65
MED003,Ibuprofène 400mg,4914.917214176922,2026-08-07,34
MED003,Ibuprofène 400mg,4914.917214176922,2026-08-08,112
MED003,Ibuprofène 400mg,4914.917214176922,2026-08-09,60
MED003,Ibuprofène 400mg,4914.917214176922,2026-08-10,114
MED003,Ibuprofène 400mg,4914.917214176922,2026-08-11,99
MED003,Ibuprofène 400mg,4914.917214176922,2026-08-12,93
MED003,Ibuprofène 400mg,4914.917214176922,2026-08-13,78
MED003,Ibuprofène 400mg,4914.917214176922,2026-08-14,73
MED003,Ibuprofène 400mg,4914.917214176922,2026-08-15,98
MED003,Ibuprofène 400mg,4914.917214176922,2026-08-16,110
MED003,Ibuprofène 400mg,4914.917214176922,2026-08-17,111
MED003,Ibuprofène 400mg,4914.917214176922,2026-08-18,104
MED004,Arthéméther 20mg,663.0374003399397,2025-08-19,39
MED004,Arthéméther 20mg,663.0374003399397,2025-08-20,39
MED004,Arthéméther 20mg,663.0374003399397,2025-08-21,59
MED004,Arthéméther 20mg,663.0374003399397,2025-08-22,31
MED004,Arthéméther 20mg,663.0374003399397,2025-08-23,41
MED004,Arthéméther 20mg,663.0374003399397,2025-08-24,50
MED004,Arthéméther 20mg,663.0374003399397,2025-08-25,46
MED004,Arthéméther 20mg,663.0374003399397,2025-08-26,28
MED004,Arthéméther 20mg,663.0374003399397,2025-08-27,37
MED004,Arthéméther 20mg,663.0374003399397,2025-08-28,32
MED004,Arthéméther 20mg,663.0374003399397,2025-08-29,32
MED004,Arthéméther 20mg,663.0374003399397,2025-08-30,47
MED004,Arthéméther 20mg,663.0374003399397,2025-08-31,37
MED004,Arthéméther 20mg,663.0374003399397,2025-09-01,26
MED004,Arthéméther 20mg,663.0374003399397,2025-09-02,37
MED004,Arthéméther 20mg,663.0374003399397,2025-09-03,32
MED004,Arthéméther 20mg,663.0374003399397,2025-09-04,40
MED004,Arthéméther 20mg,663.0374003399397,2025-09-05,34
MED004,Arthéméther 20mg,663.0374003399397,2025-09-06,68
MED004,Arthéméther 20mg,663.0374003399397,2025-09-07,41
MED004,Arthéméther 20mg,663.0374003399397,2025-09-08,39
MED004,Arthéméther 20mg,663.0374003399397,2025-09-09,43
MED004,Arthéméther 20mg,663.0374003399397,2025-09-10,38
MED004,Arthéméther 20mg,663.0374003399397,2025-09-11,44
MED004,Arthéméther 20mg,663.0374003399397,2025-09-12,34
MED004,Arthéméther 20mg,663.0374003399397,2025-09-13,69
MED004,Arthéméther 20mg,663.0374003399397,2025-09-14,41
MED004,Arthéméther 20mg,663.0374003399397,2025-09-15,35
MED004,Arthéméther 20mg,663.0374003399397,2025-09-16,44
MED004,Arthéméther 20mg,663.0374003399397,2025-09-17,54
MED004,Arthéméther 20mg,663.0374003399397,2025-09-18,47
MED004,Arthéméther 20mg,663.0374003399397,2025-09-19,42
MED004,Arthéméther 20mg,663.0374003399397,2025-09-20,35
MED004,Arthéméther 20mg,663.0374003399397,2025-09-21,53
MED004,Arthéméther 20mg,663.0374003399397,2025-09-22,38
MED004,Arthéméther 20mg,663.0374003399397,2025-09-23,42
MED004,Arthéméther 20mg,663.0374003399397,2025-09-24,39
MED004,Arthéméther 20mg,663.0374003399397,2025-09-25,35
MED004,Arthéméther 20mg,663.0374003399397,2025-09-26,33
MED004,Arthéméther 20mg,663.0374003399397,2025-09-27,23
MED004,Arthéméther 20mg,663.0374003399397,2025-09-28,31
MED004,Arthéméther 20mg,663.0374003399397,2025-09-29,21
MED004,Arthéméther 20mg,663.0374003399397,2025-09-30,35
MED004,Arthéméther 20mg,663.0374003399397,2025-10-01,47
MED004,Arthéméther 20mg,663.0374003399397,2025-10-02,31
MED004,Arthéméther 20mg,663.0374003399397,2025-10-03,25
MED004,Arthéméther 20mg,663.0374003399397,2025-10-04,30
MED004,Arthéméther 20mg,663.0374003399397,2025-10-05,49
MED004,Arthéméther 20mg,663.0374003399397,2025-10-06,35
MED004,Arthéméther 20mg,663.0374003399397,2025-10-07,31
MED004,Arthéméther 20mg,663.0374003399397,2025-10-08,43
MED004,Arthéméther 20mg,663.0374003399397,2025-10-09,38
MED004,Arthéméther 20mg,663.0374003399397,2025-10-10,39
MED004,Arthéméther 20mg,663.0374003399397,2025-10-11,55
MED004,Arthéméther 20mg,663.0374003399397,2025-10-12,23
MED004,Arthéméther 20mg,663.0374003399397,2025-10-13,18
MED004,Arthéméther 20mg,663.0374003399397,2025-10-14,23
MED004,Arthéméther 20mg,663.0374003399397,2025-10-15,18
MED004,Arthéméther 20mg,663.0374003399397,2025-10-16,46
MED004,Arthéméther 20mg,663.0374003399397,2025-10-17,22
MED004,Arthéméther 20mg,663.0374003399397,2025-10-18,71
MED004,Arthéméther 20mg,663.0374003399397,2025-10-19,15
MED004,Arthéméther 20mg,663.0374003399397,2025-10-20,27
MED004,Arthéméther 20mg,663.0374003399397,2025-10-21,27
MED004,Arthéméther 20mg,663.0374003399397,2025-10-22,31
MED004,Arthéméther 20mg,663.0374003399397,2025-10-23,49
MED004,Arthéméther 20mg,663.0374003399397,2025-10-24,23
MED004,Arthéméther 20mg,663.0374003399397,2025-10-25,47
MED004,Arthéméther 20mg,663.0374003399397,2025-10-26,36
MED004,Arthéméther 20mg,663.0374003399397,2025-10-27,31
MED004,Arthéméther 20mg,663.0374003399397,2025-10-28,42
MED004,Arthéméther 20mg,663.0374003399397,2025-10-29,32
MED004,Arthéméther 20mg,663.0374003399397,2025-10-30,34
MED004,Arthéméther 20mg,663.0374003399397,2025-10-31,26
MED004,Arthéméther 20mg,663.0374003399397,2025-11-01,19
MED004,Arthéméther 20mg,663.0374003399397,2025-11-02,25
MED004,Arthéméther 20mg,663.0374003399397,2025-11-03,28
MED004,Arthéméther 20mg,663.0374003399397,2025-11-04,17
MED004,Arthéméther 20mg,663.0374003399397,2025-11-05,20
MED004,Arthéméther 20mg,663.0374003399397,2025-11-06,16
MED004,Arthéméther 20mg,663.0374003399397,2025-11-07,28
MED004,Arthéméther 20mg,663.0374003399397,2025-11-08,19
MED004,Arthéméther 20mg,663.0374003399397,2025-11-09,19
MED004,Arthéméther 20mg,663.0374003399397,2025-11-10,36
MED004,Arthéméther 20mg,663.0374003399397,2025-11-11,17
MED004,Arthéméther 20mg,663.0374003399397,2025-11-12,31
MED004,Arthéméther 20mg,663.0374003399397,2025-11-13,20
MED004,Arthéméther 20mg,663.0374003399397,2025-11-14,38
MED004,Arthéméther 20mg,663.0374003399397,2025-11-15,10
MED004,Arthéméther 20mg,663.0374003399397,2025-11-16,23
MED004,Arthéméther 20mg,663.0374003399397,2025-11-17,15
MED004,Arthéméther 20mg,663.0374003399397,2025-11-18,20
MED004,Arthéméther 20mg,663.0374003399397,2025-11-19,27
MED004,Arthéméther 20mg,663.0374003399397,2025-11-20,16
MED004,Arthéméther 20mg,663.0374003399397,2025-11-21,21
MED004,Arthéméther 20mg,663.0374003399397,2025-11-22,35
MED004,Arthéméther 20mg,663.0374003399397,2025-11-23,22
MED004,Arthéméther 20mg,663.0374003399397,2025-11-24,24
MED004,Arthéméther 20mg,663.0374003399397,2025-11-25,23
MED004,Arthéméther 20mg,663.0374003399397,2025-11-26,11
MED004,Arthéméther 20mg,663.0374003399397,2025-11-27,19
MED004,Arthéméther 20mg,663.0374003399397,2025-11-28,32
MED004,Arthéméther 20mg,663.0374003399397,2025-11-29,23
MED004,Arthéméther 20mg,663.0374003399397,2025-11-30,9
MED004,Arthéméther 20mg,663.0374003399397,2025-12-01,27
MED004,Arthéméther 20mg,663.0374003399397,2025-12-02,24
MED004,Arthéméther 20mg,663.0374003399397,2025-12-03,16
MED004,Arthéméther 20mg,663.0374003399397,2025-12-04,28
MED004,Arthéméther 20mg,663.0374003399397,2025-12-05,22
MED004,Arthéméther 20mg,663.0374003399397,2025-12-06,10
MED004,Arthéméther 20mg,663.0374003399397,2025-12-07,14
MED004,Arthéméther 20mg,663.0374003399397,2025-12-08,22
MED004,Arthéméther 20mg,663.0374003399397,2025-12-09,23
MED004,Arthéméther 20mg,663.0374003399397,2025-12-10,25
MED004,Arthéméther 20mg,663.0374003399397,2025-12-11,22
MED004,Arthéméther 20mg,663.0374003399397,2025-12-12,27
MED004,Arthéméther 20mg,663.0374003399397,2025-12-13,20
MED004,Arthéméther 20mg,663.0374003399397,2025-12-14,16
MED004,Arthéméther 20mg,663.0374003399397,2025-12-15,21
MED004,Arthéméther 20mg,663.0374003399397,2025-12-16,24
MED004,Arthéméther 20mg,663.0374003399397,2025-12-17,31
MED004,Arthéméther 20mg,663.0374003399397,2025-12-18,34
MED004,Arthéméther 20mg,663.0374003399397,2025-12-19,40
MED004,Arthéméther 20mg,663.0374003399397,2025-12-20,25
MED004,Arthéméther 20mg,663.0374003399397,2025-12-21,13
MED004,Arthéméther 20mg,663.0374003399397,2025-12-22,18
MED004,Arthéméther 20mg,663.0374003399397,2025-12-23,21
MED004,Arthéméther 20mg,663.0374003399397,2025-12-24,30
MED004,Arthéméther 20mg,663.0374003399397,2025-12-25,31
MED004,Arthéméther 20mg,663.0374003399397,2025-12-26,23
MED004,Arthéméther 20mg,663.0374003399397,2025-12-27,36
MED004,Arthéméther 20mg,663.0374003399397,2025-12-28,15
MED004,Arthéméther 20mg,663.0374003399397,2025-12-29,33
MED004,Arthéméther 20mg,663.0374003399397,2025-12-30,29
MED004,Arthéméther 20mg,663.0374003399397,2025-12-31,19
MED004,Arthéméther 20mg,663.0374003399397,2026-01-01,24
MED004,Arthéméther 20mg,663.0374003399397,2026-01-02,25
MED004,Arthéméther 20mg,663.0374003399397,2026-01-03,33
MED004,Arthéméther 20mg,663.0374003399397,2026-01-04,23
MED004,Arthéméther 20mg,663.0374003399397,2026-01-05,30
MED004,Arthéméther 20mg,663.0374003399397,2026-01-06,22
MED004,Arthéméther 20mg,663.0374003399397,2026-01-07,20
MED004,Arthéméther 20mg,663.0374003399397,2026-01-08,26
MED004,Arthéméther 20mg,663.0374003399397,2026-01-09,31
MED004,Arthéméther 20mg,663.0374003399397,2026-01-10,32
MED004,Arthéméther 20mg,663.0374003399397,2026-01-11,31
MED004,Arthéméther 20mg,663.0374003399397,2026-01-12,30
MED004,Arthéméther 20mg,663.0374003399397,2026-01-13,26
MED004,Arthéméther 20mg,663.0374003399397,2026-01-14,15
MED004,Arthéméther 20mg,663.0374003399397,2026-01-15,35
MED004,Arthéméther 20mg,663.0374003399397,2026-01-16,24
MED004,Arthéméther 20mg,663.0374003399397,2026-01-17,34
MED004,Arthéméther 20mg,663.0374003399397,2026-01-18,29
MED004,Arthéméther 20mg,663.0374003399397,2026-01-19,17
MED004,Arthéméther 20mg,663.0374003399397,2026-01-20,36
MED004,Arthéméther 20mg,663.0374003399397,2026-01-21,26
MED004,Arthéméther 20mg,663.0374003399397,2026-01-22,21
MED004,Arthéméther 20mg,663.0374003399397,2026-01-23,12
MED004,Arthéméther 20mg,663.0374003399397,2026-01-24,34
MED004,Arthéméther 20mg,663.0374003399397,2026-01-25,24
MED004,Arthéméther 20mg,663.0374003399397,2026-01-26,20
MED004,Arthéméther 20mg,663.0374003399397,2026-01-27,31
MED004,Arthéméther 20mg,663.0374003399397,2026-01-28,16
MED004,Arthéméther 20mg,663.0374003399397,2026-01-29,20
MED004,Arthéméther 20mg,663.0374003399397,2026-01-30,29
MED004,Arthéméther 20mg,663.0374003399397,2026-01-31,25
MED004,Arthéméther 20mg,663.0374003399397,2026-02-01,15
MED004,Arthéméther 20mg,663.0374003399397,2026-02-02,13
MED004,Arthéméther 20mg,663.0374003399397,2026-02-03,15
MED004,Arthéméther 20mg,663.0374003399397,2026-02-04,15
MED004,Arthéméther 20mg,663.0374003399397,2026-02-05,21
MED004,Arthéméther 20mg,663.0374003399397,2026-02-06,13
MED004,Arthéméther 20mg,663.0374003399397,2026-02-07,30
MED004,Arthéméther 20mg,663.0374003399397,2026-02-08,20
MED004,Arthéméther 20mg,663.0374003399397,2026-02-09,24
MED004,Arthéméther 20mg,663.0374003399397,2026-02-10,28
MED004,Arthéméther 20mg,663.0374003399397,2026-02-11,21
MED004,Arthéméther 20mg,663.0374003399397,2026-02-12,26
MED004,Arthéméther 20mg,663.0374003399397,2026-02-13,12
MED004,Arthéméther 20mg,663.0374003399397,2026-02-14,23
MED004,Arthéméther 20mg,663.0374003399397,2026-02-15,21
MED004,Arthéméther 20mg,663.0374003399397,2026-02-16,19
MED004,Arthéméther 20mg,663.0374003399397,2026-02-17,36
MED004,Arthéméther 20mg,663.0374003399397,2026-02-18,27
MED004,Arthéméther 20mg,663.0374003399397,2026-02-19,25
MED004,Arthéméther 20mg,663.0374003399397,2026-02-20,18
MED004,Arthéméther 20mg,663.0374003399397,2026-02-21,25
MED004,Arthéméther 20mg,663.0374003399397,2026-02-22,37
MED004,Arthéméther 20mg,663.0374003399397,2026-02-23,24
MED004,Arthéméther 20mg,663.0374003399397,2026-02-24,9
MED004,Arthéméther 20mg,663.0374003399397,2026-02-25,36
MED004,Arthéméther 20mg,663.0374003399397,2026-02-26,24
MED004,Arthéméther 20mg,663.0374003399397,2026-02-27,15
MED004,Arthéméther 20mg,663.0374003399397,2026-02-28,26
MED004,Arthéméther 20mg,663.0374003399397,2026-03-01,9
MED004,Arthéméther 20mg,663.0374003399397,2026-03-02,19
MED004,Arthéméther 20mg,663.0374003399397,2026-03-03,23
MED004,Arthéméther 20mg,663.0374003399397,2026-03-04,24
MED004,Arthéméther 20mg,663.0374003399397,2026-03-05,29
MED004,Arthéméther 20mg,663.0374003399397,2026-03-06,10
MED004,Arthéméther 20mg,663.0374003399397,2026-03-07,41
MED004,Arthéméther 20mg,663.0374003399397,2026-03-08,15
MED004,Arthéméther 20mg,663.0374003399397,2026-03-09,21
MED004,Arthéméther 20mg,663.0374003399397,2026-03-10,22
MED004,Arthéméther 20mg,663.0374003399397,2026-03-11,32
MED004,Arthéméther 20mg,663.0374003399397,2026-03-12,21
MED004,Arthéméther 20mg,663.0374003399397,2026-03-13,18
MED004,Arthéméther 20mg,663.0374003399397,2026-03-14,26
MED004,Arthéméther 20mg,663.0374003399397,2026-03-15,18
MED004,Arthéméther 20mg,663.0374003399397,2026-03-16,25
MED004,Arthéméther 20mg,663.0374003399397,2026-03-17,14
MED004,Arthéméther 20mg,663.0374003399397,2026-03-18,25
MED004,Arthéméther 20mg,663.0374003399397,2026-03-19,23
MED004,Arthéméther 20mg,663.0374003399397,2026-03-20,21
MED004,Arthéméther 20mg,663.0374003399397,2026-03-21,26
MED004,Arthéméther 20mg,663.0374003399397,2026-03-22,28
MED004,Arthéméther 20mg,663.0374003399397,2026-03-23,22
MED004,Arthéméther 20mg,663.0374003399397,2026-03-24,21
MED004,Arthéméther 20mg,663.0374003399397,2026-03-25,28
MED004,Arthéméther 20mg,663.0374003399397,2026-03-26,12
MED004,Arthéméther 20mg,663.0374003399397,2026-03-27,28
MED004,Arthéméther 20mg,663.0374003399397,2026-03-28,31
MED004,Arthéméther 20mg,663.0374003399397,2026-03-29,29
MED004,Arthéméther 20mg,663.0374003399397,2026-03-30,19
MED004,Arthéméther 20mg,663.0374003399397,2026-03-31,18
MED004,Arthéméther 20mg,663.0374003399397,2026-04-01,28
MED004,Arthéméther 20mg,663.0374003399397,2026-04-02,5
MED004,Arthéméther 20mg,663.0374003399397,2026-04-03,11
MED004,Arthéméther 20mg,663.0374003399397,2026-04-04,23
MED004,Arthéméther 20mg,663.0374003399397,2026-04-05,24
MED004,Arthéméther 20mg,663.0374003399397,2026-04-06,21
MED004,Arthéméther 20mg,663.0374003399397,2026-04-07,23
MED004,Arthéméther 20mg,663.0374003399397,2026-04-08,27
MED004,Arthéméther 20mg,663.0374003399397,2026-04-09,31
MED004,Arthéméther 20mg,663.0374003399397,2026-04-10,24
MED004,Arthéméther 20mg,663.0374003399397,2026-04-11,16
MED004,Arthéméther 20mg,663.0374003399397,2026-04-12,30
MED004,Arthéméther 20mg,663.0374003399397,2026-04-13,26
MED004,Arthéméther 20mg,663.0374003399397,2026-04-14,18
MED004,Arthéméther 20mg,663.0374003399397,2026-04-15,11
MED004,Arthéméther 20mg,663.0374003399397,2026-04-16,21
MED004,Arthéméther 20mg,663.0374003399397,2026-04-17,29
MED004,Arthéméther 20mg,663.0374003399397,2026-04-18,22
MED004,Arthéméther 20mg,663.0374003399397,2026-04-19,25
MED004,Arthéméther 20mg,663.0374003399397,2026-04-20,29
MED004,Arthéméther 20mg,663.0374003399397,2026-04-21,20
MED004,Arthéméther 20mg,663.0374003399397,2026-04-22,22
MED004,Arthéméther 20mg,663.0374003399397,2026-04-23,24
MED004,Arthéméther 20mg,663.0374003399397,2026-04-24,18
MED004,Arthéméther 20mg,663.0374003399397,2026-04-25,29
MED004,Arthéméther 20mg,663.0374003399397,2026-04-26,22
MED004,Arthéméther 20mg,663.0374003399397,2026-04-27,16
MED004,Arthéméther 20mg,663.0374003399397,2026-04-28,29
MED004,Arthéméther 20mg,663.0374003399397,2026-04-29,23
MED004,Arthéméther 20mg,663.0374003399397,2026-04-30,23
MED004,Arthéméther 20mg,663.0374003399397,2026-05-01,27
MED004,Arthéméther 20mg,663.0374003399397,2026-05-02,18
MED004,Arthéméther 20mg,663.0374003399397,2026-05-03,29
MED004,Arthéméther 20mg,663.0374003399397,2026-05-04,15
MED004,Arthéméther 20mg,663.0374003399397,2026-05-05,27
MED004,Arthéméther 20mg,663.0374003399397,2026-05-06,29
MED004,Arthéméther 20mg,663.0374003399397,2026-05-07,5
MED004,Arthéméther 20mg,663.0374003399397,2026-05-08,18
MED004,Arthéméther 20mg,663.0374003399397,2026-05-09,20
MED004,Arthéméther 20mg,663.0374003399397,2026-05-10,12
MED004,Arthéméther 20mg,663.0374003399397,2026-05-11,17
MED004,Arthéméther 20mg,663.0374003399397,2026-05-12,26
MED004,Arthéméther 20mg,663.0374003399397,2026-05-13,25
MED004,Arthéméther 20mg,663.0374003399397,2026-05-14,18
MED004,Arthéméther 20mg,663.0374003399397,2026-05-15,23
MED004,Arthéméther 20mg,663.0374003399397,2026-05-16,18
MED004,Arthéméther 20mg,663.0374003399397,2026-05-17,19
MED004,Arthéméther 20mg,663.0374003399397,2026-05-18,13
MED004,Arthéméther 20mg,663.0374003399397,2026-05-19,27
MED004,Arthéméther 20mg,663.0374003399397,2026-05-20,35
MED004,Arthéméther 20mg,663.0374003399397,2026-05-21,16
MED004,Arthéméther 20mg,663.0374003399397,2026-05-22,18
MED004,Arthéméther 20mg,663.0374003399397,2026-05-23,29
MED004,Arthéméther 20mg,663.0374003399397,2026-05-24,11
MED004,Arthéméther 20mg,663.0374003399397,2026-05-25,13
MED004,Arthéméther 20mg,663.0374003399397,2026-05-26,25
MED004,Arthéméther 20mg,663.0374003399397,2026-05-27,14
MED004,Arthéméther 20mg,663.0374003399397,2026-05-28,16
MED004,Arthéméther 20mg,663.0374003399397,2026-05-29,20
MED004,Arthéméther 20mg,663.0374003399397,2026-05-30,35
MED004,Arthéméther 20mg,663.0374003399397,2026-05-31,30
MED004,Arthéméther 20mg,663.0374003399397,2026-06-01,39
MED004,Arthéméther 20mg,663.0374003399397,2026-06-02,47
MED004,Arthéméther 20mg,663.0374003399397,2026-06-03,44
MED004,Arthéméther 20mg,663.0374003399397,2026-06-04,37
MED004,Arthéméther 20mg,663.0374003399397,2026-06-05,28
MED004,Arthéméther 20mg,663.0374003399397,2026-06-06,42
MED004,Arthéméther 20mg,663.0374003399397,2026-06-07,40
MED004,Arthéméther 20mg,663.0374003399397,2026-06-08,45
MED004,Arthéméther 20mg,663.0374003399397,2026-06-09,35
MED004,Arthéméther 20mg,663.0374003399397,2026-06-10,44
MED004,Arthéméther 20mg,663.0374003399397,2026-06-11,51
MED004,Arthéméther 20mg,663.0374003399397,2026-06-12,32
MED004,Arthéméther 20mg,663.0374003399397,2026-06-13,28
MED004,Arthéméther 20mg,663.0374003399397,2026-06-14,42
MED004,Arthéméther 20mg,663.0374003399397,2026-06-15,45
MED004,Arthéméther 20mg,663.0374003399397,2026-06-16,57
MED004,Arthéméther 20mg,663.0374003399397,2026-06-17,33
MED004,Arthéméther 20mg,663.0374003399397,2026-06-18,45
MED004,Arthéméther 20mg,663.0374003399397,2026-06-19,36
MED004,Arthéméther 20mg,663.0374003399397,2026-06-20,44
MED004,Arthéméther 20mg,663.0374003399397,2026-06-21,46
MED004,Arthéméther 20mg,663.0374003399397,2026-06-22,24
MED004,Arthéméther 20mg,663.0374003399397,2026-06-23,33
MED004,Arthéméther 20mg,663.0374003399397,2026-06-24,32
MED004,Arthéméther 20mg,663.0374003399397,2026-06-25,35
MED004,Arthéméther 20mg,663.0374003399397,2026-06-26,40
MED004,Arthéméther 20mg,663.0374003399397,2026-06-27,24
MED004,Arthéméther 20mg,663.0374003399397,2026-06-28,30
MED004,Arthéméther 20mg,663.0374003399397,2026-06-29,41
MED004,Arthéméther 20mg,663.0374003399397,2026-06-30,23
MED004,Arthéméther 20mg,663.0374003399397,2026-07-01,45
MED004,Arthéméther 20mg,663.0374003399397,2026-07-02,30
MED004,Arthéméther 20mg,663.0374003399397,2026-07-03,52
MED004,Arthéméther 20mg,663.0374003399397,2026-07-04,32
MED004,Arthéméther 20mg,663.0374003399397,2026-07-05,61
MED004,Arthéméther 20mg,663.0374003399397,2026-07-06,39
MED004,Arthéméther 20mg,663.0374003399397,2026-07-07,39
MED004,Arthéméther 20mg,663.0374003399397,2026-07-08,23
MED004,Arthéméther 20mg,663.0374003399397,2026-07-09,23
MED004,Arthéméther 20mg,663.0374003399397,2026-07-10,26
MED004,Arthéméther 20mg,663.0374003399397,2026-07-11,44
MED004,Arthéméther 20mg,663.0374003399397,2026-07-12,36
MED004,Arthéméther 20mg,663.0374003399397,2026-07-13,32
MED004,Arthéméther 20mg,663.0374003399397,2026-07-14,35
MED004,Arthéméther 20mg,663.0374003399397,2026-07-15,44
MED004,Arthéméther 20mg,663.0374003399397,2026-07-16,44
MED004,Arthéméther 20mg,663.0374003399397,2026-07-17,36
MED004,Arthéméther 20mg,663.0374003399397,2026-07-18,22
MED004,Arthéméther 20mg,663.0374003399397,2026-07-19,27
MED004,Arthéméther 20mg,663.0374003399397,2026-07-20,49
MED004,Arthéméther 20mg,663.0374003399397,2026-07-21,53
MED004,Arthéméther 20mg,663.0374003399397,2026-07-22,44
MED004,Arthéméther 20mg,663.0374003399397,2026-07-23,47
MED004,Arthéméther 20mg,663.0374003399397,2026-07-24,33
MED004,Arthéméther 20mg,663.0374003399397,2026-07-25,62
MED004,Arthéméther 20mg,663.0374003399397,2026-07-26,37
MED004,Arthéméther 20mg,663.0374003399397,2026-07-27,28
MED004,Arthéméther 20mg,663.0374003399397,2026-07-28,32
MED004,Arthéméther 20mg,663.0374003399397,2026-07-29,34
MED004,Arthéméther 20mg,663.0374003399397,2026-07-30,34
MED004,Arthéméther 20mg,663.0374003399397,2026-07-31,42
MED004,Arthéméther 20mg,663.0374003399397,2026-08-01,19
MED004,Arthéméther 20mg,663.0374003399397,2026-08-02,39
MED004,Arthéméther 20mg,663.0374003399397,2026-08-03,41
MED004,Arthéméther 20mg,663.0374003399397,2026-08-04,34
MED004,Arthéméther 20mg,663.0374003399397,2026-08-05,38
MED004,Arthéméther 20mg,663.0374003399397,2026-08-06,27
MED004,Arthéméther 20mg,663.0374003399397,2026-08-07,20
MED004,Arthéméther 20mg,663.0374003399397,2026-08-08,20
MED004,Arthéméther 20mg,663.0374003399397,2026-08-09,28
MED004,Arthéméther 20mg,663.0374003399397,2026-08-10,24
MED004,Arthéméther 20mg,663.0374003399397,2026-08-11,23
MED004,Arthéméther 20mg,663.0374003399397,2026-08-12,48
MED004,Arthéméther 20mg,663.0374003399397,2026-08-13,26
MED004,Arthéméther 20mg,663.0374003399397,2026-08-14,25
MED004,Arthéméther 20mg,663.0374003399397,2026-08-15,26
MED004,Arthéméther 20mg,663.0374003399397,2026-08-16,38
MED004,Arthéméther 20mg,663.0374003399397,2026-08-17,30
MED004,Arthéméther 20mg,663.0374003399397,2026-08-18,40
MED005,Quinine 300mg,3479.1166759539797,2025-08-19,93
MED005,Quinine 300mg,3479.1166759539797,2025-08-20,91
MED005,Quinine 300mg,3479.1166759539797,2025-08-21,127
MED005,Quinine 300mg,3479.1166759539797,2025-08-22,97
MED005,Quinine 300mg,3479.1166759539797,2025-08-23,146
MED005,Quinine 300mg,3479.1166759539797,2025-08-24,99
MED005,Quinine 300mg,3479.1166759539797,2025-08-25,101
MED005,Quinine 300mg,3479.1166759539797,2025-08-26,105
MED005,Quinine 300mg,3479.1166759539797,2025-08-27,117
MED005,Quinine 300mg,3479.1166759539797,2025-08-28,63
MED005,Quinine 300mg,3479.1166759539797,2025-08-29,104
MED005,Quinine 300mg,3479.1166759539797,2025-08-30,113
MED005,Quinine 300mg,3479.1166759539797,2025-08-31,81
MED005,Quinine 300mg,3479.1166759539797,2025-09-01,60
MED005,Quinine 300mg,3479.1166759539797,2025-09-02,82
MED005,Quinine 300mg,3479.1166759539797,2025-09-03,80
MED005,Quinine 300mg,3479.1166759539797,2025-09-04,72
MED005,Quinine 300mg,3479.1166759539797,2025-09-05,70
MED005,Quinine 300mg,3479.1166759539797,2025-09-06,119
MED005,Quinine 300mg,3479.1166759539797,2025-09-07,78
MED005,Quinine 300mg,3479.1166759539797,2025-09-08,92
MED005,Quinine 300mg,3479.1166759539797,2025-09-09,71
MED005,Quinine 300mg,3479.1166759539797,2025-09-10,75
MED005,Quinine 300mg,3479.1166759539797,2025-09-11,74
MED005,Quinine 300mg,3479.1166759539797,2025-09-12,63
MED005,Quinine 300mg,3479.1166759539797,2025-09-13,109
MED005,Quinine 300mg,3479.1166759539797,2025-09-14,39
MED005,Quinine 300mg,3479.1166759539797,2025-09-15,109
MED005,Quinine 300mg,3479.1166759539797,2025-09-16,65
MED005,Quinine 300mg,3479.1166759539797,2025-09-17,91
MED005,Quinine 300mg,3479.1166759539797,2025-09-18,28
MED005,Quinine 300mg,3479.1166759539797,2025-09-19,93
MED005,Quinine 300mg,3479.1166759539797,2025-09-20,61
MED005,Quinine 300mg,3479.1166759539797,2025-09-21,94
MED005,Quinine 300mg,3479.1166759539797,2025-09-22,64
MED005,Quinine 300mg,3479.1166759539797,2025-09-23,51
MED005,Quinine 300mg,3479.1166759539797,2025-09-24,65
MED005,Quinine 300mg,3479.1166759539797,2025-09-25,85
MED005,Quinine 300mg,3479.1166759539797,2025-09-26,99
MED005,Quinine 300mg,3479.1166759539797,2025-09-27,119
MED005,Quinine 300mg,3479.1166759539797,2025-09-28,56
MED005,Quinine 300mg,3479.1166759539797,2025-09-29,111
MED005,Quinine 300mg,3479.1166759539797,2025-09-30,79
MED005,Quinine 300mg,3479.1166759539797,2025-10-01,84
MED005,Quinine 300mg,3479.1166759539797,2025-10-02,94
MED005,Quinine 300mg,3479.1166759539797,2025-10-03,27
MED005,Quinine 300mg,3479.1166759539797,2025-10-04,100
MED005,Quinine 300mg,3479.1166759539797,2025-10-05,75
MED005,Quinine 300mg,3479.1166759539797,2025-10-06,79
MED005,Quinine 300mg,3479.1166759539797,2025-10-07,83
MED005,Quinine 300mg,3479.1166759539797,2025-10-08,61
MED005,Quinine 300mg,3479.1166759539797,2025-10-09,83
MED005,Quinine 300mg,3479.1166759539797,2025-10-10,107
MED005,Quinine 300mg,3479.1166759539797,2025-10-11,118
MED005,Quinine 300mg,3479.1166759539797,2025-10-12,126
MED005,Quinine 300mg,3479.1166759539797,2025-10-13,118
MED005,Quinine 300mg,3479.1166759539797,2025-10-14,76
MED005,Quinine 300mg,3479.1166759539797,2025-10-15,69
MED005,Quinine 300mg,3479.1166759539797,2025-10-16,78
MED005,Quinine 300mg,3479.1166759539797,2025-10-17,71
MED005,Quinine 300mg,3479.1166759539797,2025-10-18,77
MED005,Quinine 300mg,3479.1166759539797,2025-10-19,70
MED005,Quinine 300mg,3479.1166759539797,2025-10-20,37
MED005,Quinine 300mg,3479.1166759539797,2025-10-21,110
MED005,Quinine 300mg,3479.1166759539797,2025-10-22,105
MED005,Quinine 300mg,3479.1166759539797,2025-10-23,127
MED005,Quinine 300mg,3479.1166759539797,2025-10-24,80
MED005,Quinine 300mg,3479.1166759539797,2025-10-25,124
MED005,Quinine 300mg,3479.1166759539797,2025-10-26,43
MED005,Quinine 300mg,3479.1166759539797,2025-10-27,38
MED005,Quinine 300mg,3479.1166759539797,2025-10-28,48
MED005,Quinine 300mg,3479.1166759539797,2025-10-29,79
MED005,Quinine 300mg,3479.1166759539797,2025-10-30,111
MED005,Quinine 300mg,3479.1166759539797,2025-10-31,69
MED005,Quinine 300mg,3479.1166759539797,2025-11-01,17
MED005,Quinine 300mg,3479.1166759539797,2025-11-02,60
MED005,Quinine 300mg,3479.1166759539797,2025-11-03,65
MED005,Quinine 300mg,3479.1166759539797,2025-11-04,22
MED005,Quinine 300mg,3479.1166759539797,2025-11-05,62
MED005,Quinine 300mg,3479.1166759539797,2025-11-06,43
MED005,Quinine 300mg,3479.1166759539797,2025-11-07,65
MED005,Quinine 300mg,3479.1166759539797,2025-11-08,44
MED005,Quinine 300mg,3479.1166759539797,2025-11-09,38
MED005,Quinine 300mg,3479.1166759539797,2025-11-10,54
MED005,Quinine 300mg,3479.1166759539797,2025-11-11,68
MED005,Quinine 300mg,3479.1166759539797,2025-11-12,77
MED005,Quinine 300mg,3479.1166759539797,2025-11-13,87
MED005,Quinine 300mg,3479.1166759539797,2025-11-14,62
MED005,Quinine 300mg,3479.1166759539797,2025-11-15,52
MED005,Quinine 300mg,3479.1166759539797,2025-11-16,42
MED005,Quinine 300mg,3479.1166759539797,2025-11-17,77
MED005,Quinine 300mg,3479.1166759539797,2025-11-18,69
MED005,Quinine 300mg,3479.1166759539797,2025-11-19,58
MED005,Quinine 300mg,3479.1166759539797,2025-11-20,50
MED005,Quinine 300mg,3479.1166759539797,2025-11-21,40
MED005,Quinine 300mg,3479.1166759539797,2025-11-22,62
MED005,Quinine 300mg,3479.1166759539797,2025-11-23,56
MED005,Quinine 300mg,3479.1166759539797,2025-11-24,32
MED005,Quinine 300mg,3479.1166759539797,2025-11-25,77
MED005,Quinine 300mg,3479.1166759539797,2025-11-26,70
MED005,Quinine 300mg,3479.1166759539797,2025-11-27,48
MED005,Quinine 300mg,3479.1166759539797,2025-11-28,24
MED005,Quinine 300mg,3479.1166759539797,2025-11-29,55
MED005,Quinine 300mg,3479.1166759539797,2025-11-30,39
MED005,Quinine 300mg,3479.1166759539797,2025-12-01,45
MED005,Quinine 300mg,3479.1166759539797,2025-12-02,57
MED005,Quinine 300mg,3479.1166759539797,2025-12-03,42
MED005,Quinine 300mg,3479.1166759539797,2025-12-04,66
MED005,Quinine 300mg,3479.1166759539797,2025-12-05,61
MED005,Quinine 300mg,3479.1166759539797,2025-12-06,41
MED005,Quinine 300mg,3479.1166759539797,2025-12-07,46
MED005,Quinine 300mg,3479.1166759539797,2025-12-08,58
MED005,Quinine 300mg,3479.1166759539797,2025-12-09,30
MED005,Quinine 300mg,3479.1166759539797,2025-12-10,59
MED005,Quinine 300mg,3479.1166759539797,2025-12-11,46
MED005,Quinine 300mg,3479.1166759539797,2025-12-12,80
MED005,Quinine 300mg,3479.1166759539797,2025-12-13,69
MED005,Quinine 300mg,3479.1166759539797,2025-12-14,55
MED005,Quinine 300mg,3479.1166759539797,2025-12-15,55
MED005,Quinine 300mg,3479.1166759539797,2025-12-16,60
MED005,Quinine 300mg,3479.1166759539797,2025-12-17,25
MED005,Quinine 300mg,3479.1166759539797,2025-12-18,32
MED005,Quinine 300mg,3479.1166759539797,2025-12-19,76
MED005,Quinine 300mg,3479.1166759539797,2025-12-20,67
MED005,Quinine 300mg,3479.1166759539797,2025-12-21,63
MED005,Quinine 300mg,3479.1166759539797,2025-12-22,44
MED005,Quinine 300mg,3479.1166759539797,2025-12-23,50
MED005,Quinine 300mg,3479.1166759539797,2025-12-24,35
MED005,Quinine 300mg,3479.1166759539797,2025-12-25,53
MED005,Quinine 300mg,3479.1166759539797,2025-12-26,62
MED005,Quinine 300mg,3479.1166759539797,2025-12-27,19
MED005,Quinine 300mg,3479.1166759539797,2025-12-28,40
MED005,Quinine 300mg,3479.1166759539797,2025-12-29,81
MED005,Quinine 300mg,3479.1166759539797,2025-12-30,46
MED005,Quinine 300mg,3479.1166759539797,2025-12-31,40
MED005,Quinine 300mg,3479.1166759539797,2026-01-01,83
MED005,Quinine 300mg,3479.1166759539797,2026-01-02,63
MED005,Quinine 300mg,3479.1166759539797,2026-01-03,57
MED005,Quinine 300mg,3479.1166759539797,2026-01-04,100
MED005,Quinine 300mg,3479.1166759539797,2026-01-05,23
MED005,Quinine 300mg,3479.1166759539797,2026-01-06,28
MED005,Quinine 300mg,3479.1166759539797,2026-01-07,33
MED005,Quinine 300mg,3479.1166759539797,2026-01-08,60
MED005,Quinine 300mg,3479.1166759539797,2026-01-09,69
MED005,Quinine 300mg,3479.1166759539797,2026-01-10,99
MED005,Quinine 300mg,3479.1166759539797,2026-01-11,55
MED005,Quinine 300mg,3479.1166759539797,2026-01-12,63
MED005,Quinine 300mg,3479.1166759539797,2026-01-13,83
MED005,Quinine 300mg,3479.1166759539797,2026-01-14,49
MED005,Quinine 300mg,3479.1166759539797,2026-01-15,51
MED005,Quinine 300mg,3479.1166759539797,2026-01-16,15
MED005,Quinine 300mg,3479.1166759539797,2026-01-17,56
MED005,Quinine 300mg,3479.1166759539797,2026-01-18,55
MED005,Quinine 300mg,3479.1166759539797,2026-01-19,47
MED005,Quinine 300mg,3479.1166759539797,2026-01-20,38
MED005,Quinine 300mg,3479.1166759539797,2026-01-21,60
MED005,Quinine 300mg,3479.1166759539797,2026-01-22,80
MED005,Quinine 300mg,3479.1166759539797,2026-01-23,46
MED005,Quinine 300mg,3479.1166759539797,2026-01-24,87
MED005,Quinine 300mg,3479.1166759539797,2026-01-25,20
MED005,Quinine 300mg,3479.1166759539797,2026-01-26,33
MED005,Quinine 300mg,3479.1166759539797,2026-01-27,54
MED005,Quinine 300mg,3479.1166759539797,2026-01-28,62
MED005,Quinine 300mg,3479.1166759539797,2026-01-29,27
MED005,Quinine 300mg,3479.1166759539797,2026-01-30,59
MED005,Quinine 300mg,3479.1166759539797,2026-01-31,92
MED005,Quinine 300mg,3479.1166759539797,2026-02-01,64
MED005,Quinine 300mg,3479.1166759539797,2026-02-02,39
MED005,Quinine 300mg,3479.1166759539797,2026-02-03,51
MED005,Quinine 300mg,3479.1166759539797,2026-02-04,63
MED005,Quinine 300mg,3479.1166759539797,2026-02-05,53
MED005,Quinine 300mg,3479.1166759539797,2026-02-06,48
MED005,Quinine 300mg,3479.1166759539797,2026-02-07,13
MED005,Quinine 300mg,3479.1166759539797,2026-02-08,70
MED005,Quinine 300mg,3479.1166759539797,2026-02-09,42
MED005,Quinine 300mg,3479.1166759539797,2026-02-10,72
MED005,Quinine 300mg,3479.1166759539797,2026-02-11,50
MED005,Quinine 300mg,3479.1166759539797,2026-02-12,33
MED005,Quinine 300mg,3479.1166759539797,2026-02-13,27
MED005,Quinine 300mg,3479.1166759539797,2026-02-14,54
MED005,Quinine 300mg,3479.1166759539797,2026-02-15,44
MED005,Quinine 300mg,3479.1166759539797,2026-02-16,54
MED005,Quinine 300mg,3479.1166759539797,2026-02-17,69
MED005,Quinine 300mg,3479.1166759539797,2026-02-18,35
MED005,Quinine 300mg,3479.1166759539797,2026-02-19,26
MED005,Quinine 300mg,3479.1166759539797,2026-02-20,41
MED005,Quinine 300mg,3479.1166759539797,2026-02-21,89
MED005,Quinine 300mg,3479.1166759539797,2026-02-22,53
MED005,Quinine 300mg,3479.1166759539797,2026-02-23,44
MED005,Quinine 300mg,3479.1166759539797,2026-02-24,66
MED005,Quinine 300mg,3479.1166759539797,2026-02-25,39
MED005,Quinine 300mg,3479.1166759539797,2026-02-26,42
MED005,Quinine 300mg,3479.1166759539797,2026-02-27,43
MED005,Quinine 300mg,3479.1166759539797,2026-02-28,86
MED005,Quinine 300mg,3479.1166759539797,2026-03-01,40
MED005,Quinine 300mg,3479.1166759539797,2026-03-02,58
MED005,Quinine 300mg,3479.1166759539797,2026-03-03,53
MED005,Quinine 300mg,3479.1166759539797,2026-03-04,57
MED005,Quinine 300mg,3479.1166759539797,2026-03-05,64
MED005,Quinine 300mg,3479.1166759539797,2026-03-06,56
MED005,Quinine 300mg,3479.1166759539797,2026-03-07,85
MED005,Quinine 300mg,3479.1166759539797,2026-03-08,35
MED005,Quinine 300mg,3479.1166759539797,2026-03-09,41
MED005,Quinine 300mg,3479.1166759539797,2026-03-10,56
MED005,Quinine 300mg,3479.1166759539797,2026-03-11,34
MED005,Quinine 300mg,3479.1166759539797,2026-03-12,62
MED005,Quinine 300mg,3479.1166759539797,2026-03-13,49
MED005,Quinine 300mg,3479.1166759539797,2026-03-14,45
MED005,Quinine 300mg,3479.1166759539797,2026-03-15,53
MED005,Quinine 300mg,3479.1166759539797,2026-03-16,30
MED005,Quinine 300mg,3479.1166759539797,2026-03-17,87
MED005,Quinine 300mg,3479.1166759539797,2026-03-18,46
MED005,Quinine 300mg,3479.1166759539797,2026-03-19,49
MED005,Quinine 300mg,3479.1166759539797,2026-03-20,52
MED005,Quinine 300mg,3479.1166759539797,2026-03-21,46
MED005,Quinine 300mg,3479.1166759539797,2026-03-22,42
MED005,Quinine 300mg,3479.1166759539797,2026-03-23,42
MED005,Quinine 300mg,3479.1166759539797,2026-03-24,55
MED005,Quinine 300mg,3479.1166759539797,2026-03-25,34
MED005,Quinine 300mg,3479.1166759539797,2026-03-26,32
MED005,Quinine 300mg,3479.1166759539797,2026-03-27,46
MED005,Quinine 300mg,3479.1166759539797,2026-03-28,77
MED005,Quinine 300mg,3479.1166759539797,2026-03-29,61
MED005,Quinine 300mg,3479.1166759539797,2026-03-30,70
MED005,Quinine 300mg,3479.1166759539797,2026-03-31,64
MED005,Quinine 300mg,3479.1166759539797,2026-04-01,66
MED005,Quinine 300mg,3479.1166759539797,2026-04-02,54
MED005,Quinine 300mg,3479.1166759539797,2026-04-03,65
MED005,Quinine 300mg,3479.1166759539797,2026-04-04,55
MED005,Quinine 300mg,3479.1166759539797,2026-04-05,48
MED005,Quinine 300mg,3479.1166759539797,2026-04-06,41
MED005,Quinine 300mg,3479.1166759539797,2026-04-07,55
MED005,Quinine 300mg,3479.1166759539797,2026-04-08,53
MED005,Quinine 300mg,3479.1166759539797,2026-04-09,62
MED005,Quinine 300mg,3479.1166759539797,2026-04-10,46
MED005,Quinine 300mg,3479.1166759539797,2026-04-11,60
MED005,Quinine 300mg,3479.1166759539797,2026-04-12,66
MED005,Quinine 300mg,3479.1166759539797,2026-04-13,38
MED005,Quinine 300mg,3479.1166759539797,2026-04-14,69
MED005,Quinine 300mg,3479.1166759539797,2026-04-15,86
MED005,Quinine 300mg,3479.1166759539797,2026-04-16,30
MED005,Quinine 300mg,3479.1166759539797,2026-04-17,40
MED005,Quinine 300mg,3479.1166759539797,2026-04-18,63
MED005,Quinine 300mg,3479.1166759539797,2026-04-19,74
MED005,Quinine 300mg,3479.1166759539797,2026-04-20,61
MED005,Quinine 300mg,3479.1166759539797,2026-04-21,70
MED005,Quinine 300mg,3479.1166759539797,2026-04-22,49
MED005,Quinine 300mg,3479.1166759539797,2026-04-23,23
MED005,Quinine 300mg,3479.1166759539797,2026-04-24,58
MED005,Quinine 300mg,3479.1166759539797,2026-04-25,75
MED005,Quinine 300mg,3479.1166759539797,2026-04-26,38
MED005,Quinine 300mg,3479.1166759539797,2026-04-27,81
MED005,Quinine 300mg,3479.1166759539797,2026-04-28,38
MED005,Quinine 300mg,3479.1166759539797,2026-04-29,59
MED005,Quinine 300mg,3479.1166759539797,2026-04-30,66
MED005,Quinine 300mg,3479.1166759539797,2026-05-01,48
MED005,Quinine 300mg,3479.1166759539797,2026-05-02,45
MED005,Quinine 300mg,3479.1166759539797,2026-05-03,41
MED005,Quinine 300mg,3479.1166759539797,2026-05-04,52
MED005,Quinine 300mg,3479.1166759539797,2026-05-05,37
MED005,Quinine 300mg,3479.1166759539797,2026-05-06,37
MED005,Quinine 300mg,3479.1166759539797,2026-05-07,93
MED005,Quinine 300mg,3479.1166759539797,2026-05-08,33
MED005,Quinine 300mg,3479.1166759539797,2026-05-09,97
MED005,Quinine 300mg,3479.1166759539797,2026-05-10,56
MED005,Quinine 300mg,3479.1166759539797,2026-05-11,45
MED005,Quinine 300mg,3479.1166759539797,2026-05-12,46
MED005,Quinine 300mg,3479.1166759539797,2026-05-13,34
MED005,Quinine 300mg,3479.1166759539797,2026-05-14,65
MED005,Quinine 300mg,3479.1166759539797,2026-05-15,69
MED005,Quinine 300mg,3479.1166759539797,2026-05-16,36
MED005,Quinine 300mg,3479.1166759539797,2026-05-17,45
MED005,Quinine 300mg,3479.1166759539797,2026-05-18,59
MED005,Quinine 300mg,3479.1166759539797,2026-05-19,32
MED005,Quinine 300mg,3479.1166759539797,2026-05-20,45
MED005,Quinine 300mg,3479.1166759539797,2026-05-21,54
MED005,Quinine 300mg,3479.1166759539797,2026-05-22,62
MED005,Quinine 300mg,3479.1166759539797,2026-05-23,42
MED005,Quinine 300mg,3479.1166759539797,2026-05-24,66
MED005,Quinine 300mg,3479.1166759539797,2026-05-25,55
MED005,Quinine 300mg,3479.1166759539797,2026-05-26,66
MED005,Quinine 300mg,3479.1166759539797,2026-05-27,53
MED005,Quinine 300mg,3479.1166759539797,2026-05-28,45
MED005,Quinine 300mg,3479.1166759539797,2026-05-29,63
MED005,Quinine 300mg,3479.1166759539797,2026-05-30,37
MED005,Quinine 300mg,3479.1166759539797,2026-05-31,43
MED005,Quinine 300mg,3479.1166759539797,2026-06-01,115
MED005,Quinine 300mg,3479.1166759539797,2026-06-02,80
MED005,Quinine 300mg,3479.1166759539797,2026-06-03,108
MED005,Quinine 300mg,3479.1166759539797,2026-06-04,39
MED005,Quinine 300mg,3479.1166759539797,2026-06-05,51
MED005,Quinine 300mg,3479.1166759539797,2026-06-06,99
MED005,Quinine 300mg,3479.1166759539797,2026-06-07,93
MED005,Quinine 300mg,3479.1166759539797,2026-06-08,87
MED005,Quinine 300mg,3479.1166759539797,2026-06-09,102
MED005,Quinine 300mg,3479.1166759539797,2026-06-10,106
MED005,Quinine 300mg,3479.1166759539797,2026-06-11,54
MED005,Quinine 300mg,3479.1166759539797,2026-06-12,39
MED005,Quinine 300mg,3479.1166759539797,2026-06-13,107
MED005,Quinine 300mg,3479.1166759539797,2026-06-14,101
MED005,Quinine 300mg,3479.1166759539797,2026-06-15,90
MED005,Quinine 300mg,3479.1166759539797,2026-06-16,83
MED005,Quinine 300mg,3479.1166759539797,2026-06-17,60
MED005,Quinine 300mg,3479.1166759539797,2026-06-18,80
MED005,Quinine 300mg,3479.1166759539797,2026-06-19,82
MED005,Quinine 300mg,3479.1166759539797,2026-06-20,27
MED005,Quinine 300mg,3479.1166759539797,2026-06-21,118
MED005,Quinine 300mg,3479.1166759539797,2026-06-22,57
MED005,Quinine 300mg,3479.1166759539797,2026-06-23,106
MED005,Quinine 300mg,3479.1166759539797,2026-06-24,80
MED005,Quinine 300mg,3479.1166759539797,2026-06-25,103
MED005,Quinine 300mg,3479.1166759539797,2026-06-26,85
MED005,Quinine 300mg,3479.1166759539797,2026-06-27,139
MED005,Quinine 300mg,3479.1166759539797,2026-06-28,90
MED005,Quinine 300mg,3479.1166759539797,2026-06-29,97
MED005,Quinine 300mg,3479.1166759539797,2026-06-30,82
MED005,Quinine 300mg,3479.1166759539797,2026-07-01,100
MED005,Quinine 300mg,3479.1166759539797,2026-07-02,56
MED005,Quinine 300mg,3479.1166759539797,2026-07-03,50
MED005,Quinine 300mg,3479.1166759539797,2026-07-04,99
MED005,Quinine 300mg,3479.1166759539797,2026-07-05,93
MED005,Quinine 300mg,3479.1166759539797,2026-07-06,102
MED005,Quinine 300mg,3479.1166759539797,2026-07-07,61
MED005,Quinine 300mg,3479.1166759539797,2026-07-08,87
MED005,Quinine 300mg,3479.1166759539797,2026-07-09,58
MED005,Quinine 300mg,3479.1166759539797,2026-07-10,68
MED005,Quinine 300mg,3479.1166759539797,2026-07-11,71
MED005,Quinine 300mg,3479.1166759539797,2026-07-12,32
MED005,Quinine 300mg,3479.1166759539797,2026-07-13,59
MED005,Quinine 300mg,3479.1166759539797,2026-07-14,64
MED005,Quinine 300mg,3479.1166759539797,2026-07-15,67
MED005,Quinine 300mg,3479.1166759539797,2026-07-16,39
MED005,Quinine 300mg,3479.1166759539797,2026-07-17,54
MED005,Quinine 300mg,3479.1166759539797,2026-07-18,167
MED005,Quinine 300mg,3479.1166759539797,2026-07-19,75
MED005,Quinine 300mg,3479.1166759539797,2026-07-20,76
MED005,Quinine 300mg,3479.1166759539797,2026-07-21,94
MED005,Quinine 300mg,3479.1166759539797,2026-07-22,112
MED005,Quinine 300mg,3479.1166759539797,2026-07-23,108
MED005,Quinine 300mg,3479.1166759539797,2026-07-24,78
MED005,Quinine 300mg,3479.1166759539797,2026-07-25,96
MED005,Quinine 300mg,3479.1166759539797,2026-07-26,101
MED005,Quinine 300mg,3479.1166759539797,2026-07-27,47
MED005,Quinine 300mg,3479.1166759539797,2026-07-28,88
MED005,Quinine 300mg,3479.1166759539797,2026-07-29,92
MED005,Quinine 300mg,3479.1166759539797,2026-07-30,47
MED005,Quinine 300mg,3479.1166759539797,2026-07-31,105
MED005,Quinine 300mg,3479.1166759539797,2026-08-01,102
MED005,Quinine 300mg,3479.1166759539797,2026-08-02,103
MED005,Quinine 300mg,3479.1166759539797,2026-08-03,91
MED005,Quinine 300mg,3479.1166759539797,2026-08-04,65
MED005,Quinine 300mg,3479.1166759539797,2026-08-05,135
MED005,Quinine 300mg,3479.1166759539797,2026-08-06,81
MED005,Quinine 300mg,3479.1166759539797,2026-08-07,94
MED005,Quinine 300mg,3479.1166759539797,2026-08-08,89
MED005,Quinine 300mg,3479.1166759539797,2026-08-09,92
MED005,Quinine 300mg,3479.1166759539797,2026-08-10,44
MED005,Quinine 300mg,3479.1166759539797,2026-08-11,78
MED005,Quinine 300mg,3479.1166759539797,2026-08-12,117
MED005,Quinine 300mg,3479.1166759539797,2026-08-13,61
MED005,Quinine 300mg,3479.1166759539797,2026-08-14,74
MED005,Quinine 300mg,3479.1166759539797,2026-08-15,89
MED005,Quinine 300mg,3479.1166759539797,2026-08-16,72
MED005,Quinine 300mg,3479.1166759539797,2026-08-17,70
MED005,Quinine 300mg,3479.1166759539797,2026-08-18,65
MED006,SRO Poudre,1789.2780618631637,2025-08-19,157
MED006,SRO Poudre,1789.2780618631637,2025-08-20,93
MED006,SRO Poudre,1789.2780618631637,2025-08-21,153
MED006,SRO Poudre,1789.2780618631637,2025-08-22,80
MED006,SRO Poudre,1789.2780618631637,2025-08-23,120
MED006,SRO Poudre,1789.2780618631637,2025-08-24,152
MED006,SRO Poudre,1789.2780618631637,2025-08-25,74
MED006,SRO Poudre,1789.2780618631637,2025-08-26,122
MED006,SRO Poudre,1789.2780618631637,2025-08-27,108
MED006,SRO Poudre,1789.2780618631637,2025-08-28,141
MED006,SRO Poudre,1789.2780618631637,2025-08-29,123
MED006,SRO Poudre,1789.2780618631637,2025-08-30,96
MED006,SRO Poudre,1789.2780618631637,2025-08-31,90
MED006,SRO Poudre,1789.2780618631637,2025-09-01,74
MED006,SRO Poudre,1789.2780618631637,2025-09-02,66
MED006,SRO Poudre,1789.2780618631637,2025-09-03,121
MED006,SRO Poudre,1789.2780618631637,2025-09-04,126
MED006,SRO Poudre,1789.2780618631637,2025-09-05,65
MED006,SRO Poudre,1789.2780618631637,2025-09-06,136
MED006,SRO Poudre,1789.2780618631637,2025-09-07,85
MED006,SRO Poudre,1789.2780618631637,2025-09-08,46
MED006,SRO Poudre,1789.2780618631637,2025-09-09,100
MED006,SRO Poudre,1789.2780618631637,2025-09-10,136
MED006,SRO Poudre,1789.2780618631637,2025-09-11,115
MED006,SRO Poudre,1789.2780618631637,2025-09-12,95
MED006,SRO Poudre,1789.2780618631637,2025-09-13,142
MED006,SRO Poudre,1789.2780618631637,2025-09-14,108
MED006,SRO Poudre,1789.2780618631637,2025-09-15,102
MED006,SRO Poudre,1789.2780618631637,2025-09-16,76
MED006,SRO Poudre,1789.2780618631637,2025-09-17,138
MED006,SRO Poudre,1789.2780618631637,2025-09-18,94
MED006,SRO Poudre,1789.2780618631637,2025-09-19,72
MED006,SRO Poudre,1789.2780618631637,2025-09-20,101
MED006,SRO Poudre,1789.2780618631637,2025-09-21,65
MED006,SRO Poudre,1789.2780618631637,2025-09-22,167
MED006,SRO Poudre,1789.2780618631637,2025-09-23,154
MED006,SRO Poudre,1789.2780618631637,2025-09-24,161
MED006,SRO Poudre,1789.2780618631637,2025-09-25,106
MED006,SRO Poudre,1789.2780618631637,2025-09-26,182
MED006,SRO Poudre,1789.2780618631637,2025-09-27,133
MED006,SRO Poudre,1789.2780618631637,2025-09-28,159
MED006,SRO Poudre,1789.2780618631637,2025-09-29,90
MED006,SRO Poudre,1789.2780618631637,2025-09-30,168
MED006,SRO Poudre,1789.2780618631637,2025-10-01,82
MED006,SRO Poudre,1789.2780618631637,2025-10-02,96
MED006,SRO Poudre,1789.2780618631637,2025-10-03,140
MED006,SRO Poudre,1789.2780618631637,2025-10-04,119
MED006,SRO Poudre,1789.2780618631637,2025-10-05,125
MED006,SRO Poudre,1789.2780618631637,2025-10-06,84
MED006,SRO Poudre,1789.2780618631637,2025-10-07,174
MED006,SRO Poudre,1789.2780618631637,2025-10-08,174
MED006,SRO Poudre,1789.2780618631637,2025-10-09,87
MED006,SRO Poudre,1789.2780618631637,2025-10-10,118
MED006,SRO Poudre,1789.2780618631637,2025-10-11,135
MED006,SRO Poudre,1789.2780618631637,2025-10-12,76
MED006,SRO Poudre,1789.2780618631637,2025-10-13,143
MED006,SRO Poudre,1789.2780618631637,2025-10-14,62
MED006,SRO Poudre,1789.2780618631637,2025-10-15,125
MED006,SRO Poudre,1789.2780618631637,2025-10-16,96
MED006,SRO Poudre,1789.2780618631637,2025-10-17,133
MED006,SRO Poudre,1789.2780618631637,2025-10-18,151
MED006,SRO Poudre,1789.2780618631637,2025-10-19,93
MED006,SRO Poudre,1789.2780618631637,2025-10-20,139
MED006,SRO Poudre,1789.2780618631637,2025-10-21,84
MED006,SRO Poudre,1789.2780618631637,2025-10-22,76
MED006,SRO Poudre,1789.2780618631637,2025-10-23,166
MED006,SRO Poudre,1789.2780618631637,2025-10-24,129
MED006,SRO Poudre,1789.2780618631637,2025-10-25,88
MED006,SRO Poudre,1789.2780618631637,2025-10-26,122
MED006,SRO Poudre,1789.2780618631637,2025-10-27,89
MED006,SRO Poudre,1789.2780618631637,2025-10-28,137
MED006,SRO Poudre,1789.2780618631637,2025-10-29,68
MED006,SRO Poudre,1789.2780618631637,2025-10-30,110
MED006,SRO Poudre,1789.2780618631637,2025-10-31,114
MED006,SRO Poudre,1789.2780618631637,2025-11-01,78
MED006,SRO Poudre,1789.2780618631637,2025-11-02,65
MED006,SRO Poudre,1789.2780618631637,2025-11-03,90
MED006,SRO Poudre,1789.2780618631637,2025-11-04,93
MED006,SRO Poudre,1789.2780618631637,2025-11-05,39
MED006,SRO Poudre,1789.2780618631637,2025-11-06,65
MED006,SRO Poudre,1789.2780618631637,2025-11-07,66
MED006,SRO Poudre,1789.2780618631637,2025-11-08,65
MED006,SRO Poudre,1789.2780618631637,2025-11-09,45
MED006,SRO Poudre,1789.2780618631637,2025-11-10,18
MED006,SRO Poudre,1789.2780618631637,2025-11-11,69
MED006,SRO Poudre,1789.2780618631637,2025-11-12,94
MED006,SRO Poudre,1789.2780618631637,2025-11-13,75
MED006,SRO Poudre,1789.2780618631637,2025-11-14,74
MED006,SRO Poudre,1789.2780618631637,2025-11-15,43
MED006,SRO Poudre,1789.2780618631637,2025-11-16,50
MED006,SRO Poudre,1789.2780618631637,2025-11-17,54
MED006,SRO Poudre,1789.2780618631637,2025-11-18,74
MED006,SRO Poudre,1789.2780618631637,2025-11-19,82
MED006,SRO Poudre,1789.2780618631637,2025-11-20,85
MED006,SRO Poudre,1789.2780618631637,2025-11-21,33
MED006,SRO Poudre,1789.2780618631637,2025-11-22,95
MED006,SRO Poudre,1789.2780618631637,2025-11-23,79
MED006,SRO Poudre,1789.2780618631637,2025-11-24,52
MED006,SRO Poudre,1789.2780618631637,2025-11-25,68
MED006,SRO Poudre,1789.2780618631637,2025-11-26,70
MED006,SRO Poudre,1789.2780618631637,2025-11-27,75
MED006,SRO Poudre,1789.2780618631637,2025-11-28,86
MED006,SRO Poudre,1789.2780618631637,2025-11-29,88
MED006,SRO Poudre,1789.2780618631637,2025-11-30,44
MED006,SRO Poudre,1789.2780618631637,2025-12-01,60
MED006,SRO Poudre,1789.2780618631637,2025-12-02,40
MED006,SRO Poudre,1789.2780618631637,2025-12-03,54
MED006,SRO Poudre,1789.2780618631637,2025-12-04,50
MED006,SRO Poudre,1789.2780618631637,2025-12-05,64
MED006,SRO Poudre,1789.2780618631637,2025-12-06,86
MED006,SRO Poudre,1789.2780618631637,2025-12-07,76
MED006,SRO Poudre,1789.2780618631637,2025-12-08,65
MED006,SRO Poudre,1789.2780618631637,2025-12-09,63
MED006,SRO Poudre,1789.2780618631637,2025-12-10,53
MED006,SRO Poudre,1789.2780618631637,2025-12-11,103
MED006,SRO Poudre,1789.2780618631637,2025-12-12,57
MED006,SRO Poudre,1789.2780618631637,2025-12-13,76
MED006,SRO Poudre,1789.2780618631637,2025-12-14,89
MED006,SRO Poudre,1789.2780618631637,2025-12-15,40
MED006,SRO Poudre,1789.2780618631637,2025-12-16,59
MED006,SRO Poudre,1789.2780618631637,2025-12-17,42
MED006,SRO Poudre,1789.2780618631637,2025-12-18,74
MED006,SRO Poudre,1789.2780618631637,2025-12-19,47
MED006,SRO Poudre,1789.2780618631637,2025-12-20,149
MED006,SRO Poudre,1789.2780618631637,2025-12-21,53
MED006,SRO Poudre,1789.2780618631637,2025-12-22,103
MED006,SRO Poudre,1789.2780618631637,2025-12-23,127
MED006,SRO Poudre,1789.2780618631637,2025-12-24,103
MED006,SRO Poudre,1789.2780618631637,2025-12-25,70
MED006,SRO Poudre,1789.2780618631637,2025-12-26,23
MED006,SRO Poudre,1789.2780618631637,2025-12-27,147
MED006,SRO Poudre,1789.2780618631637,2025-12-28,29
MED006,SRO Poudre,1789.2780618631637,2025-12-29,95
MED006,SRO Poudre,1789.2780618631637,2025-12-30,41
MED006,SRO Poudre,1789.2780618631637,2025-12-31,88
MED006,SRO Poudre,1789.2780618631637,2026-01-01,104
MED006,SRO Poudre,1789.2780618631637,2026-01-02,88
MED006,SRO Poudre,1789.2780618631637,2026-01-03,81
MED006,SRO Poudre,1789.2780618631637,2026-01-04,72
MED006,SRO Poudre,1789.2780618631637,2026-01-05,117
MED006,SRO Poudre,1789.2780618631637,2026-01-06,39
MED006,SRO Poudre,1789.2780618631637,2026-01-07,98
MED006,SRO Poudre,1789.2780618631637,2026-01-08,72
MED006,SRO Poudre,1789.2780618631637,2026-01-09,73
MED006,SRO Poudre,1789.2780618631637,2026-01-10,56
MED006,SRO Poudre,1789.2780618631637,2026-01-11,90
MED006,SRO Poudre,1789.2780618631637,2026-01-12,93
MED006,SRO Poudre,1789.2780618631637,2026-01-13,34
MED006,SRO Poudre,1789.2780618631637,2026-01-14,34
MED006,SRO Poudre,1789.2780618631637,2026-01-15,62
MED006,SRO Poudre,1789.2780618631637,2026-01-16,61
MED006,SRO Poudre,1789.2780618631637,2026-01-17,68
MED006,SRO Poudre,1789.2780618631637,2026-01-18,73
MED006,SRO Poudre,1789.2780618631637,2026-01-19,81
MED006,SRO Poudre,1789.2780618631637,2026-01-20,66
MED006,SRO Poudre,1789.2780618631637,2026-01-21,70
MED006,SRO Poudre,1789.2780618631637,2026-01-22,118
MED006,SRO Poudre,1789.2780618631637,2026-01-23,69
MED006,SRO Poudre,1789.2780618631637,2026-01-24,82
MED006,SRO Poudre,1789.2780618631637,2026-01-25,75
MED006,SRO Poudre,1789.2780618631637,2026-01-26,77
MED006,SRO Poudre,1789.2780618631637,2026-01-27,71
MED006,SRO Poudre,1789.2780618631637,2026-01-28,89
MED006,SRO Poudre,1789.2780618631637,2026-01-29,100
MED006,SRO Poudre,1789.2780618631637,2026-01-30,113
MED006,SRO Poudre,1789.2780618631637,2026-01-31,65
MED006,SRO Poudre,1789.2780618631637,2026-02-01,87
MED006,SRO Poudre,1789.2780618631637,2026-02-02,77
MED006,SRO Poudre,1789.2780618631637,2026-02-03,101
MED006,SRO Poudre,1789.2780618631637,2026-02-04,50
MED006,SRO Poudre,1789.2780618631637,2026-02-05,72
MED006,SRO Poudre,1789.2780618631637,2026-02-06,89
MED006,SRO Poudre,1789.2780618631637,2026-02-07,114
MED006,SRO Poudre,1789.2780618631637,2026-02-08,37
MED006,SRO Poudre,1789.2780618631637,2026-02-09,63
MED006,SRO Poudre,1789.2780618631637,2026-02-10,30
MED006,SRO Poudre,1789.2780618631637,2026-02-11,52
MED006,SRO Poudre,1789.2780618631637,2026-02-12,46
MED006,SRO Poudre,1789.2780618631637,2026-02-13,54
MED006,SRO Poudre,1789.2780618631637,2026-02-14,69
MED006,SRO Poudre,1789.2780618631637,2026-02-15,88
MED006,SRO Poudre,1789.2780618631637,2026-02-16,63
MED006,SRO Poudre,1789.2780618631637,2026-02-17,92
MED006,SRO Poudre,1789.2780618631637,2026-02-18,57
MED006,SRO Poudre,1789.2780618631637,2026-02-19,59
MED006,SRO Poudre,1789.2780618631637,2026-02-20,50
MED006,SRO Poudre,1789.2780618631637,2026-02-21,93
MED006,SRO Poudre,1789.2780618631637,2026-02-22,61
MED006,SRO Poudre,1789.2780618631637,2026-02-23,76
MED006,SRO Poudre,1789.2780618631637,2026-02-24,72
MED006,SRO Poudre,1789.2780618631637,2026-02-25,34
MED006,SRO Poudre,1789.2780618631637,2026-02-26,85
MED006,SRO Poudre,1789.2780618631637,2026-02-27,46
MED006,SRO Poudre,1789.2780618631637,2026-02-28,90
MED006,SRO Poudre,1789.2780618631637,2026-03-01,112
MED006,SRO Poudre,1789.2780618631637,2026-03-02,57
MED006,SRO Poudre,1789.2780618631637,2026-03-03,85
MED006,SRO Poudre,1789.2780618631637,2026-03-04,91
MED006,SRO Poudre,1789.2780618631637,2026-03-05,73
MED006,SRO Poudre,1789.2780618631637,2026-03-06,54
MED006,SRO Poudre,1789.2780618631637,2026-03-07,88
MED006,SRO Poudre,1789.2780618631637,2026-03-08,76
MED006,SRO Poudre,1789.2780618631637,2026-03-09,90
MED006,SRO Poudre,1789.2780618631637,2026-03-10,65
MED006,SRO Poudre,1789.2780618631637,2026-03-11,82
MED006,SRO Poudre,1789.2780618631637,2026-03-12,41
MED006,SRO Poudre,1789.2780618631637,2026-03-13,44
MED006,SRO Poudre,1789.2780618631637,2026-03-14,55
MED006,SRO Poudre,1789.2780618631637,2026-03-15,49
MED006,SRO Poudre,1789.2780618631637,2026-03-16,27
MED006,SRO Poudre,1789.2780618631637,2026-03-17,124
MED006,SRO Poudre,1789.2780618631637,2026-03-18,52
MED006,SRO Poudre,1789.2780618631637,2026-03-19,74
MED006,SRO Poudre,1789.2780618631637,2026-03-20,84
MED006,SRO Poudre,1789.2780618631637,2026-03-21,103
MED006,SRO Poudre,1789.2780618631637,2026-03-22,72
MED006,SRO Poudre,1789.2780618631637,2026-03-23,100
MED006,SRO Poudre,1789.2780618631637,2026-03-24,57
MED006,SRO Poudre,1789.2780618631637,2026-03-25,89
MED006,SRO Poudre,1789.2780618631637,2026-03-26,76
MED006,SRO Poudre,1789.2780618631637,2026-03-27,48
MED006,SRO Poudre,1789.2780618631637,2026-03-28,60
MED006,SRO Poudre,1789.2780618631637,2026-03-29,87
MED006,SRO Poudre,1789.2780618631637,2026-03-30,66
MED006,SRO Poudre,1789.2780618631637,2026-03-31,60
MED006,SRO Poudre,1789.2780618631637,2026-04-01,70
MED006,SRO Poudre,1789.2780618631637,2026-04-02,69
MED006,SRO Poudre,1789.2780618631637,2026-04-03,110
MED006,SRO Poudre,1789.2780618631637,2026-04-04,99
MED006,SRO Poudre,1789.2780618631637,2026-04-05,56
MED006,SRO Poudre,1789.2780618631637,2026-04-06,47
MED006,SRO Poudre,1789.2780618631637,2026-04-07,57
MED006,SRO Poudre,1789.2780618631637,2026-04-08,40
MED006,SRO Poudre,1789.2780618631637,2026-04-09,69
MED006,SRO Poudre,1789.2780618631637,2026-04-10,98
MED006,SRO Poudre,1789.2780618631637,2026-04-11,105
MED006,SRO Poudre,1789.2780618631637,2026-04-12,45
MED006,SRO Poudre,1789.2780618631637,2026-04-13,86
MED006,SRO Poudre,1789.2780618631637,2026-04-14,45
MED006,SRO Poudre,1789.2780618631637,2026-04-15,97
MED006,SRO Poudre,1789.2780618631637,2026-04-16,41
MED006,SRO Poudre,1789.2780618631637,2026-04-17,18
MED006,SRO Poudre,1789.2780618631637,2026-04-18,67
MED006,SRO Poudre,1789.2780618631637,2026-04-19,68
MED006,SRO Poudre,1789.2780618631637,2026-04-20,94
MED006,SRO Poudre,1789.2780618631637,2026-04-21,77
MED006,SRO Poudre,1789.2780618631637,2026-04-22,92
MED006,SRO Poudre,1789.2780618631637,2026-04-23,102
MED006,SRO Poudre,1789.2780618631637,2026-04-24,91
MED006,SRO Poudre,1789.2780618631637,2026-04-25,94
MED006,SRO Poudre,1789.2780618631637,2026-04-26,87
MED006,SRO Poudre,1789.2780618631637,2026-04-27,76
MED006,SRO Poudre,1789.2780618631637,2026-04-28,54
MED006,SRO Poudre,1789.2780618631637,2026-04-29,63
MED006,SRO Poudre,1789.2780618631637,2026-04-30,78
MED006,SRO Poudre,1789.2780618631637,2026-05-01,86
MED006,SRO Poudre,1789.2780618631637,2026-05-02,111
MED006,SRO Poudre,1789.2780618631637,2026-05-03,69
MED006,SRO Poudre,1789.2780618631637,2026-05-04,81
MED006,SRO Poudre,1789.2780618631637,2026-05-05,90
MED006,SRO Poudre,1789.2780618631637,2026-05-06,76
MED006,SRO Poudre,1789.2780618631637,2026-05-07,107
MED006,SRO Poudre,1789.2780618631637,2026-05-08,61
MED006,SRO Poudre,1789.2780618631637,2026-05-09,90
MED006,SRO Poudre,1789.2780618631637,2026-05-10,82
MED006,SRO Poudre,1789.2780618631637,2026-05-11,53
MED006,SRO Poudre,1789.2780618631637,2026-05-12,58
MED006,SRO Poudre,1789.2780618631637,2026-05-13,64
MED006,SRO Poudre,1789.2780618631637,2026-05-14,93
MED006,SRO Poudre,1789.2780618631637,2026-05-15,70
MED006,SRO Poudre,1789.2780618631637,2026-05-16,112
MED006,SRO Poudre,1789.2780618631637,2026-05-17,91
MED006,SRO Poudre,1789.2780618631637,2026-05-18,70
MED006,SRO Poudre,1789.2780618631637,2026-05-19,99
MED006,SRO Poudre,1789.2780618631637,2026-05-20,19
MED006,SRO Poudre,1789.2780618631637,2026-05-21,77
MED006,SRO Poudre,1789.2780618631637,2026-05-22,62
MED006,SRO Poudre,1789.2780618631637,2026-05-23,111
MED006,SRO Poudre,1789.2780618631637,2026-05-24,41
MED006,SRO Poudre,1789.2780618631637,2026-05-25,85
MED006,SRO Poudre,1789.2780618631637,2026-05-26,44
MED006,SRO Poudre,1789.2780618631637,2026-05-27,103
MED006,SRO Poudre,1789.2780618631637,2026-05-28,77
MED006,SRO Poudre,1789.2780618631637,2026-05-29,71
MED006,SRO Poudre,1789.2780618631637,2026-05-30,91
MED006,SRO Poudre,1789.2780618631637,2026-05-31,72
MED006,SRO Poudre,1789.2780618631637,2026-06-01,132
MED006,SRO Poudre,1789.2780618631637,2026-06-02,121
MED006,SRO Poudre,1789.2780618631637,2026-06-03,162
MED006,SRO Poudre,1789.2780618631637,2026-06-04,99
MED006,SRO Poudre,1789.2780618631637,2026-06-05,116
MED006,SRO Poudre,1789.2780618631637,2026-06-06,139
MED006,SRO Poudre,1789.2780618631637,2026-06-07,102
MED006,SRO Poudre,1789.2780618631637,2026-06-08,57
MED006,SRO Poudre,1789.2780618631637,2026-06-09,107
MED006,SRO Poudre,1789.2780618631637,2026-06-10,95
MED006,SRO Poudre,1789.2780618631637,2026-06-11,38
MED006,SRO Poudre,1789.2780618631637,2026-06-12,113
MED006,SRO Poudre,1789.2780618631637,2026-06-13,160
MED006,SRO Poudre,1789.2780618631637,2026-06-14,99
MED006,SRO Poudre,1789.2780618631637,2026-06-15,135
MED006,SRO Poudre,1789.2780618631637,2026-06-16,138
MED006,SRO Poudre,1789.2780618631637,2026-06-17,90
MED006,SRO Poudre,1789.2780618631637,2026-06-18,101
MED006,SRO Poudre,1789.2780618631637,2026-06-19,169
MED006,SRO Poudre,1789.2780618631637,2026-06-20,129
MED006,SRO Poudre,1789.2780618631637,2026-06-21,150
MED006,SRO Poudre,1789.2780618631637,2026-06-22,104
MED006,SRO Poudre,1789.2780618631637,2026-06-23,48
MED006,SRO Poudre,1789.2780618631637,2026-06-24,91
MED006,SRO Poudre,1789.2780618631637,2026-06-25,61
MED006,SRO Poudre,1789.2780618631637,2026-06-26,145
MED006,SRO Poudre,1789.2780618631637,2026-06-27,159
MED006,SRO Poudre,1789.2780618631637,2026-06-28,142
MED006,SRO Poudre,1789.2780618631637,2026-06-29,109
MED006,SRO Poudre,1789.2780618631637,2026-06-30,159
MED006,SRO Poudre,1789.2780618631637,2026-07-01,151
MED006,SRO Poudre,1789.2780618631637,2026-07-02,142
MED006,SRO Poudre,1789.2780618631637,2026-07-03,91
MED006,SRO Poudre,1789.2780618631637,2026-07-04,116
MED006,SRO Poudre,1789.2780618631637,2026-07-05,76
MED006,SRO Poudre,1789.2780618631637,2026-07-06,91
MED006,SRO Poudre,1789.2780618631637,2026-07-07,171
MED006,SRO Poudre,1789.2780618631637,2026-07-08,31
MED006,SRO Poudre,1789.2780618631637,2026-07-09,113
MED006,SRO Poudre,1789.2780618631637,2026-07-10,95
MED006,SRO Poudre,1789.2780618631637,2026-07-11,111
MED006,SRO Poudre,1789.2780618631637,2026-07-12,61
MED006,SRO Poudre,1789.2780618631637,2026-07-13,70
MED006,SRO Poudre,1789.2780618631637,2026-07-14,33
MED006,SRO Poudre,1789.2780618631637,2026-07-15,63
MED006,SRO Poudre,1789.2780618631637,2026-07-16,140
MED006,SRO Poudre,1789.2780618631637,2026-07-17,108
MED006,SRO Poudre,1789.2780618631637,2026-07-18,154
MED006,SRO Poudre,1789.2780618631637,2026-07-19,97
MED006,SRO Poudre,1789.2780618631637,2026-07-20,176
MED006,SRO Poudre,1789.2780618631637,2026-07-21,120
MED006,SRO Poudre,1789.2780618631637,2026-07-22,66
MED006,SRO Poudre,1789.2780618631637,2026-07-23,164
MED006,SRO Poudre,1789.2780618631637,2026-07-24,138
MED006,SRO Poudre,1789.2780618631637,2026-07-25,82
MED006,SRO Poudre,1789.2780618631637,2026-07-26,79
MED006,SRO Poudre,1789.2780618631637,2026-07-27,130
MED006,SRO Poudre,1789.2780618631637,2026-07-28,115
MED006,SRO Poudre,1789.2780618631637,2026-07-29,111
MED006,SRO Poudre,1789.2780618631637,2026-07-30,128
MED006,SRO Poudre,1789.2780618631637,2026-07-31,74
MED006,SRO Poudre,1789.2780618631637,2026-08-01,156
MED006,SRO Poudre,1789.2780618631637,2026-08-02,133
MED006,SRO Poudre,1789.2780618631637,2026-08-03,125
MED006,SRO Poudre,1789.2780618631637,2026-08-04,88
MED006,SRO Poudre,1789.2780618631637,2026-08-05,95
MED006,SRO Poudre,1789.2780618631637,2026-08-06,114
MED006,SRO Poudre,1789.2780618631637,2026-08-07,80
MED006,SRO Poudre,1789.2780618631637,2026-08-08,54
MED006,SRO Poudre,1789.2780618631637,2026-08-09,143
MED006,SRO Poudre,1789.2780618631637,2026-08-10,127
MED006,SRO Poudre,1789.2780618631637,2026-08-11,106
MED006,SRO Poudre,1789.2780618631637,2026-08-12,79
MED006,SRO Poudre,1789.2780618631637,2026-08-13,123
MED006,SRO Poudre,1789.2780618631637,2026-08-14,95
MED006,SRO Poudre,1789.2780618631637,2026-08-15,195
MED006,SRO Poudre,1789.2780618631637,2026-08-16,122
MED006,SRO Poudre,1789.2780618631637,2026-08-17,80
MED006,SRO Poudre,1789.2780618631637,2026-08-18,86
MED007,Vaccin Méningite,3267.8366765983437,2025-08-19,89
MED007,Vaccin Méningite,3267.8366765983437,2025-08-20,91
MED007,Vaccin Méningite,3267.8366765983437,2025-08-21,67
MED007,Vaccin Méningite,3267.8366765983437,2025-08-22,79
MED007,Vaccin Méningite,3267.8366765983437,2025-08-23,119
MED007,Vaccin Méningite,3267.8366765983437,2025-08-24,133
MED007,Vaccin Méningite,3267.8366765983437,2025-08-25,110
MED007,Vaccin Méningite,3267.8366765983437,2025-08-26,55
MED007,Vaccin Méningite,3267.8366765983437,2025-08-27,58
MED007,Vaccin Méningite,3267.8366765983437,2025-08-28,100
MED007,Vaccin Méningite,3267.8366765983437,2025-08-29,61
MED007,Vaccin Méningite,3267.8366765983437,2025-08-30,107
MED007,Vaccin Méningite,3267.8366765983437,2025-08-31,20
MED007,Vaccin Méningite,3267.8366765983437,2025-09-01,40
MED007,Vaccin Méningite,3267.8366765983437,2025-09-02,66
MED007,Vaccin Méningite,3267.8366765983437,2025-09-03,71
MED007,Vaccin Méningite,3267.8366765983437,2025-09-04,89
MED007,Vaccin Méningite,3267.8366765983437,2025-09-05,46
MED007,Vaccin Méningite,3267.8366765983437,2025-09-06,61
MED007,Vaccin Méningite,3267.8366765983437,2025-09-07,104
MED007,Vaccin Méningite,3267.8366765983437,2025-09-08,68
MED007,Vaccin Méningite,3267.8366765983437,2025-09-09,86
MED007,Vaccin Méningite,3267.8366765983437,2025-09-10,79
MED007,Vaccin Méningite,3267.8366765983437,2025-09-11,23
MED007,Vaccin Méningite,3267.8366765983437,2025-09-12,74
MED007,Vaccin Méningite,3267.8366765983437,2025-09-13,88
MED007,Vaccin Méningite,3267.8366765983437,2025-09-14,34
MED007,Vaccin Méningite,3267.8366765983437,2025-09-15,85
MED007,Vaccin Méningite,3267.8366765983437,2025-09-16,97
MED007,Vaccin Méningite,3267.8366765983437,2025-09-17,69
MED007,Vaccin Méningite,3267.8366765983437,2025-09-18,100
MED007,Vaccin Méningite,3267.8366765983437,2025-09-19,72
MED007,Vaccin Méningite,3267.8366765983437,2025-09-20,122
MED007,Vaccin Méningite,3267.8366765983437,2025-09-21,83
MED007,Vaccin Méningite,3267.8366765983437,2025-09-22,88
MED007,Vaccin Méningite,3267.8366765983437,2025-09-23,17
MED007,Vaccin Méningite,3267.8366765983437,2025-09-24,82
MED007,Vaccin Méningite,3267.8366765983437,2025-09-25,59
MED007,Vaccin Méningite,3267.8366765983437,2025-09-26,84
MED007,Vaccin Méningite,3267.8366765983437,2025-09-27,138
MED007,Vaccin Méningite,3267.8366765983437,2025-09-28,98
MED007,Vaccin Méningite,3267.8366765983437,2025-09-29,122
MED007,Vaccin Méningite,3267.8366765983437,2025-09-30,63
MED007,Vaccin Méningite,3267.8366765983437,2025-10-01,102
MED007,Vaccin Méningite,3267.8366765983437,2025-10-02,71
MED007,Vaccin Méningite,3267.8366765983437,2025-10-03,77
MED007,Vaccin Méningite,3267.8366765983437,2025-10-04,91
MED007,Vaccin Méningite,3267.8366765983437,2025-10-05,79
MED007,Vaccin Méningite,3267.8366765983437,2025-10-06,77
MED007,Vaccin Méningite,3267.8366765983437,2025-10-07,77
MED007,Vaccin Méningite,3267.8366765983437,2025-10-08,67
MED007,Vaccin Méningite,3267.8366765983437,2025-10-09,89
MED007,Vaccin Méningite,3267.8366765983437,2025-10-10,112
MED007,Vaccin Méningite,3267.8366765983437,2025-10-11,68
MED007,Vaccin Méningite,3267.8366765983437,2025-10-12,114
MED007,Vaccin Méningite,3267.8366765983437,2025-10-13,60
MED007,Vaccin Méningite,3267.8366765983437,2025-10-14,104
MED007,Vaccin Méningite,3267.8366765983437,2025-10-15,135
MED007,Vaccin Méningite,3267.8366765983437,2025-10-16,95
MED007,Vaccin Méningite,3267.8366765983437,2025-10-17,101
MED007,Vaccin Méningite,3267.8366765983437,2025-10-18,144
MED007,Vaccin Méningite,3267.8366765983437,2025-10-19,76
MED007,Vaccin Méningite,3267.8366765983437,2025-10-20,63
MED007,Vaccin Méningite,3267.8366765983437,2025-10-21,48
MED007,Vaccin Méningite,3267.8366765983437,2025-10-22,40
MED007,Vaccin Méningite,3267.8366765983437,2025-10-23,145
MED007,Vaccin Méningite,3267.8366765983437,2025-10-24,122
MED007,Vaccin Méningite,3267.8366765983437,2025-10-25,17
MED007,Vaccin Méningite,3267.8366765983437,2025-10-26,54
MED007,Vaccin Méningite,3267.8366765983437,2025-10-27,86
MED007,Vaccin Méningite,3267.8366765983437,2025-10-28,87
MED007,Vaccin Méningite,3267.8366765983437,2025-10-29,86
MED007,Vaccin Méningite,3267.8366765983437,2025-10-30,126
MED007,Vaccin Méningite,3267.8366765983437,2025-10-31,113
MED007,Vaccin Méningite,3267.8366765983437,2025-11-01,82
MED007,Vaccin Méningite,3267.8366765983437,2025-11-02,68
MED007,Vaccin Méningite,3267.8366765983437,2025-11-03,59
MED007,Vaccin Méningite,3267.8366765983437,2025-11-04,73
MED007,Vaccin Méningite,3267.8366765983437,2025-11-05,38
MED007,Vaccin Méningite,3267.8366765983437,2025-11-06,62
MED007,Vaccin Méningite,3267.8366765983437,2025-11-07,37
MED007,Vaccin Méningite,3267.8366765983437,2025-11-08,25
MED007,Vaccin Méningite,3267.8366765983437,2025-11-09,83
MED007,Vaccin Méningite,3267.8366765983437,2025-11-10,64
MED007,Vaccin Méningite,3267.8366765983437,2025-11-11,78
MED007,Vaccin Méningite,3267.8366765983437,2025-11-12,29
MED007,Vaccin Méningite,3267.8366765983437,2025-11-13,65
MED007,Vaccin Méningite,3267.8366765983437,2025-11-14,59
MED007,Vaccin Méningite,3267.8366765983437,2025-11-15,79
MED007,Vaccin Méningite,3267.8366765983437,2025-11-16,51
MED007,Vaccin Méningite,3267.8366765983437,2025-11-17,79
MED007,Vaccin Méningite,3267.8366765983437,2025-11-18,68
MED007,Vaccin Méningite,3267.8366765983437,2025-11-19,88
MED007,Vaccin Méningite,3267.8366765983437,2025-11-20,84
MED007,Vaccin Méningite,3267.8366765983437,2025-11-21,63
MED007,Vaccin Méningite,3267.8366765983437,2025-11-22,72
MED007,Vaccin Méningite,3267.8366765983437,2025-11-23,70
MED007,Vaccin Méningite,3267.8366765983437,2025-11-24,51
MED007,Vaccin Méningite,3267.8366765983437,2025-11-25,56
MED007,Vaccin Méningite,3267.8366765983437,2025-11-26,61
MED007,Vaccin Méningite,3267.8366765983437,2025-11-27,47
MED007,Vaccin Méningite,3267.8366765983437,2025-11-28,79
MED007,Vaccin Méningite,3267.8366765983437,2025-11-29,77
MED007,Vaccin Méningite,3267.8366765983437,2025-11-30,40
MED007,Vaccin Méningite,3267.8366765983437,2025-12-01,55
MED007,Vaccin Méningite,3267.8366765983437,2025-12-02,69
MED007,Vaccin Méningite,3267.8366765983437,2025-12-03,82
MED007,Vaccin Méningite,3267.8366765983437,2025-12-04,55
MED007,Vaccin Méningite,3267.8366765983437,2025-12-05,41
MED007,Vaccin Méningite,3267.8366765983437,2025-12-06,74
MED007,Vaccin Méningite,3267.8366765983437,2025-12-07,67
MED007,Vaccin Méningite,3267.8366765983437,2025-12-08,70
MED007,Vaccin Méningite,3267.8366765983437,2025-12-09,79
MED007,Vaccin Méningite,3267.8366765983437,2025-12-10,52
MED007,Vaccin Méningite,3267.8366765983437,2025-12-11,103
MED007,Vaccin Méningite,3267.8366765983437,2025-12-12,63
MED007,Vaccin Méningite,3267.8366765983437,2025-12-13,89
MED007,Vaccin Méningite,3267.8366765983437,2025-12-14,47
MED007,Vaccin Méningite,3267.8366765983437,2025-12-15,53
MED007,Vaccin Méningite,3267.8366765983437,2025-12-16,38
MED007,Vaccin Méningite,3267.8366765983437,2025-12-17,23
MED007,Vaccin Méningite,3267.8366765983437,2025-12-18,76
MED007,Vaccin Méningite,3267.8366765983437,2025-12-19,43
MED007,Vaccin Méningite,3267.8366765983437,2025-12-20,63
MED007,Vaccin Méningite,3267.8366765983437,2025-12-21,77
MED007,Vaccin Méningite,3267.8366765983437,2025-12-22,78
MED007,Vaccin Méningite,3267.8366765983437,2025-12-23,37
MED007,Vaccin Méningite,3267.8366765983437,2025-12-24,43
MED007,Vaccin Méningite,3267.8366765983437,2025-12-25,53
MED007,Vaccin Méningite,3267.8366765983437,2025-12-26,74
MED007,Vaccin Méningite,3267.8366765983437,2025-12-27,83
MED007,Vaccin Méningite,3267.8366765983437,2025-12-28,48
MED007,Vaccin Méningite,3267.8366765983437,2025-12-29,47
MED007,Vaccin Méningite,3267.8366765983437,2025-12-30,56
MED007,Vaccin Méningite,3267.8366765983437,2025-12-31,49
MED007,Vaccin Méningite,3267.8366765983437,2026-01-01,67
MED007,Vaccin Méningite,3267.8366765983437,2026-01-02,23
MED007,Vaccin Méningite,3267.8366765983437,2026-01-03,97
MED007,Vaccin Méningite,3267.8366765983437,2026-01-04,46
MED007,Vaccin Méningite,3267.8366765983437,2026-01-05,79
MED007,Vaccin Méningite,3267.8366765983437,2026-01-06,99
MED007,Vaccin Méningite,3267.8366765983437,2026-01-07,33
MED007,Vaccin Méningite,3267.8366765983437,2026-01-08,30
MED007,Vaccin Méningite,3267.8366765983437,2026-01-09,40
MED007,Vaccin Méningite,3267.8366765983437,2026-01-10,66
MED007,Vaccin Méningite,3267.8366765983437,2026-01-11,67
MED007,Vaccin Méningite,3267.8366765983437,2026-01-12,39
MED007,Vaccin Méningite,3267.8366765983437,2026-01-13,61
MED007,Vaccin Méningite,3267.8366765983437,2026-01-14,38
MED007,Vaccin Méningite,3267.8366765983437,2026-01-15,55
MED007,Vaccin Méningite,3267.8366765983437,2026-01-16,68
MED007,Vaccin Méningite,3267.8366765983437,2026-01-17,37
MED007,Vaccin Méningite,3267.8366765983437,2026-01-18,92
MED007,Vaccin Méningite,3267.8366765983437,2026-01-19,47
MED007,Vaccin Méningite,3267.8366765983437,2026-01-20,54
MED007,Vaccin Méningite,3267.8366765983437,2026-01-21,47
MED007,Vaccin Méningite,3267.8366765983437,2026-01-22,46
MED007,Vaccin Méningite,3267.8366765983437,2026-01-23,75
MED007,Vaccin Méningite,3267.8366765983437,2026-01-24,71
MED007,Vaccin Méningite,3267.8366765983437,2026-01-25,66
MED007,Vaccin Méningite,3267.8366765983437,2026-01-26,53
MED007,Vaccin Méningite,3267.8366765983437,2026-01-27,72
MED007,Vaccin Méningite,3267.8366765983437,2026-01-28,42
MED007,Vaccin Méningite,3267.8366765983437,2026-01-29,26
MED007,Vaccin Méningite,3267.8366765983437,2026-01-30,84
MED007,Vaccin Méningite,3267.8366765983437,2026-01-31,79
MED007,Vaccin Méningite,3267.8366765983437,2026-02-01,49
MED007,Vaccin Méningite,3267.8366765983437,2026-02-02,84
MED007,Vaccin Méningite,3267.8366765983437,2026-02-03,72
MED007,Vaccin Méningite,3267.8366765983437,2026-02-04,67
MED007,Vaccin Méningite,3267.8366765983437,2026-02-05,79
MED007,Vaccin Méningite,3267.8366765983437,2026-02-06,52
MED007,Vaccin Méningite,3267.8366765983437,2026-02-07,89
MED007,Vaccin Méningite,3267.8366765983437,2026-02-08,118
MED007,Vaccin Méningite,3267.8366765983437,2026-02-09,42
MED007,Vaccin Méningite,3267.8366765983437,2026-02-10,56
MED007,Vaccin Méningite,3267.8366765983437,2026-02-11,69
MED007,Vaccin Méningite,3267.8366765983437,2026-02-12,53
MED007,Vaccin Méningite,3267.8366765983437,2026-02-13,78
MED007,Vaccin Méningite,3267.8366765983437,2026-02-14,77
MED007,Vaccin Méningite,3267.8366765983437,2026-02-15,41
MED007,Vaccin Méningite,3267.8366765983437,2026-02-16,98
MED007,Vaccin Méningite,3267.8366765983437,2026-02-17,67
MED007,Vaccin Méningite,3267.8366765983437,2026-02-18,49
MED007,Vaccin Méningite,3267.8366765983437,2026-02-19,55
MED007,Vaccin Méningite,3267.8366765983437,2026-02-20,54
MED007,Vaccin Méningite,3267.8366765983437,2026-02-21,62
MED007,Vaccin Méningite,3267.8366765983437,2026-02-22,90
MED007,Vaccin Méningite,3267.8366765983437,2026-02-23,66
MED007,Vaccin Méningite,3267.8366765983437,2026-02-24,35
MED007,Vaccin Méningite,3267.8366765983437,2026-02-25,71
MED007,Vaccin Méningite,3267.8366765983437,2026-02-26,55
MED007,Vaccin Méningite,3267.8366765983437,2026-02-27,84
MED007,Vaccin Méningite,3267.8366765983437,2026-02-28,76
MED007,Vaccin Méningite,3267.8366765983437,2026-03-01,84
MED007,Vaccin Méningite,3267.8366765983437,2026-03-02,84
MED007,Vaccin Méningite,3267.8366765983437,2026-03-03,56
MED007,Vaccin Méningite,3267.8366765983437,2026-03-04,62
MED007,Vaccin Méningite,3267.8366765983437,2026-03-05,61
MED007,Vaccin Méningite,3267.8366765983437,2026-03-06,58
MED007,Vaccin Méningite,3267.8366765983437,2026-03-07,56
MED007,Vaccin Méningite,3267.8366765983437,2026-03-08,13
MED007,Vaccin Méningite,3267.8366765983437,2026-03-09,57
MED007,Vaccin Méningite,3267.8366765983437,2026-03-10,74
MED007,Vaccin Méningite,3267.8366765983437,2026-03-11,51
MED007,Vaccin Méningite,3267.8366765983437,2026-03-12,66
MED007,Vaccin Méningite,3267.8366765983437,2026-03-13,76
MED007,Vaccin Méningite,3267.8366765983437,2026-03-14,56
MED007,Vaccin Méningite,3267.8366765983437,2026-03-15,31
MED007,Vaccin Méningite,3267.8366765983437,2026-03-16,39
MED007,Vaccin Méningite,3267.8366765983437,2026-03-17,37
MED007,Vaccin Méningite,3267.8366765983437,2026-03-18,30
MED007,Vaccin Méningite,3267.8366765983437,2026-03-19,73
MED007,Vaccin Méningite,3267.8366765983437,2026-03-20,74
MED007,Vaccin Méningite,3267.8366765983437,2026-03-21,67
MED007,Vaccin Méningite,3267.8366765983437,2026-03-22,75
MED007,Vaccin Méningite,3267.8366765983437,2026-03-23,51
MED007,Vaccin Méningite,3267.8366765983437,2026-03-24,47
MED007,Vaccin Méningite,3267.8366765983437,2026-03-25,47
MED007,Vaccin Méningite,3267.8366765983437,2026-03-26,96
MED007,Vaccin Méningite,3267.8366765983437,2026-03-27,52
MED007,Vaccin Méningite,3267.8366765983437,2026-03-28,43
MED007,Vaccin Méningite,3267.8366765983437,2026-03-29,57
MED007,Vaccin Méningite,3267.8366765983437,2026-03-30,49
MED007,Vaccin Méningite,3267.8366765983437,2026-03-31,68
MED007,Vaccin Méningite,3267.8366765983437,2026-04-01,87
MED007,Vaccin Méningite,3267.8366765983437,2026-04-02,58
MED007,Vaccin Méningite,3267.8366765983437,2026-04-03,52
MED007,Vaccin Méningite,3267.8366765983437,2026-04-04,68
MED007,Vaccin Méningite,3267.8366765983437,2026-04-05,61
MED007,Vaccin Méningite,3267.8366765983437,2026-04-06,82
MED007,Vaccin Méningite,3267.8366765983437,2026-04-07,37
MED007,Vaccin Méningite,3267.8366765983437,2026-04-08,101
MED007,Vaccin Méningite,3267.8366765983437,2026-04-09,56
MED007,Vaccin Méningite,3267.8366765983437,2026-04-10,63
MED007,Vaccin Méningite,3267.8366765983437,2026-04-11,44
MED007,Vaccin Méningite,3267.8366765983437,2026-04-12,84
MED007,Vaccin Méningite,3267.8366765983437,2026-04-13,37
MED007,Vaccin Méningite,3267.8366765983437,2026-04-14,47
MED007,Vaccin Méningite,3267.8366765983437,2026-04-15,72
MED007,Vaccin Méningite,3267.8366765983437,2026-04-16,53
MED007,Vaccin Méningite,3267.8366765983437,2026-04-17,81
MED007,Vaccin Méningite,3267.8366765983437,2026-04-18,31
MED007,Vaccin Méningite,3267.8366765983437,2026-04-19,42
MED007,Vaccin Méningite,3267.8366765983437,2026-04-20,66
MED007,Vaccin Méningite,3267.8366765983437,2026-04-21,96
MED007,Vaccin Méningite,3267.8366765983437,2026-04-22,61
MED007,Vaccin Méningite,3267.8366765983437,2026-04-23,55
MED007,Vaccin Méningite,3267.8366765983437,2026-04-24,43
MED007,Vaccin Méningite,3267.8366765983437,2026-04-25,51
MED007,Vaccin Méningite,3267.8366765983437,2026-04-26,58
MED007,Vaccin Méningite,3267.8366765983437,2026-04-27,32
MED007,Vaccin Méningite,3267.8366765983437,2026-04-28,55
MED007,Vaccin Méningite,3267.8366765983437,2026-04-29,35
MED007,Vaccin Méningite,3267.8366765983437,2026-04-30,62
MED007,Vaccin Méningite,3267.8366765983437,2026-05-01,77
MED007,Vaccin Méningite,3267.8366765983437,2026-05-02,46
MED007,Vaccin Méningite,3267.8366765983437,2026-05-03,47
MED007,Vaccin Méningite,3267.8366765983437,2026-05-04,48
MED007,Vaccin Méningite,3267.8366765983437,2026-05-05,63
MED007,Vaccin Méningite,3267.8366765983437,2026-05-06,54
MED007,Vaccin Méningite,3267.8366765983437,2026-05-07,51
MED007,Vaccin Méningite,3267.8366765983437,2026-05-08,66
MED007,Vaccin Méningite,3267.8366765983437,2026-05-09,47
MED007,Vaccin Méningite,3267.8366765983437,2026-05-10,54
MED007,Vaccin Méningite,3267.8366765983437,2026-05-11,79
MED007,Vaccin Méningite,3267.8366765983437,2026-05-12,64
MED007,Vaccin Méningite,3267.8366765983437,2026-05-13,62
MED007,Vaccin Méningite,3267.8366765983437,2026-05-14,79
MED007,Vaccin Méningite,3267.8366765983437,2026-05-15,54
MED007,Vaccin Méningite,3267.8366765983437,2026-05-16,61
MED007,Vaccin Méningite,3267.8366765983437,2026-05-17,39
MED007,Vaccin Méningite,3267.8366765983437,2026-05-18,63
MED007,Vaccin Méningite,3267.8366765983437,2026-05-19,75
MED007,Vaccin Méningite,3267.8366765983437,2026-05-20,41
MED007,Vaccin Méningite,3267.8366765983437,2026-05-21,52
MED007,Vaccin Méningite,3267.8366765983437,2026-05-22,66
MED007,Vaccin Méningite,3267.8366765983437,2026-05-23,73
MED007,Vaccin Méningite,3267.8366765983437,2026-05-24,30
MED007,Vaccin Méningite,3267.8366765983437,2026-05-25,45
MED007,Vaccin Méningite,3267.8366765983437,2026-05-26,65
MED007,Vaccin Méningite,3267.8366765983437,2026-05-27,40
MED007,Vaccin Méningite,3267.8366765983437,2026-05-28,33
MED007,Vaccin Méningite,3267.8366765983437,2026-05-29,78
MED007,Vaccin Méningite,3267.8366765983437,2026-05-30,48
MED007,Vaccin Méningite,3267.8366765983437,2026-05-31,53
MED007,Vaccin Méningite,3267.8366765983437,2026-06-01,95
MED007,Vaccin Méningite,3267.8366765983437,2026-06-02,97
MED007,Vaccin Méningite,3267.8366765983437,2026-06-03,70
MED007,Vaccin Méningite,3267.8366765983437,2026-06-04,131
MED007,Vaccin Méningite,3267.8366765983437,2026-06-05,42
MED007,Vaccin Méningite,3267.8366765983437,2026-06-06,85
MED007,Vaccin Méningite,3267.8366765983437,2026-06-07,122
MED007,Vaccin Méningite,3267.8366765983437,2026-06-08,136
MED007,Vaccin Méningite,3267.8366765983437,2026-06-09,71
MED007,Vaccin Méningite,3267.8366765983437,2026-06-10,68
MED007,Vaccin Méningite,3267.8366765983437,2026-06-11,75
MED007,Vaccin Méningite,3267.8366765983437,2026-06-12,74
MED007,Vaccin Méningite,3267.8366765983437,2026-06-13,68
MED007,Vaccin Méningite,3267.8366765983437,2026-06-14,85
MED007,Vaccin Méningite,3267.8366765983437,2026-06-15,89
MED007,Vaccin Méningite,3267.8366765983437,2026-06-16,65
MED007,Vaccin Méningite,3267.8366765983437,2026-06-17,122
MED007,Vaccin Méningite,3267.8366765983437,2026-06-18,94
MED007,Vaccin Méningite,3267.8366765983437,2026-06-19,92
MED007,Vaccin Méningite,3267.8366765983437,2026-06-20,106
MED007,Vaccin Méningite,3267.8366765983437,2026-06-21,80
MED007,Vaccin Méningite,3267.8366765983437,2026-06-22,98
MED007,Vaccin Méningite,3267.8366765983437,2026-06-23,59
MED007,Vaccin Méningite,3267.8366765983437,2026-06-24,129
MED007,Vaccin Méningite,3267.8366765983437,2026-06-25,99
MED007,Vaccin Méningite,3267.8366765983437,2026-06-26,114
MED007,Vaccin Méningite,3267.8366765983437,2026-06-27,147
MED007,Vaccin Méningite,3267.8366765983437,2026-06-28,42
MED007,Vaccin Méningite,3267.8366765983437,2026-06-29,124
MED007,Vaccin Méningite,3267.8366765983437,2026-06-30,138
MED007,Vaccin Méningite,3267.8366765983437,2026-07-01,58
MED007,Vaccin Méningite,3267.8366765983437,2026-07-02,151
MED007,Vaccin Méningite,3267.8366765983437,2026-07-03,88
MED007,Vaccin Méningite,3267.8366765983437,2026-07-04,101
MED007,Vaccin Méningite,3267.8366765983437,2026-07-05,60
MED007,Vaccin Méningite,3267.8366765983437,2026-07-06,64
MED007,Vaccin Méningite,3267.8366765983437,2026-07-07,27
MED007,Vaccin Méningite,3267.8366765983437,2026-07-08,133
MED007,Vaccin Méningite,3267.8366765983437,2026-07-09,75
MED007,Vaccin Méningite,3267.8366765983437,2026-07-10,74
MED007,Vaccin Méningite,3267.8366765983437,2026-07-11,99
MED007,Vaccin Méningite,3267.8366765983437,2026-07-12,75
MED007,Vaccin Méningite,3267.8366765983437,2026-07-13,50
MED007,Vaccin Méningite,3267.8366765983437,2026-07-14,91
MED007,Vaccin Méningite,3267.8366765983437,2026-07-15,110
MED007,Vaccin Méningite,3267.8366765983437,2026-07-16,83
MED007,Vaccin Méningite,3267.8366765983437,2026-07-17,91
MED007,Vaccin Méningite,3267.8366765983437,2026-07-18,93
MED007,Vaccin Méningite,3267.8366765983437,2026-07-19,73
MED007,Vaccin Méningite,3267.8366765983437,2026-07-20,85
MED007,Vaccin Méningite,3267.8366765983437,2026-07-21,89
MED007,Vaccin Méningite,3267.8366765983437,2026-07-22,106
MED007,Vaccin Méningite,3267.8366765983437,2026-07-23,52
MED007,Vaccin Méningite,3267.8366765983437,2026-07-24,90
MED007,Vaccin Méningite,3267.8366765983437,2026-07-25,92
MED007,Vaccin Méningite,3267.8366765983437,2026-07-26,40
MED007,Vaccin Méningite,3267.8366765983437,2026-07-27,131
MED007,Vaccin Méningite,3267.8366765983437,2026-07-28,88
MED007,Vaccin Méningite,3267.8366765983437,2026-07-29,83
MED007,Vaccin Méningite,3267.8366765983437,2026-07-30,54
MED007,Vaccin Méningite,3267.8366765983437,2026-07-31,94
MED007,Vaccin Méningite,3267.8366765983437,2026-08-01,91
MED007,Vaccin Méningite,3267.8366765983437,2026-08-02,82
MED007,Vaccin Méningite,3267.8366765983437,2026-08-03,9
MED007,Vaccin Méningite,3267.8366765983437,2026-08-04,101
MED007,Vaccin Méningite,3267.8366765983437,2026-08-05,88
MED007,Vaccin Méningite,3267.8366765983437,2026-08-06,67
MED007,Vaccin Méningite,3267.8366765983437,2026-08-07,121
MED007,Vaccin Méningite,3267.8366765983437,2026-08-08,59
MED007,Vaccin Méningite,3267.8366765983437,2026-08-09,42
MED007,Vaccin Méningite,3267.8366765983437,2026-08-10,88
MED007,Vaccin Méningite,3267.8366765983437,2026-08-11,67
MED007,Vaccin Méningite,3267.8366765983437,2026-08-12,68
MED007,Vaccin Méningite,3267.8366765983437,2026-08-13,99
MED007,Vaccin Méningite,3267.8366765983437,2026-08-14,92
MED007,Vaccin Méningite,3267.8366765983437,2026-08-15,183
MED007,Vaccin Méningite,3267.8366765983437,2026-08-16,53
MED007,Vaccin Méningite,3267.8366765983437,2026-08-17,45
MED007,Vaccin Méningite,3267.8366765983437,2026-08-18,82
MED008,Amoxicilline 250mg,831.8520537046365,2025-08-19,89
MED008,Amoxicilline 250mg,831.8520537046365,2025-08-20,109
MED008,Amoxicilline 250mg,831.8520537046365,2025-08-21,83
MED008,Amoxicilline 250mg,831.8520537046365,2025-08-22,81
MED008,Amoxicilline 250mg,831.8520537046365,2025-08-23,94
MED008,Amoxicilline 250mg,831.8520537046365,2025-08-24,75
MED008,Amoxicilline 250mg,831.8520537046365,2025-08-25,32
MED008,Amoxicilline 250mg,831.8520537046365,2025-08-26,39
MED008,Amoxicilline 250mg,831.8520537046365,2025-08-27,66
MED008,Amoxicilline 250mg,831.8520537046365,2025-08-28,71
MED008,Amoxicilline 250mg,831.8520537046365,2025-08-29,63
MED008,Amoxicilline 250mg,831.8520537046365,2025-08-30,92
MED008,Amoxicilline 250mg,831.8520537046365,2025-08-31,74
MED008,Amoxicilline 250mg,831.8520537046365,2025-09-01,55
MED008,Amoxicilline 250mg,831.8520537046365,2025-09-02,48
MED008,Amoxicilline 250mg,831.8520537046365,2025-09-03,69
MED008,Amoxicilline 250mg,831.8520537046365,2025-09-04,56
MED008,Amoxicilline 250mg,831.8520537046365,2025-09-05,72
MED008,Amoxicilline 250mg,831.8520537046365,2025-09-06,75
MED008,Amoxicilline 250mg,831.8520537046365,2025-09-07,51
MED008,Amoxicilline 250mg,831.8520537046365,2025-09-08,54
MED008,Amoxicilline 250mg,831.8520537046365,2025-09-09,72
MED008,Amoxicilline 250mg,831.8520537046365,2025-09-10,89
MED008,Amoxicilline 250mg,831.8520537046365,2025-09-11,73
MED008,Amoxicilline 250mg,831.8520537046365,2025-09-12,72
MED008,Amoxicilline 250mg,831.8520537046365,2025-09-13,97
MED008,Amoxicilline 250mg,831.8520537046365,2025-09-14,85
MED008,Amoxicilline 250mg,831.8520537046365,2025-09-15,77
MED008,Amoxicilline 250mg,831.8520537046365,2025-09-16,100
MED008,Amoxicilline 250mg,831.8520537046365,2025-09-17,120
MED008,Amoxicilline 250mg,831.8520537046365,2025-09-18,72
MED008,Amoxicilline 250mg,831.8520537046365,2025-09-19,91
MED008,Amoxicilline 250mg,831.8520537046365,2025-09-20,108
MED008,Amoxicilline 250mg,831.8520537046365,2025-09-21,90
MED008,Amoxicilline 250mg,831.8520537046365,2025-09-22,93
MED008,Amoxicilline 250mg,831.8520537046365,2025-09-23,84
MED008,Amoxicilline 250mg,831.8520537046365,2025-09-24,124
MED008,Amoxicilline 250mg,831.8520537046365,2025-09-25,51
MED008,Amoxicilline 250mg,831.8520537046365,2025-09-26,75
MED008,Amoxicilline 250mg,831.8520537046365,2025-09-27,89
MED008,Amoxicilline 250mg,831.8520537046365,2025-09-28,93
MED008,Amoxicilline 250mg,831.8520537046365,2025-09-29,80
MED008,Amoxicilline 250mg,831.8520537046365,2025-09-30,67
MED008,Amoxicilline 250mg,831.8520537046365,2025-10-01,50
MED008,Amoxicilline 250mg,831.8520537046365,2025-10-02,53
MED008,Amoxicilline 250mg,831.8520537046365,2025-10-03,65
MED008,Amoxicilline 250mg,831.8520537046365,2025-10-04,79
MED008,Amoxicilline 250mg,831.8520537046365,2025-10-05,76
MED008,Amoxicilline 250mg,831.8520537046365,2025-10-06,85
MED008,Amoxicilline 250mg,831.8520537046365,2025-10-07,26
MED008,Amoxicilline 250mg,831.8520537046365,2025-10-08,103
MED008,Amoxicilline 250mg,831.8520537046365,2025-10-09,37
MED008,Amoxicilline 250mg,831.8520537046365,2025-10-10,39
MED008,Amoxicilline 250mg,831.8520537046365,2025-10-11,69
MED008,Amoxicilline 250mg,831.8520537046365,2025-10-12,135
MED008,Amoxicilline 250mg,831.8520537046365,2025-10-13,53
MED008,Amoxicilline 250mg,831.8520537046365,2025-10-14,55
MED008,Amoxicilline 250mg,831.8520537046365,2025-10-15,39
MED008,Amoxicilline 250mg,831.8520537046365,2025-10-16,72
MED008,Amoxicilline 250mg,831.8520537046365,2025-10-17,72
MED008,Amoxicilline 250mg,831.8520537046365,2025-10-18,81
MED008,Amoxicilline 250mg,831.8520537046365,2025-10-19,90
MED008,Amoxicilline 250mg,831.8520537046365,2025-10-20,67
MED008,Amoxicilline 250mg,831.8520537046365,2025-10-21,112
MED008,Amoxicilline 250mg,831.8520537046365,2025-10-22,54
MED008,Amoxicilline 250mg,831.8520537046365,2025-10-23,62
MED008,Amoxicilline 250mg,831.8520537046365,2025-10-24,71
MED008,Amoxicilline 250mg,831.8520537046365,2025-10-25,119
MED008,Amoxicilline 250mg,831.8520537046365,2025-10-26,25
MED008,Amoxicilline 250mg,831.8520537046365,2025-10-27,55
MED008,Amoxicilline 250mg,831.8520537046365,2025-10-28,37
MED008,Amoxicilline 250mg,831.8520537046365,2025-10-29,54
MED008,Amoxicilline 250mg,831.8520537046365,2025-10-30,72
MED008,Amoxicilline 250mg,831.8520537046365,2025-10-31,86
MED008,Amoxicilline 250mg,831.8520537046365,2025-11-01,83
MED008,Amoxicilline 250mg,831.8520537046365,2025-11-02,65
MED008,Amoxicilline 250mg,831.8520537046365,2025-11-03,69
MED008,Amoxicilline 250mg,831.8520537046365,2025-11-04,29
MED008,Amoxicilline 250mg,831.8520537046365,2025-11-05,56
MED008,Amoxicilline 250mg,831.8520537046365,2025-11-06,47
MED008,Amoxicilline 250mg,831.8520537046365,2025-11-07,51
MED008,Amoxicilline 250mg,831.8520537046365,2025-11-08,82
MED008,Amoxicilline 250mg,831.8520537046365,2025-11-09,14
MED008,Amoxicilline 250mg,831.8520537046365,2025-11-10,35
MED008,Amoxicilline 250mg,831.8520537046365,2025-11-11,41
MED008,Amoxicilline 250mg,831.8520537046365,2025-11-12,62
MED008,Amoxicilline 250mg,831.8520537046365,2025-11-13,40
MED008,Amoxicilline 250mg,831.8520537046365,2025-11-14,64
MED008,Amoxicilline 250mg,831.8520537046365,2025-11-15,59
MED008,Amoxicilline 250mg,831.8520537046365,2025-11-16,56
MED008,Amoxicilline 250mg,831.8520537046365,2025-11-17,30
MED008,Amoxicilline 250mg,831.8520537046365,2025-11-18,46
MED008,Amoxicilline 250mg,831.8520537046365,2025-11-19,43
MED008,Amoxicilline 250mg,831.8520537046365,2025-11-20,44
MED008,Amoxicilline 250mg,831.8520537046365,2025-11-21,38
MED008,Amoxicilline 250mg,831.8520537046365,2025-11-22,44
MED008,Amoxicilline 250mg,831.8520537046365,2025-11-23,39
MED008,Amoxicilline 250mg,831.8520537046365,2025-11-24,56
MED008,Amoxicilline 250mg,831.8520537046365,2025-11-25,53
MED008,Amoxicilline 250mg,831.8520537046365,2025-11-26,50
MED008,Amoxicilline 250mg,831.8520537046365,2025-11-27,50
MED008,Amoxicilline 250mg,831.8520537046365,2025-11-28,47
MED008,Amoxicilline 250mg,831.8520537046365,2025-11-29,95
MED008,Amoxicilline 250mg,831.8520537046365,2025-11-30,47
MED008,Amoxicilline 250mg,831.8520537046365,2025-12-01,64
MED008,Amoxicilline 250mg,831.8520537046365,2025-12-02,62
MED008,Amoxicilline 250mg,831.8520537046365,2025-12-03,45
MED008,Amoxicilline 250mg,831.8520537046365,2025-12-04,53
MED008,Amoxicilline 250mg,831.8520537046365,2025-12-05,41
MED008,Amoxicilline 250mg,831.8520537046365,2025-12-06,67
MED008,Amoxicilline 250mg,831.8520537046365,2025-12-07,59
MED008,Amoxicilline 250mg,831.8520537046365,2025-12-08,42
MED008,Amoxicilline 250mg,831.8520537046365,2025-12-09,47
MED008,Amoxicilline 250mg,831.8520537046365,2025-12-10,42
MED008,Amoxicilline 250mg,831.8520537046365,2025-12-11,42
MED008,Amoxicilline 250mg,831.8520537046365,2025-12-12,58
MED008,Amoxicilline 250mg,831.8520537046365,2025-12-13,84
MED008,Amoxicilline 250mg,831.8520537046365,2025-12-14,39
MED008,Amoxicilline 250mg,831.8520537046365,2025-12-15,53
MED008,Amoxicilline 250mg,831.8520537046365,2025-12-16,58
MED008,Amoxicilline 250mg,831.8520537046365,2025-12-17,47
MED008,Amoxicilline 250mg,831.8520537046365,2025-12-18,45
MED008,Amoxicilline 250mg,831.8520537046365,2025-12-19,45
MED008,Amoxicilline 250mg,831.8520537046365,2025-12-20,66
MED008,Amoxicilline 250mg,831.8520537046365,2025-12-21,72
MED008,Amoxicilline 250mg,831.8520537046365,2025-12-22,38
MED008,Amoxicilline 250mg,831.8520537046365,2025-12-23,57
MED008,Amoxicilline 250mg,831.8520537046365,2025-12-24,59
MED008,Amoxicilline 250mg,831.8520537046365,2025-12-25,20
MED008,Amoxicilline 250mg,831.8520537046365,2025-12-26,57
MED008,Amoxicilline 250mg,831.8520537046365,2025-12-27,44
MED008,Amoxicilline 250mg,831.8520537046365,2025-12-28,43
MED008,Amoxicilline 250mg,831.8520537046365,2025-12-29,41
MED008,Amoxicilline 250mg,831.8520537046365,2025-12-30,86
MED008,Amoxicilline 250mg,831.8520537046365,2025-12-31,50
MED008,Amoxicilline 250mg,831.8520537046365,2026-01-01,41
MED008,Amoxicilline 250mg,831.8520537046365,2026-01-02,49
MED008,Amoxicilline 250mg,831.8520537046365,2026-01-03,45
MED008,Amoxicilline 250mg,831.8520537046365,2026-01-04,51
MED008,Amoxicilline 250mg,831.8520537046365,2026-01-05,69
MED008,Amoxicilline 250mg,831.8520537046365,2026-01-06,33
MED008,Amoxicilline 250mg,831.8520537046365,2026-01-07,56
MED008,Amoxicilline 250mg,831.8520537046365,2026-01-08,64
MED008,Amoxicilline 250mg,831.8520537046365,2026-01-09,61
MED008,Amoxicilline 250mg,831.8520537046365,2026-01-10,23
MED008,Amoxicilline 250mg,831.8520537046365,2026-01-11,50
MED008,Amoxicilline 250mg,831.8520537046365,2026-01-12,45
MED008,Amoxicilline 250mg,831.8520537046365,2026-01-13,68
MED008,Amoxicilline 250mg,831.8520537046365,2026-01-14,66
MED008,Amoxicilline 250mg,831.8520537046365,2026-01-15,77
MED008,Amoxicilline 250mg,831.8520537046365,2026-01-16,49
MED008,Amoxicilline 250mg,831.8520537046365,2026-01-17,103
MED008,Amoxicilline 250mg,831.8520537046365,2026-01-18,65
MED008,Amoxicilline 250mg,831.8520537046365,2026-01-19,67
MED008,Amoxicilline 250mg,831.8520537046365,2026-01-20,70
MED008,Amoxicilline 250mg,831.8520537046365,2026-01-21,60
MED008,Amoxicilline 250mg,831.8520537046365,2026-01-22,49
MED008,Amoxicilline 250mg,831.8520537046365,2026-01-23,58
MED008,Amoxicilline 250mg,831.8520537046365,2026-01-24,109
MED008,Amoxicilline 250mg,831.8520537046365,2026-01-25,52
MED008,Amoxicilline 250mg,831.8520537046365,2026-01-26,71
MED008,Amoxicilline 250mg,831.8520537046365,2026-01-27,49
MED008,Amoxicilline 250mg,831.8520537046365,2026-01-28,15
MED008,Amoxicilline 250mg,831.8520537046365,2026-01-29,36
MED008,Amoxicilline 250mg,831.8520537046365,2026-01-30,58
MED008,Amoxicilline 250mg,831.8520537046365,2026-01-31,70
MED008,Amoxicilline 250mg,831.8520537046365,2026-02-01,55
MED008,Amoxicilline 250mg,831.8520537046365,2026-02-02,36
MED008,Amoxicilline 250mg,831.8520537046365,2026-02-03,51
MED008,Amoxicilline 250mg,831.8520537046365,2026-02-04,61
MED008,Amoxicilline 250mg,831.8520537046365,2026-02-05,46
MED008,Amoxicilline 250mg,831.8520537046365,2026-02-06,53
MED008,Amoxicilline 250mg,831.8520537046365,2026-02-07,53
MED008,Amoxicilline 250mg,831.8520537046365,2026-02-08,57
MED008,Amoxicilline 250mg,831.8520537046365,2026-02-09,40
MED008,Amoxicilline 250mg,831.8520537046365,2026-02-10,74
MED008,Amoxicilline 250mg,831.8520537046365,2026-02-11,30
MED008,Amoxicilline 250mg,831.8520537046365,2026-02-12,26
MED008,Amoxicilline 250mg,831.8520537046365,2026-02-13,67
MED008,Amoxicilline 250mg,831.8520537046365,2026-02-14,80
MED008,Amoxicilline 250mg,831.8520537046365,2026-02-15,49
MED008,Amoxicilline 250mg,831.8520537046365,2026-02-16,57
MED008,Amoxicilline 250mg,831.8520537046365,2026-02-17,64
MED008,Amoxicilline 250mg,831.8520537046365,2026-02-18,67
MED008,Amoxicilline 250mg,831.8520537046365,2026-02-19,52
MED008,Amoxicilline 250mg,831.8520537046365,2026-02-20,45
MED008,Amoxicilline 250mg,831.8520537046365,2026-02-21,74
MED008,Amoxicilline 250mg,831.8520537046365,2026-02-22,33
MED008,Amoxicilline 250mg,831.8520537046365,2026-02-23,47
MED008,Amoxicilline 250mg,831.8520537046365,2026-02-24,28
MED008,Amoxicilline 250mg,831.8520537046365,2026-02-25,38
MED008,Amoxicilline 250mg,831.8520537046365,2026-02-26,54
MED008,Amoxicilline 250mg,831.8520537046365,2026-02-27,55
MED008,Amoxicilline 250mg,831.8520537046365,2026-02-28,87
MED008,Amoxicilline 250mg,831.8520537046365,2026-03-01,48
MED008,Amoxicilline 250mg,831.8520537046365,2026-03-02,45
MED008,Amoxicilline 250mg,831.8520537046365,2026-03-03,49
MED008,Amoxicilline 250mg,831.8520537046365,2026-03-04,67
MED008,Amoxicilline 250mg,831.8520537046365,2026-03-05,27
MED008,Amoxicilline 250mg,831.8520537046365,2026-03-06,37
MED008,Amoxicilline 250mg,831.8520537046365,2026-03-07,67
MED008,Amoxicilline 250mg,831.8520537046365,2026-03-08,51
MED008,Amoxicilline 250mg,831.8520537046365,2026-03-09,56
MED008,Amoxicilline 250mg,831.8520537046365,2026-03-10,69
MED008,Amoxicilline 250mg,831.8520537046365,2026-03-11,62
MED008,Amoxicilline 250mg,831.8520537046365,2026-03-12,52
MED008,Amoxicilline 250mg,831.8520537046365,2026-03-13,21
MED008,Amoxicilline 250mg,831.8520537046365,2026-03-14,50
MED008,Amoxicilline 250mg,831.8520537046365,2026-03-15,53
MED008,Amoxicilline 250mg,831.8520537046365,2026-03-16,44
MED008,Amoxicilline 250mg,831.8520537046365,2026-03-17,38
MED008,Amoxicilline 250mg,831.8520537046365,2026-03-18,50
MED008,Amoxicilline 250mg,831.8520537046365,2026-03-19,35
MED008,Amoxicilline 250mg,831.8520537046365,2026-03-20,57
MED008,Amoxicilline 250mg,831.8520537046365,2026-03-21,54
MED008,Amoxicilline 250mg,831.8520537046365,2026-03-22,34
MED008,Amoxicilline 250mg,831.8520537046365,2026-03-23,29
MED008,Amoxicilline 250mg,831.8520537046365,2026-03-24,40
MED008,Amoxicilline 250mg,831.8520537046365,2026-03-25,28
MED008,Amoxicilline 250mg,831.8520537046365,2026-03-26,36
MED008,Amoxicilline 250mg,831.8520537046365,2026-03-27,39
MED008,Amoxicilline 250mg,831.8520537046365,2026-03-28,53
MED008,Amoxicilline 250mg,831.8520537046365,2026-03-29,38
MED008,Amoxicilline 250mg,831.8520537046365,2026-03-30,55
MED008,Amoxicilline 250mg,831.8520537046365,2026-03-31,56
MED008,Amoxicilline 250mg,831.8520537046365,2026-04-01,71
MED008,Amoxicilline 250mg,831.8520537046365,2026-04-02,65
MED008,Amoxicilline 250mg,831.8520537046365,2026-04-03,29
MED008,Amoxicilline 250mg,831.8520537046365,2026-04-04,99
MED008,Amoxicilline 250mg,831.8520537046365,2026-04-05,56
MED008,Amoxicilline 250mg,831.8520537046365,2026-04-06,50
MED008,Amoxicilline 250mg,831.8520537046365,2026-04-07,41
MED008,Amoxicilline 250mg,831.8520537046365,2026-04-08,49
MED008,Amoxicilline 250mg,831.8520537046365,2026-04-09,17
MED008,Amoxicilline 250mg,831.8520537046365,2026-04-10,42
MED008,Amoxicilline 250mg,831.8520537046365,2026-04-11,81
MED008,Amoxicilline 250mg,831.8520537046365,2026-04-12,70
MED008,Amoxicilline 250mg,831.8520537046365,2026-04-13,85
MED008,Amoxicilline 250mg,831.8520537046365,2026-04-14,61
MED008,Amoxicilline 250mg,831.8520537046365,2026-04-15,58
MED008,Amoxicilline 250mg,831.8520537046365,2026-04-16,38
MED008,Amoxicilline 250mg,831.8520537046365,2026-04-17,36
MED008,Amoxicilline 250mg,831.8520537046365,2026-04-18,67
MED008,Amoxicilline 250mg,831.8520537046365,2026-04-19,42
MED008,Amoxicilline 250mg,831.8520537046365,2026-04-20,53
MED008,Amoxicilline 250mg,831.8520537046365,2026-04-21,74
MED008,Amoxicilline 250mg,831.8520537046365,2026-04-22,66
MED008,Amoxicilline 250mg,831.8520537046365,2026-04-23,31
MED008,Amoxicilline 250mg,831.8520537046365,2026-04-24,42
MED008,Amoxicilline 250mg,831.8520537046365,2026-04-25,86
MED008,Amoxicilline 250mg,831.8520537046365,2026-04-26,43
MED008,Amoxicilline 250mg,831.8520537046365,2026-04-27,80
MED008,Amoxicilline 250mg,831.8520537046365,2026-04-28,54
MED008,Amoxicilline 250mg,831.8520537046365,2026-04-29,56
MED008,Amoxicilline 250mg,831.8520537046365,2026-04-30,65
MED008,Amoxicilline 250mg,831.8520537046365,2026-05-01,54
MED008,Amoxicilline 250mg,831.8520537046365,2026-05-02,31
MED008,Amoxicilline 250mg,831.8520537046365,2026-05-03,78
MED008,Amoxicilline 250mg,831.8520537046365,2026-05-04,55
MED008,Amoxicilline 250mg,831.8520537046365,2026-05-05,33
MED008,Amoxicilline 250mg,831.8520537046365,2026-05-06,54
MED008,Amoxicilline 250mg,831.8520537046365,2026-05-07,43
MED008,Amoxicilline 250mg,831.8520537046365,2026-05-08,43
MED008,Amoxicilline 250mg,831.8520537046365,2026-05-09,74
MED008,Amoxicilline 250mg,831.8520537046365,2026-05-10,47
MED008,Amoxicilline 250mg,831.8520537046365,2026-05-11,40
MED008,Amoxicilline 250mg,831.8520537046365,2026-05-12,34
MED008,Amoxicilline 250mg,831.8520537046365,2026-05-13,6
MED008,Amoxicilline 250mg,831.8520537046365,2026-05-14,53
MED008,Amoxicilline 250mg,831.8520537046365,2026-05-15,34
MED008,Amoxicilline 250mg,831.8520537046365,2026-05-16,60
MED008,Amoxicilline 250mg,831.8520537046365,2026-05-17,37
MED008,Amoxicilline 250mg,831.8520537046365,2026-05-18,75
MED008,Amoxicilline 250mg,831.8520537046365,2026-05-19,46
MED008,Amoxicilline 250mg,831.8520537046365,2026-05-20,57
MED008,Amoxicilline 250mg,831.8520537046365,2026-05-21,62
MED008,Amoxicilline 250mg,831.8520537046365,2026-05-22,53
MED008,Amoxicilline 250mg,831.8520537046365,2026-05-23,13
MED008,Amoxicilline 250mg,831.8520537046365,2026-05-24,28
MED008,Amoxicilline 250mg,831.8520537046365,2026-05-25,52
MED008,Amoxicilline 250mg,831.8520537046365,2026-05-26,39
MED008,Amoxicilline 250mg,831.8520537046365,2026-05-27,52
MED008,Amoxicilline 250mg,831.8520537046365,2026-05-28,53
MED008,Amoxicilline 250mg,831.8520537046365,2026-05-29,36
MED008,Amoxicilline 250mg,831.8520537046365,2026-05-30,66
MED008,Amoxicilline 250mg,831.8520537046365,2026-05-31,36
MED008,Amoxicilline 250mg,831.8520537046365,2026-06-01,84
MED008,Amoxicilline 250mg,831.8520537046365,2026-06-02,58
MED008,Amoxicilline 250mg,831.8520537046365,2026-06-03,64
MED008,Amoxicilline 250mg,831.8520537046365,2026-06-04,82
MED008,Amoxicilline 250mg,831.8520537046365,2026-06-05,63
MED008,Amoxicilline 250mg,831.8520537046365,2026-06-06,79
MED008,Amoxicilline 250mg,831.8520537046365,2026-06-07,62
MED008,Amoxicilline 250mg,831.8520537046365,2026-06-08,80
MED008,Amoxicilline 250mg,831.8520537046365,2026-06-09,99
MED008,Amoxicilline 250mg,831.8520537046365,2026-06-10,65
MED008,Amoxicilline 250mg,831.8520537046365,2026-06-11,31
MED008,Amoxicilline 250mg,831.8520537046365,2026-06-12,61
MED008,Amoxicilline 250mg,831.8520537046365,2026-06-13,104
MED008,Amoxicilline 250mg,831.8520537046365,2026-06-14,85
MED008,Amoxicilline 250mg,831.8520537046365,2026-06-15,100
MED008,Amoxicilline 250mg,831.8520537046365,2026-06-16,82
MED008,Amoxicilline 250mg,831.8520537046365,2026-06-17,54
MED008,Amoxicilline 250mg,831.8520537046365,2026-06-18,80
MED008,Amoxicilline 250mg,831.8520537046365,2026-06-19,111
MED008,Amoxicilline 250mg,831.8520537046365,2026-06-20,135
MED008,Amoxicilline 250mg,831.8520537046365,2026-06-21,57
MED008,Amoxicilline 250mg,831.8520537046365,2026-06-22,49
MED008,Amoxicilline 250mg,831.8520537046365,2026-06-23,81
MED008,Amoxicilline 250mg,831.8520537046365,2026-06-24,80
MED008,Amoxicilline 250mg,831.8520537046365,2026-06-25,81
MED008,Amoxicilline 250mg,831.8520537046365,2026-06-26,45
MED008,Amoxicilline 250mg,831.8520537046365,2026-06-27,116
MED008,Amoxicilline 250mg,831.8520537046365,2026-06-28,77
MED008,Amoxicilline 250mg,831.8520537046365,2026-06-29,74
MED008,Amoxicilline 250mg,831.8520537046365,2026-06-30,23
MED008,Amoxicilline 250mg,831.8520537046365,2026-07-01,60
MED008,Amoxicilline 250mg,831.8520537046365,2026-07-02,65
MED008,Amoxicilline 250mg,831.8520537046365,2026-07-03,24
MED008,Amoxicilline 250mg,831.8520537046365,2026-07-04,48
MED008,Amoxicilline 250mg,831.8520537046365,2026-07-05,53
MED008,Amoxicilline 250mg,831.8520537046365,2026-07-06,64
MED008,Amoxicilline 250mg,831.8520537046365,2026-07-07,48
MED008,Amoxicilline 250mg,831.8520537046365,2026-07-08,79
MED008,Amoxicilline 250mg,831.8520537046365,2026-07-09,90
MED008,Amoxicilline 250mg,831.8520537046365,2026-07-10,77
MED008,Amoxicilline 250mg,831.8520537046365,2026-07-11,74
MED008,Amoxicilline 250mg,831.8520537046365,2026-07-12,73
MED008,Amoxicilline 250mg,831.8520537046365,2026-07-13,103
MED008,Amoxicilline 250mg,831.8520537046365,2026-07-14,80
MED008,Amoxicilline 250mg,831.8520537046365,2026-07-15,60
MED008,Amoxicilline 250mg,831.8520537046365,2026-07-16,45
MED008,Amoxicilline 250mg,831.8520537046365,2026-07-17,88
MED008,Amoxicilline 250mg,831.8520537046365,2026-07-18,48
MED008,Amoxicilline 250mg,831.8520537046365,2026-07-19,59
MED008,Amoxicilline 250mg,831.8520537046365,2026-07-20,89
MED008,Amoxicilline 250mg,831.8520537046365,2026-07-21,94
MED008,Amoxicilline 250mg,831.8520537046365,2026-07-22,84
MED008,Amoxicilline 250mg,831.8520537046365,2026-07-23,58
MED008,Amoxicilline 250mg,831.8520537046365,2026-07-24,105
MED008,Amoxicilline 250mg,831.8520537046365,2026-07-25,62
MED008,Amoxicilline 250mg,831.8520537046365,2026-07-26,96
MED008,Amoxicilline 250mg,831.8520537046365,2026-07-27,110
MED008,Amoxicilline 250mg,831.8520537046365,2026-07-28,54
MED008,Amoxicilline 250mg,831.8520537046365,2026-07-29,109
MED008,Amoxicilline 250mg,831.8520537046365,2026-07-30,65
MED008,Amoxicilline 250mg,831.8520537046365,2026-07-31,69
MED008,Amoxicilline 250mg,831.8520537046365,2026-08-01,113
MED008,Amoxicilline 250mg,831.8520537046365,2026-08-02,64
MED008,Amoxicilline 250mg,831.8520537046365,2026-08-03,48
MED008,Amoxicilline 250mg,831.8520537046365,2026-08-04,53
MED008,Amoxicilline 250mg,831.8520537046365,2026-08-05,73
MED008,Amoxicilline 250mg,831.8520537046365,2026-08-06,97
MED008,Amoxicilline 250mg,831.8520537046365,2026-08-07,69
MED008,Amoxicilline 250mg,831.8520537046365,2026-08-08,89
MED008,Amoxicilline 250mg,831.8520537046365,2026-08-09,104
MED008,Amoxicilline 250mg,831.8520537046365,2026-08-10,58
MED008,Amoxicilline 250mg,831.8520537046365,2026-08-11,101
MED008,Amoxicilline 250mg,831.8520537046365,2026-08-12,81
MED008,Amoxicilline 250mg,831.8520537046365,2026-08-13,76
MED008,Amoxicilline 250mg,831.8520537046365,2026-08-14,67
MED008,Amoxicilline 250mg,831.8520537046365,2026-08-15,102
MED008,Amoxicilline 250mg,831.8520537046365,2026-08-16,92
MED008,Amoxicilline 250mg,831.8520537046365,2026-08-17,38
MED008,Amoxicilline 250mg,831.8520537046365,2026-08-18,82
MED009,Ciprofloxacine 500mg,4575.433745283554,2025-08-19,49
MED009,Ciprofloxacine 500mg,4575.433745283554,2025-08-20,85
MED009,Ciprofloxacine 500mg,4575.433745283554,2025-08-21,65
MED009,Ciprofloxacine 500mg,4575.433745283554,2025-08-22,58
MED009,Ciprofloxacine 500mg,4575.433745283554,2025-08-23,81
MED009,Ciprofloxacine 500mg,4575.433745283554,2025-08-24,58
MED009,Ciprofloxacine 500mg,4575.433745283554,2025-08-25,70
MED009,Ciprofloxacine 500mg,4575.433745283554,2025-08-26,41
MED009,Ciprofloxacine 500mg,4575.433745283554,2025-08-27,65
MED009,Ciprofloxacine 500mg,4575.433745283554,2025-08-28,52
MED009,Ciprofloxacine 500mg,4575.433745283554,2025-08-29,60
MED009,Ciprofloxacine 500mg,4575.433745283554,2025-08-30,70
MED009,Ciprofloxacine 500mg,4575.433745283554,2025-08-31,47
MED009,Ciprofloxacine 500mg,4575.433745283554,2025-09-01,47
MED009,Ciprofloxacine 500mg,4575.433745283554,2025-09-02,82
MED009,Ciprofloxacine 500mg,4575.433745283554,2025-09-03,44
MED009,Ciprofloxacine 500mg,4575.433745283554,2025-09-04,51
MED009,Ciprofloxacine 500mg,4575.433745283554,2025-09-05,27
MED009,Ciprofloxacine 500mg,4575.433745283554,2025-09-06,79
MED009,Ciprofloxacine 500mg,4575.433745283554,2025-09-07,44
MED009,Ciprofloxacine 500mg,4575.433745283554,2025-09-08,84
MED009,Ciprofloxacine 500mg,4575.433745283554,2025-09-09,70
MED009,Ciprofloxacine 500mg,4575.433745283554,2025-09-10,60
MED009,Ciprofloxacine 500mg,4575.433745283554,2025-09-11,105
MED009,Ciprofloxacine 500mg,4575.433745283554,2025-09-12,73
MED009,Ciprofloxacine 500mg,4575.433745283554,2025-09-13,63
MED009,Ciprofloxacine 500mg,4575.433745283554,2025-09-14,85
MED009,Ciprofloxacine 500mg,4575.433745283554,2025-09-15,70
MED009,Ciprofloxacine 500mg,4575.433745283554,2025-09-16,44
MED009,Ciprofloxacine 500mg,4575.433745283554,2025-09-17,88
MED009,Ciprofloxacine 500mg,4575.433745283554,2025-09-18,72
MED009,Ciprofloxacine 500mg,4575.433745283554,2025-09-19,56
MED009,Ciprofloxacine 500mg,4575.433745283554,2025-09-20,93
MED009,Ciprofloxacine 500mg,4575.433745283554,2025-09-21,53
MED009,Ciprofloxacine 500mg,4575.433745283554,2025-09-22,77
MED009,Ciprofloxacine 500mg,4575.433745283554,2025-09-23,43
MED009,Ciprofloxacine 500mg,4575.433745283554,2025-09-24,92
MED009,Ciprofloxacine 500mg,4575.433745283554,2025-09-25,54
MED009,Ciprofloxacine 500mg,4575.433745283554,2025-09-26,60
MED009,Ciprofloxacine 500mg,4575.433745283554,2025-09-27,91
MED009,Ciprofloxacine 500mg,4575.433745283554,2025-09-28,77
MED009,Ciprofloxacine 500mg,4575.433745283554,2025-09-29,32
MED009,Ciprofloxacine 500mg,4575.433745283554,2025-09-30,63
MED009,Ciprofloxacine 500mg,4575.433745283554,2025-10-01,75
MED009,Ciprofloxacine 500mg,4575.433745283554,2025-10-02,64
MED009,Ciprofloxacine 500mg,4575.433745283554,2025-10-03,48
MED009,Ciprofloxacine 500mg,4575.433745283554,2025-10-04,44
MED009,Ciprofloxacine 500mg,4575.433745283554,2025-10-05,61
MED009,Ciprofloxacine 500mg,4575.433745283554,2025-10-06,46
MED009,Ciprofloxacine 500mg,4575.433745283554,2025-10-07,50
MED009,Ciprofloxacine 500mg,4575.433745283554,2025-10-08,46
MED009,Ciprofloxacine 500mg,4575.433745283554,2025-10-09,45
MED009,Ciprofloxacine 500mg,4575.433745283554,2025-10-10,59
MED009,Ciprofloxacine 500mg,4575.433745283554,2025-10-11,60
MED009,Ciprofloxacine 500mg,4575.433745283554,2025-10-12,46
MED009,Ciprofloxacine 500mg,4575.433745283554,2025-10-13,73
MED009,Ciprofloxacine 500mg,4575.433745283554,2025-10-14,55
MED009,Ciprofloxacine 500mg,4575.433745283554,2025-10-15,60
MED009,Ciprofloxacine 500mg,4575.433745283554,2025-10-16,104
MED009,Ciprofloxacine 500mg,4575.433745283554,2025-10-17,70
MED009,Ciprofloxacine 500mg,4575.433745283554,2025-10-18,57
MED009,Ciprofloxacine 500mg,4575.433745283554,2025-10-19,92
MED009,Ciprofloxacine 500mg,4575.433745283554,2025-10-20,36
MED009,Ciprofloxacine 500mg,4575.433745283554,2025-10-21,65
MED009,Ciprofloxacine 500mg,4575.433745283554,2025-10-22,72
MED009,Ciprofloxacine 500mg,4575.433745283554,2025-10-23,55
MED009,Ciprofloxacine 500mg,4575.433745283554,2025-10-24,50
MED009,Ciprofloxacine 500mg,4575.433745283554,2025-10-25,87
MED009,Ciprofloxacine 500mg,4575.433745283554,2025-10-26,60
MED009,Ciprofloxacine 500mg,4575.433745283554,2025-10-27,71
MED009,Ciprofloxacine 500mg,4575.433745283554,2025-10-28,62
MED009,Ciprofloxacine 500mg,4575.433745283554,2025-10-29,60
MED009,Ciprofloxacine 500mg,4575.433745283554,2025-10-30,40
MED009,Ciprofloxacine 500mg,4575.433745283554,2025-10-31,55
MED009,Ciprofloxacine 500mg,4575.433745283554,2025-11-01,50
MED009,Ciprofloxacine 500mg,4575.433745283554,2025-11-02,34
MED009,Ciprofloxacine 500mg,4575.433745283554,2025-11-03,42
MED009,Ciprofloxacine 500mg,4575.433745283554,2025-11-04,36
MED009,Ciprofloxacine 500mg,4575.433745283554,2025-11-05,35
MED009,Ciprofloxacine 500mg,4575.433745283554,2025-11-06,40
MED009,Ciprofloxacine 500mg,4575.433745283554,2025-11-07,41
MED009,Ciprofloxacine 500mg,4575.433745283554,2025-11-08,66
MED009,Ciprofloxacine 500mg,4575.433745283554,2025-11-09,32
MED009,Ciprofloxacine 500mg,4575.433745283554,2025-11-10,49
MED009,Ciprofloxacine 500mg,4575.433745283554,2025-11-11,21
MED009,Ciprofloxacine 500mg,4575.433745283554,2025-11-12,31
MED009,Ciprofloxacine 500mg,4575.433745283554,2025-11-13,22
MED009,Ciprofloxacine 500mg,4575.433745283554,2025-11-14,37
MED009,Ciprofloxacine 500mg,4575.433745283554,2025-11-15,54
MED009,Ciprofloxacine 500mg,4575.433745283554,2025-11-16,22
MED009,Ciprofloxacine 500mg,4575.433745283554,2025-11-17,22
MED009,Ciprofloxacine 500mg,4575.433745283554,2025-11-18,28
MED009,Ciprofloxacine 500mg,4575.433745283554,2025-11-19,28
MED009,Ciprofloxacine 500mg,4575.433745283554,2025-11-20,31
MED009,Ciprofloxacine 500mg,4575.433745283554,2025-11-21,32
MED009,Ciprofloxacine 500mg,4575.433745283554,2025-11-22,61
MED009,Ciprofloxacine 500mg,4575.433745283554,2025-11-23,56
MED009,Ciprofloxacine 500mg,4575.433745283554,2025-11-24,44
MED009,Ciprofloxacine 500mg,4575.433745283554,2025-11-25,37
MED009,Ciprofloxacine 500mg,4575.433745283554,2025-11-26,24
MED009,Ciprofloxacine 500mg,4575.433745283554,2025-11-27,28
MED009,Ciprofloxacine 500mg,4575.433745283554,2025-11-28,31
MED009,Ciprofloxacine 500mg,4575.433745283554,2025-11-29,49
MED009,Ciprofloxacine 500mg,4575.433745283554,2025-11-30,47
MED009,Ciprofloxacine 500mg,4575.433745283554,2025-12-01,29
MED009,Ciprofloxacine 500mg,4575.433745283554,2025-12-02,57
MED009,Ciprofloxacine 500mg,4575.433745283554,2025-12-03,44
MED009,Ciprofloxacine 500mg,4575.433745283554,2025-12-04,42
MED009,Ciprofloxacine 500mg,4575.433745283554,2025-12-05,41
MED009,Ciprofloxacine 500mg,4575.433745283554,2025-12-06,49
MED009,Ciprofloxacine 500mg,4575.433745283554,2025-12-07,43
MED009,Ciprofloxacine 500mg,4575.433745283554,2025-12-08,43
MED009,Ciprofloxacine 500mg,4575.433745283554,2025-12-09,36
MED009,Ciprofloxacine 500mg,4575.433745283554,2025-12-10,62
MED009,Ciprofloxacine 500mg,4575.433745283554,2025-12-11,63
MED009,Ciprofloxacine 500mg,4575.433745283554,2025-12-12,36
MED009,Ciprofloxacine 500mg,4575.433745283554,2025-12-13,36
MED009,Ciprofloxacine 500mg,4575.433745283554,2025-12-14,41
MED009,Ciprofloxacine 500mg,4575.433745283554,2025-12-15,43
MED009,Ciprofloxacine 500mg,4575.433745283554,2025-12-16,38
MED009,Ciprofloxacine 500mg,4575.433745283554,2025-12-17,1
MED009,Ciprofloxacine 500mg,4575.433745283554,2025-12-18,30
MED009,Ciprofloxacine 500mg,4575.433745283554,2025-12-19,50
MED009,Ciprofloxacine 500mg,4575.433745283554,2025-12-20,42
MED009,Ciprofloxacine 500mg,4575.433745283554,2025-12-21,42
MED009,Ciprofloxacine 500mg,4575.433745283554,2025-12-22,43
MED009,Ciprofloxacine 500mg,4575.433745283554,2025-12-23,36
MED009,Ciprofloxacine 500mg,4575.433745283554,2025-12-24,29
MED009,Ciprofloxacine 500mg,4575.433745283554,2025-12-25,46
MED009,Ciprofloxacine 500mg,4575.433745283554,2025-12-26,31
MED009,Ciprofloxacine 500mg,4575.433745283554,2025-12-27,70
MED009,Ciprofloxacine 500mg,4575.433745283554,2025-12-28,37
MED009,Ciprofloxacine 500mg,4575.433745283554,2025-12-29,55
MED009,Ciprofloxacine 500mg,4575.433745283554,2025-12-30,55
MED009,Ciprofloxacine 500mg,4575.433745283554,2025-12-31,49
MED009,Ciprofloxacine 500mg,4575.433745283554,2026-01-01,38
MED009,Ciprofloxacine 500mg,4575.433745283554,2026-01-02,11
MED009,Ciprofloxacine 500mg,4575.433745283554,2026-01-03,49
MED009,Ciprofloxacine 500mg,4575.433745283554,2026-01-04,41
MED009,Ciprofloxacine 500mg,4575.433745283554,2026-01-05,26
MED009,Ciprofloxacine 500mg,4575.433745283554,2026-01-06,34
MED009,Ciprofloxacine 500mg,4575.433745283554,2026-01-07,40
MED009,Ciprofloxacine 500mg,4575.433745283554,2026-01-08,44
MED009,Ciprofloxacine 500mg,4575.433745283554,2026-01-09,50
MED009,Ciprofloxacine 500mg,4575.433745283554,2026-01-10,72
MED009,Ciprofloxacine 500mg,4575.433745283554,2026-01-11,44
MED009,Ciprofloxacine 500mg,4575.433745283554,2026-01-12,28
MED009,Ciprofloxacine 500mg,4575.433745283554,2026-01-13,23
MED009,Ciprofloxacine 500mg,4575.433745283554,2026-01-14,37
MED009,Ciprofloxacine 500mg,4575.433745283554,2026-01-15,56
MED009,Ciprofloxacine 500mg,4575.433745283554,2026-01-16,50
MED009,Ciprofloxacine 500mg,4575.433745283554,2026-01-17,40
MED009,Ciprofloxacine 500mg,4575.433745283554,2026-01-18,47
MED009,Ciprofloxacine 500mg,4575.433745283554,2026-01-19,38
MED009,Ciprofloxacine 500mg,4575.433745283554,2026-01-20,43
MED009,Ciprofloxacine 500mg,4575.433745283554,2026-01-21,23
MED009,Ciprofloxacine 500mg,4575.433745283554,2026-01-22,45
MED009,Ciprofloxacine 500mg,4575.433745283554,2026-01-23,51
MED009,Ciprofloxacine 500mg,4575.433745283554,2026-01-24,50
MED009,Ciprofloxacine 500mg,4575.433745283554,2026-01-25,24
MED009,Ciprofloxacine 500mg,4575.433745283554,2026-01-26,52
MED009,Ciprofloxacine 500mg,4575.433745283554,2026-01-27,31
MED009,Ciprofloxacine 500mg,4575.433745283554,2026-01-28,27
MED009,Ciprofloxacine 500mg,4575.433745283554,2026-01-29,36
MED009,Ciprofloxacine 500mg,4575.433745283554,2026-01-30,52
MED009,Ciprofloxacine 500mg,4575.433745283554,2026-01-31,54
MED009,Ciprofloxacine 500mg,4575.433745283554,2026-02-01,35
MED009,Ciprofloxacine 500mg,4575.433745283554,2026-02-02,56
MED009,Ciprofloxacine 500mg,4575.433745283554,2026-02-03,36
MED009,Ciprofloxacine 500mg,4575.433745283554,2026-02-04,26
MED009,Ciprofloxacine 500mg,4575.433745283554,2026-02-05,27
MED009,Ciprofloxacine 500mg,4575.433745283554,2026-02-06,43
MED009,Ciprofloxacine 500mg,4575.433745283554,2026-02-07,62
MED009,Ciprofloxacine 500mg,4575.433745283554,2026-02-08,51
MED009,Ciprofloxacine 500mg,4575.433745283554,2026-02-09,38
MED009,Ciprofloxacine 500mg,4575.433745283554,2026-02-10,33
MED009,Ciprofloxacine 500mg,4575.433745283554,2026-02-11,41
MED009,Ciprofloxacine 500mg,4575.433745283554,2026-02-12,28
MED009,Ciprofloxacine 500mg,4575.433745283554,2026-02-13,23
MED009,Ciprofloxacine 500mg,4575.433745283554,2026-02-14,47
MED009,Ciprofloxacine 500mg,4575.433745283554,2026-02-15,26
MED009,Ciprofloxacine 500mg,4575.433745283554,2026-02-16,40
MED009,Ciprofloxacine 500mg,4575.433745283554,2026-02-17,43
MED009,Ciprofloxacine 500mg,4575.433745283554,2026-02-18,35
MED009,Ciprofloxacine 500mg,4575.433745283554,2026-02-19,37
MED009,Ciprofloxacine 500mg,4575.433745283554,2026-02-20,44
MED009,Ciprofloxacine 500mg,4575.433745283554,2026-02-21,51
MED009,Ciprofloxacine 500mg,4575.433745283554,2026-02-22,38
MED009,Ciprofloxacine 500mg,4575.433745283554,2026-02-23,37
MED009,Ciprofloxacine 500mg,4575.433745283554,2026-02-24,46
MED009,Ciprofloxacine 500mg,4575.433745283554,2026-02-25,30
MED009,Ciprofloxacine 500mg,4575.433745283554,2026-02-26,33
MED009,Ciprofloxacine 500mg,4575.433745283554,2026-02-27,46
MED009,Ciprofloxacine 500mg,4575.433745283554,2026-02-28,53
MED009,Ciprofloxacine 500mg,4575.433745283554,2026-03-01,39
MED009,Ciprofloxacine 500mg,4575.433745283554,2026-03-02,46
MED009,Ciprofloxacine 500mg,4575.433745283554,2026-03-03,30
MED009,Ciprofloxacine 500mg,4575.433745283554,2026-03-04,35
MED009,Ciprofloxacine 500mg,4575.433745283554,2026-03-05,46
MED009,Ciprofloxacine 500mg,4575.433745283554,2026-03-06,23
MED009,Ciprofloxacine 500mg,4575.433745283554,2026-03-07,42
MED009,Ciprofloxacine 500mg,4575.433745283554,2026-03-08,28
MED009,Ciprofloxacine 500mg,4575.433745283554,2026-03-09,50
MED009,Ciprofloxacine 500mg,4575.433745283554,2026-03-10,39
MED009,Ciprofloxacine 500mg,4575.433745283554,2026-03-11,46
MED009,Ciprofloxacine 500mg,4575.433745283554,2026-03-12,23
MED009,Ciprofloxacine 500mg,4575.433745283554,2026-03-13,35
MED009,Ciprofloxacine 500mg,4575.433745283554,2026-03-14,54
MED009,Ciprofloxacine 500mg,4575.433745283554,2026-03-15,33
MED009,Ciprofloxacine 500mg,4575.433745283554,2026-03-16,44
MED009,Ciprofloxacine 500mg,4575.433745283554,2026-03-17,32
MED009,Ciprofloxacine 500mg,4575.433745283554,2026-03-18,20
MED009,Ciprofloxacine 500mg,4575.433745283554,2026-03-19,38
MED009,Ciprofloxacine 500mg,4575.433745283554,2026-03-20,63
MED009,Ciprofloxacine 500mg,4575.433745283554,2026-03-21,74
MED009,Ciprofloxacine 500mg,4575.433745283554,2026-03-22,37
MED009,Ciprofloxacine 500mg,4575.433745283554,2026-03-23,31
MED009,Ciprofloxacine 500mg,4575.433745283554,2026-03-24,45
MED009,Ciprofloxacine 500mg,4575.433745283554,2026-03-25,44
MED009,Ciprofloxacine 500mg,4575.433745283554,2026-03-26,29
MED009,Ciprofloxacine 500mg,4575.433745283554,2026-03-27,45
MED009,Ciprofloxacine 500mg,4575.433745283554,2026-03-28,46
MED009,Ciprofloxacine 500mg,4575.433745283554,2026-03-29,48
MED009,Ciprofloxacine 500mg,4575.433745283554,2026-03-30,30
MED009,Ciprofloxacine 500mg,4575.433745283554,2026-03-31,35
MED009,Ciprofloxacine 500mg,4575.433745283554,2026-04-01,42
MED009,Ciprofloxacine 500mg,4575.433745283554,2026-04-02,44
MED009,Ciprofloxacine 500mg,4575.433745283554,2026-04-03,43
MED009,Ciprofloxacine 500mg,4575.433745283554,2026-04-04,33
MED009,Ciprofloxacine 500mg,4575.433745283554,2026-04-05,45
MED009,Ciprofloxacine 500mg,4575.433745283554,2026-04-06,50
MED009,Ciprofloxacine 500mg,4575.433745283554,2026-04-07,62
MED009,Ciprofloxacine 500mg,4575.433745283554,2026-04-08,31
MED009,Ciprofloxacine 500mg,4575.433745283554,2026-04-09,30
MED009,Ciprofloxacine 500mg,4575.433745283554,2026-04-10,52
MED009,Ciprofloxacine 500mg,4575.433745283554,2026-04-11,56
MED009,Ciprofloxacine 500mg,4575.433745283554,2026-04-12,53
MED009,Ciprofloxacine 500mg,4575.433745283554,2026-04-13,39
MED009,Ciprofloxacine 500mg,4575.433745283554,2026-04-14,47
MED009,Ciprofloxacine 500mg,4575.433745283554,2026-04-15,50
MED009,Ciprofloxacine 500mg,4575.433745283554,2026-04-16,52
MED009,Ciprofloxacine 500mg,4575.433745283554,2026-04-17,49
MED009,Ciprofloxacine 500mg,4575.433745283554,2026-04-18,39
MED009,Ciprofloxacine 500mg,4575.433745283554,2026-04-19,54
MED009,Ciprofloxacine 500mg,4575.433745283554,2026-04-20,42
MED009,Ciprofloxacine 500mg,4575.433745283554,2026-04-21,49
MED009,Ciprofloxacine 500mg,4575.433745283554,2026-04-22,45
MED009,Ciprofloxacine 500mg,4575.433745283554,2026-04-23,42
MED009,Ciprofloxacine 500mg,4575.433745283554,2026-04-24,37
MED009,Ciprofloxacine 500mg,4575.433745283554,2026-04-25,42
MED009,Ciprofloxacine 500mg,4575.433745283554,2026-04-26,36
MED009,Ciprofloxacine 500mg,4575.433745283554,2026-04-27,33
MED009,Ciprofloxacine 500mg,4575.433745283554,2026-04-28,42
MED009,Ciprofloxacine 500mg,4575.433745283554,2026-04-29,21
MED009,Ciprofloxacine 500mg,4575.433745283554,2026-04-30,37
MED009,Ciprofloxacine 500mg,4575.433745283554,2026-05-01,25
MED009,Ciprofloxacine 500mg,4575.433745283554,2026-05-02,30
MED009,Ciprofloxacine 500mg,4575.433745283554,2026-05-03,37
MED009,Ciprofloxacine 500mg,4575.433745283554,2026-05-04,53
MED009,Ciprofloxacine 500mg,4575.433745283554,2026-05-05,44
MED009,Ciprofloxacine 500mg,4575.433745283554,2026-05-06,47
MED009,Ciprofloxacine 500mg,4575.433745283554,2026-05-07,19
MED009,Ciprofloxacine 500mg,4575.433745283554,2026-05-08,29
MED009,Ciprofloxacine 500mg,4575.433745283554,2026-05-09,50
MED009,Ciprofloxacine 500mg,4575.433745283554,2026-05-10,57
MED009,Ciprofloxacine 500mg,4575.433745283554,2026-05-11,70
MED009,Ciprofloxacine 500mg,4575.433745283554,2026-05-12,29
MED009,Ciprofloxacine 500mg,4575.433745283554,2026-05-13,64
MED009,Ciprofloxacine 500mg,4575.433745283554,2026-05-14,68
MED009,Ciprofloxacine 500mg,4575.433745283554,2026-05-15,51
MED009,Ciprofloxacine 500mg,4575.433745283554,2026-05-16,50
MED009,Ciprofloxacine 500mg,4575.433745283554,2026-05-17,39
MED009,Ciprofloxacine 500mg,4575.433745283554,2026-05-18,52
MED009,Ciprofloxacine 500mg,4575.433745283554,2026-05-19,56
MED009,Ciprofloxacine 500mg,4575.433745283554,2026-05-20,36
MED009,Ciprofloxacine 500mg,4575.433745283554,2026-05-21,26
MED009,Ciprofloxacine 500mg,4575.433745283554,2026-05-22,28
MED009,Ciprofloxacine 500mg,4575.433745283554,2026-05-23,54
MED009,Ciprofloxacine 500mg,4575.433745283554,2026-05-24,48
MED009,Ciprofloxacine 500mg,4575.433745283554,2026-05-25,33
MED009,Ciprofloxacine 500mg,4575.433745283554,2026-05-26,12
MED009,Ciprofloxacine 500mg,4575.433745283554,2026-05-27,57
MED009,Ciprofloxacine 500mg,4575.433745283554,2026-05-28,28
MED009,Ciprofloxacine 500mg,4575.433745283554,2026-05-29,37
MED009,Ciprofloxacine 500mg,4575.433745283554,2026-05-30,47
MED009,Ciprofloxacine 500mg,4575.433745283554,2026-05-31,34
MED009,Ciprofloxacine 500mg,4575.433745283554,2026-06-01,56
MED009,Ciprofloxacine 500mg,4575.433745283554,2026-06-02,43
MED009,Ciprofloxacine 500mg,4575.433745283554,2026-06-03,31
MED009,Ciprofloxacine 500mg,4575.433745283554,2026-06-04,67
MED009,Ciprofloxacine 500mg,4575.433745283554,2026-06-05,47
MED009,Ciprofloxacine 500mg,4575.433745283554,2026-06-06,62
MED009,Ciprofloxacine 500mg,4575.433745283554,2026-06-07,70
MED009,Ciprofloxacine 500mg,4575.433745283554,2026-06-08,82
MED009,Ciprofloxacine 500mg,4575.433745283554,2026-06-09,34
MED009,Ciprofloxacine 500mg,4575.433745283554,2026-06-10,67
MED009,Ciprofloxacine 500mg,4575.433745283554,2026-06-11,48
MED009,Ciprofloxacine 500mg,4575.433745283554,2026-06-12,67
MED009,Ciprofloxacine 500mg,4575.433745283554,2026-06-13,71
MED009,Ciprofloxacine 500mg,4575.433745283554,2026-06-14,61
MED009,Ciprofloxacine 500mg,4575.433745283554,2026-06-15,48
MED009,Ciprofloxacine 500mg,4575.433745283554,2026-06-16,50
MED009,Ciprofloxacine 500mg,4575.433745283554,2026-06-17,41
MED009,Ciprofloxacine 500mg,4575.433745283554,2026-06-18,81
MED009,Ciprofloxacine 500mg,4575.433745283554,2026-06-19,66
MED009,Ciprofloxacine 500mg,4575.433745283554,2026-06-20,112
MED009,Ciprofloxacine 500mg,4575.433745283554,2026-06-21,79
MED009,Ciprofloxacine 500mg,4575.433745283554,2026-06-22,77
MED009,Ciprofloxacine 500mg,4575.433745283554,2026-06-23,50
MED009,Ciprofloxacine 500mg,4575.433745283554,2026-06-24,30
MED009,Ciprofloxacine 500mg,4575.433745283554,2026-06-25,53
MED009,Ciprofloxacine 500mg,4575.433745283554,2026-06-26,46
MED009,Ciprofloxacine 500mg,4575.433745283554,2026-06-27,83
MED009,Ciprofloxacine 500mg,4575.433745283554,2026-06-28,48
MED009,Ciprofloxacine 500mg,4575.433745283554,2026-06-29,55
MED009,Ciprofloxacine 500mg,4575.433745283554,2026-06-30,66
MED009,Ciprofloxacine 500mg,4575.433745283554,2026-07-01,58
MED009,Ciprofloxacine 500mg,4575.433745283554,2026-07-02,73
MED009,Ciprofloxacine 500mg,4575.433745283554,2026-07-03,58
MED009,Ciprofloxacine 500mg,4575.433745283554,2026-07-04,23
MED009,Ciprofloxacine 500mg,4575.433745283554,2026-07-05,70
MED009,Ciprofloxacine 500mg,4575.433745283554,2026-07-06,62
MED009,Ciprofloxacine 500mg,4575.433745283554,2026-07-07,36
MED009,Ciprofloxacine 500mg,4575.433745283554,2026-07-08,41
MED009,Ciprofloxacine 500mg,4575.433745283554,2026-07-09,94
MED009,Ciprofloxacine 500mg,4575.433745283554,2026-07-10,81
MED009,Ciprofloxacine 500mg,4575.433745283554,2026-07-11,55
MED009,Ciprofloxacine 500mg,4575.433745283554,2026-07-12,56
MED009,Ciprofloxacine 500mg,4575.433745283554,2026-07-13,34
MED009,Ciprofloxacine 500mg,4575.433745283554,2026-07-14,25
MED009,Ciprofloxacine 500mg,4575.433745283554,2026-07-15,56
MED009,Ciprofloxacine 500mg,4575.433745283554,2026-07-16,61
MED009,Ciprofloxacine 500mg,4575.433745283554,2026-07-17,57
MED009,Ciprofloxacine 500mg,4575.433745283554,2026-07-18,83
MED009,Ciprofloxacine 500mg,4575.433745283554,2026-07-19,68
MED009,Ciprofloxacine 500mg,4575.433745283554,2026-07-20,77
MED009,Ciprofloxacine 500mg,4575.433745283554,2026-07-21,48
MED009,Ciprofloxacine 500mg,4575.433745283554,2026-07-22,66
MED009,Ciprofloxacine 500mg,4575.433745283554,2026-07-23,44
MED009,Ciprofloxacine 500mg,4575.433745283554,2026-07-24,74
MED009,Ciprofloxacine 500mg,4575.433745283554,2026-07-25,90
MED009,Ciprofloxacine 500mg,4575.433745283554,2026-07-26,46
MED009,Ciprofloxacine 500mg,4575.433745283554,2026-07-27,27
MED009,Ciprofloxacine 500mg,4575.433745283554,2026-07-28,71
MED009,Ciprofloxacine 500mg,4575.433745283554,2026-07-29,101
MED009,Ciprofloxacine 500mg,4575.433745283554,2026-07-30,71
MED009,Ciprofloxacine 500mg,4575.433745283554,2026-07-31,82
MED009,Ciprofloxacine 500mg,4575.433745283554,2026-08-01,120
MED009,Ciprofloxacine 500mg,4575.433745283554,2026-08-02,76
MED009,Ciprofloxacine 500mg,4575.433745283554,2026-08-03,47
MED009,Ciprofloxacine 500mg,4575.433745283554,2026-08-04,40
MED009,Ciprofloxacine 500mg,4575.433745283554,2026-08-05,43
MED009,Ciprofloxacine 500mg,4575.433745283554,2026-08-06,44
MED009,Ciprofloxacine 500mg,4575.433745283554,2026-08-07,76
MED009,Ciprofloxacine 500mg,4575.433745283554,2026-08-08,111
MED009,Ciprofloxacine 500mg,4575.433745283554,2026-08-09,45
MED009,Ciprofloxacine 500mg,4575.433745283554,2026-08-10,45
MED009,Ciprofloxacine 500mg,4575.433745283554,2026-08-11,38
MED009,Ciprofloxacine 500mg,4575.433745283554,2026-08-12,84
MED009,Ciprofloxacine 500mg,4575.433745283554,2026-08-13,73
MED009,Ciprofloxacine 500mg,4575.433745283554,2026-08-14,68
MED009,Ciprofloxacine 500mg,4575.433745283554,2026-08-15,70
MED009,Ciprofloxacine 500mg,4575.433745283554,2026-08-16,45
MED009,Ciprofloxacine 500mg,4575.433745283554,2026-08-17,63
MED009,Ciprofloxacine 500mg,4575.433745283554,2026-08-18,59
MED010,Diclofénac 50mg,2051.081198899634,2025-08-19,107
MED010,Diclofénac 50mg,2051.081198899634,2025-08-20,128
MED010,Diclofénac 50mg,2051.081198899634,2025-08-21,105
MED010,Diclofénac 50mg,2051.081198899634,2025-08-22,77
MED010,Diclofénac 50mg,2051.081198899634,2025-08-23,123
MED010,Diclofénac 50mg,2051.081198899634,2025-08-24,78
MED010,Diclofénac 50mg,2051.081198899634,2025-08-25,92
MED010,Diclofénac 50mg,2051.081198899634,2025-08-26,129
MED010,Diclofénac 50mg,2051.081198899634,2025-08-27,89
MED010,Diclofénac 50mg,2051.081198899634,2025-08-28,92
MED010,Diclofénac 50mg,2051.081198899634,2025-08-29,102
MED010,Diclofénac 50mg,2051.081198899634,2025-08-30,103
MED010,Diclofénac 50mg,2051.081198899634,2025-08-31,101
MED010,Diclofénac 50mg,2051.081198899634,2025-09-01,41
MED010,Diclofénac 50mg,2051.081198899634,2025-09-02,116
MED010,Diclofénac 50mg,2051.081198899634,2025-09-03,187
MED010,Diclofénac 50mg,2051.081198899634,2025-09-04,101
MED010,Diclofénac 50mg,2051.081198899634,2025-09-05,140
MED010,Diclofénac 50mg,2051.081198899634,2025-09-06,135
MED010,Diclofénac 50mg,2051.081198899634,2025-09-07,44
MED010,Diclofénac 50mg,2051.081198899634,2025-09-08,103
MED010,Diclofénac 50mg,2051.081198899634,2025-09-09,142
MED010,Diclofénac 50mg,2051.081198899634,2025-09-10,168
MED010,Diclofénac 50mg,2051.081198899634,2025-09-11,116
MED010,Diclofénac 50mg,2051.081198899634,2025-09-12,183
MED010,Diclofénac 50mg,2051.081198899634,2025-09-13,123
MED010,Diclofénac 50mg,2051.081198899634,2025-09-14,97
MED010,Diclofénac 50mg,2051.081198899634,2025-09-15,122
MED010,Diclofénac 50mg,2051.081198899634,2025-09-16,103
MED010,Diclofénac 50mg,2051.081198899634,2025-09-17,86
MED010,Diclofénac 50mg,2051.081198899634,2025-09-18,154
MED010,Diclofénac 50mg,2051.081198899634,2025-09-19,97
MED010,Diclofénac 50mg,2051.081198899634,2025-09-20,193
MED010,Diclofénac 50mg,2051.081198899634,2025-09-21,141
MED010,Diclofénac 50mg,2051.081198899634,2025-09-22,97
MED010,Diclofénac 50mg,2051.081198899634,2025-09-23,170
MED010,Diclofénac 50mg,2051.081198899634,2025-09-24,118
MED010,Diclofénac 50mg,2051.081198899634,2025-09-25,151
MED010,Diclofénac 50mg,2051.081198899634,2025-09-26,108
MED010,Diclofénac 50mg,2051.081198899634,2025-09-27,82
MED010,Diclofénac 50mg,2051.081198899634,2025-09-28,166
MED010,Diclofénac 50mg,2051.081198899634,2025-09-29,104
MED010,Diclofénac 50mg,2051.081198899634,2025-09-30,177
MED010,Diclofénac 50mg,2051.081198899634,2025-10-01,100
MED010,Diclofénac 50mg,2051.081198899634,2025-10-02,114
MED010,Diclofénac 50mg,2051.081198899634,2025-10-03,64
MED010,Diclofénac 50mg,2051.081198899634,2025-10-04,63
MED010,Diclofénac 50mg,2051.081198899634,2025-10-05,96
MED010,Diclofénac 50mg,2051.081198899634,2025-10-06,87
MED010,Diclofénac 50mg,2051.081198899634,2025-10-07,96
MED010,Diclofénac 50mg,2051.081198899634,2025-10-08,122
MED010,Diclofénac 50mg,2051.081198899634,2025-10-09,116
MED010,Diclofénac 50mg,2051.081198899634,2025-10-10,109
MED010,Diclofénac 50mg,2051.081198899634,2025-10-11,131
MED010,Diclofénac 50mg,2051.081198899634,2025-10-12,123
MED010,Diclofénac 50mg,2051.081198899634,2025-10-13,85
MED010,Diclofénac 50mg,2051.081198899634,2025-10-14,92
MED010,Diclofénac 50mg,2051.081198899634,2025-10-15,138
MED010,Diclofénac 50mg,2051.081198899634,2025-10-16,107
MED010,Diclofénac 50mg,2051.081198899634,2025-10-17,147
MED010,Diclofénac 50mg,2051.081198899634,2025-10-18,141
MED010,Diclofénac 50mg,2051.081198899634,2025-10-19,97
MED010,Diclofénac 50mg,2051.081198899634,2025-10-20,116
MED010,Diclofénac 50mg,2051.081198899634,2025-10-21,127
MED010,Diclofénac 50mg,2051.081198899634,2025-10-22,132
MED010,Diclofénac 50mg,2051.081198899634,2025-10-23,112
MED010,Diclofénac 50mg,2051.081198899634,2025-10-24,143
MED010,Diclofénac 50mg,2051.081198899634,2025-10-25,130
MED010,Diclofénac 50mg,2051.081198899634,2025-10-26,127
MED010,Diclofénac 50mg,2051.081198899634,2025-10-27,99
MED010,Diclofénac 50mg,2051.081198899634,2025-10-28,103
MED010,Diclofénac 50mg,2051.081198899634,2025-10-29,111
MED010,Diclofénac 50mg,2051.081198899634,2025-10-30,87
MED010,Diclofénac 50mg,2051.081198899634,2025-10-31,125
MED010,Diclofénac 50mg,2051.081198899634,2025-11-01,119
MED010,Diclofénac 50mg,2051.081198899634,2025-11-02,67
MED010,Diclofénac 50mg,2051.081198899634,2025-11-03,41
MED010,Diclofénac 50mg,2051.081198899634,2025-11-04,83
MED010,Diclofénac 50mg,2051.081198899634,2025-11-05,86
MED010,Diclofénac 50mg,2051.081198899634,2025-11-06,44
MED010,Diclofénac 50mg,2051.081198899634,2025-11-07,88
MED010,Diclofénac 50mg,2051.081198899634,2025-11-08,93
MED010,Diclofénac 50mg,2051.081198899634,2025-11-09,76
MED010,Diclofénac 50mg,2051.081198899634,2025-11-10,85
MED010,Diclofénac 50mg,2051.081198899634,2025-11-11,52
MED010,Diclofénac 50mg,2051.081198899634,2025-11-12,63
MED010,Diclofénac 50mg,2051.081198899634,2025-11-13,51
MED010,Diclofénac 50mg,2051.081198899634,2025-11-14,46
MED010,Diclofénac 50mg,2051.081198899634,2025-11-15,79
MED010,Diclofénac 50mg,2051.081198899634,2025-11-16,65
MED010,Diclofénac 50mg,2051.081198899634,2025-11-17,50
MED010,Diclofénac 50mg,2051.081198899634,2025-11-18,52
MED010,Diclofénac 50mg,2051.081198899634,2025-11-19,74
MED010,Diclofénac 50mg,2051.081198899634,2025-11-20,77
MED010,Diclofénac 50mg,2051.081198899634,2025-11-21,45
MED010,Diclofénac 50mg,2051.081198899634,2025-11-22,65
MED010,Diclofénac 50mg,2051.081198899634,2025-11-23,49
MED010,Diclofénac 50mg,2051.081198899634,2025-11-24,135
MED010,Diclofénac 50mg,2051.081198899634,2025-11-25,25
MED010,Diclofénac 50mg,2051.081198899634,2025-11-26,90
MED010,Diclofénac 50mg,2051.081198899634,2025-11-27,81
MED010,Diclofénac 50mg,2051.081198899634,2025-11-28,60
MED010,Diclofénac 50mg,2051.081198899634,2025-11-29,77
MED010,Diclofénac 50mg,2051.081198899634,2025-11-30,70
MED010,Diclofénac 50mg,2051.081198899634,2025-12-01,79
MED010,Diclofénac 50mg,2051.081198899634,2025-12-02,77
MED010,Diclofénac 50mg,2051.081198899634,2025-12-03,98
MED010,Diclofénac 50mg,2051.081198899634,2025-12-04,75
MED010,Diclofénac 50mg,2051.081198899634,2025-12-05,82
MED010,Diclofénac 50mg,2051.081198899634,2025-12-06,131
MED010,Diclofénac 50mg,2051.081198899634,2025-12-07,42
MED010,Diclofénac 50mg,2051.081198899634,2025-12-08,22
MED010,Diclofénac 50mg,2051.081198899634,2025-12-09,82
MED010,Diclofénac 50mg,2051.081198899634,2025-12-10,78
MED010,Diclofénac 50mg,2051.081198899634,2025-12-11,68
MED010,Diclofénac 50mg,2051.081198899634,2025-12-12,38
MED010,Diclofénac 50mg,2051.081198899634,2025-12-13,63
MED010,Diclofénac 50mg,2051.081198899634,2025-12-14,44
MED010,Diclofénac 50mg,2051.081198899634,2025-12-15,83
MED010,Diclofénac 50mg,2051.081198899634,2025-12-16,56
MED010,Diclofénac 50mg,2051.081198899634,2025-12-17,48
MED010,Diclofénac 50mg,2051.081198899634,2025-12-18,68
MED010,Diclofénac 50mg,2051.081198899634,2025-12-19,83
MED010,Diclofénac 50mg,2051.081198899634,2025-12-20,66
MED010,Diclofénac 50mg,2051.081198899634,2025-12-21,71
MED010,Diclofénac 50mg,2051.081198899634,2025-12-22,109
MED010,Diclofénac 50mg,2051.081198899634,2025-12-23,73
MED010,Diclofénac 50mg,2051.081198899634,2025-12-24,51
MED010,Diclofénac 50mg,2051.081198899634,2025-12-25,106
MED010,Diclofénac 50mg,2051.081198899634,2025-12-26,111
MED010,Diclofénac 50mg,2051.081198899634,2025-12-27,97
MED010,Diclofénac 50mg,2051.081198899634,2025-12-28,19
MED010,Diclofénac 50mg,2051.081198899634,2025-12-29,57
MED010,Diclofénac 50mg,2051.081198899634,2025-12-30,85
MED010,Diclofénac 50mg,2051.081198899634,2025-12-31,74
MED010,Diclofénac 50mg,2051.081198899634,2026-01-01,81
MED010,Diclofénac 50mg,2051.081198899634,2026-01-02,76
MED010,Diclofénac 50mg,2051.081198899634,2026-01-03,63
MED010,Diclofénac 50mg,2051.081198899634,2026-01-04,76
MED010,Diclofénac 50mg,2051.081198899634,2026-01-05,68
MED010,Diclofénac 50mg,2051.081198899634,2026-01-06,87
MED010,Diclofénac 50mg,2051.081198899634,2026-01-07,58
MED010,Diclofénac 50mg,2051.081198899634,2026-01-08,41
MED010,Diclofénac 50mg,2051.081198899634,2026-01-09,83
MED010,Diclofénac 50mg,2051.081198899634,2026-01-10,119
MED010,Diclofénac 50mg,2051.081198899634,2026-01-11,70
MED010,Diclofénac 50mg,2051.081198899634,2026-01-12,85
MED010,Diclofénac 50mg,2051.081198899634,2026-01-13,82
MED010,Diclofénac 50mg,2051.081198899634,2026-01-14,52
MED010,Diclofénac 50mg,2051.081198899634,2026-01-15,61
MED010,Diclofénac 50mg,2051.081198899634,2026-01-16,66
MED010,Diclofénac 50mg,2051.081198899634,2026-01-17,117
MED010,Diclofénac 50mg,2051.081198899634,2026-01-18,77
MED010,Diclofénac 50mg,2051.081198899634,2026-01-19,75
MED010,Diclofénac 50mg,2051.081198899634,2026-01-20,38
MED010,Diclofénac 50mg,2051.081198899634,2026-01-21,81
MED010,Diclofénac 50mg,2051.081198899634,2026-01-22,43
MED010,Diclofénac 50mg,2051.081198899634,2026-01-23,39
MED010,Diclofénac 50mg,2051.081198899634,2026-01-24,48
MED010,Diclofénac 50mg,2051.081198899634,2026-01-25,117
MED010,Diclofénac 50mg,2051.081198899634,2026-01-26,89
MED010,Diclofénac 50mg,2051.081198899634,2026-01-27,100
MED010,Diclofénac 50mg,2051.081198899634,2026-01-28,36
MED010,Diclofénac 50mg,2051.081198899634,2026-01-29,67
MED010,Diclofénac 50mg,2051.081198899634,2026-01-30,57
MED010,Diclofénac 50mg,2051.081198899634,2026-01-31,74
MED010,Diclofénac 50mg,2051.081198899634,2026-02-01,16
MED010,Diclofénac 50mg,2051.081198899634,2026-02-02,51
MED010,Diclofénac 50mg,2051.081198899634,2026-02-03,37
MED010,Diclofénac 50mg,2051.081198899634,2026-02-04,49
MED010,Diclofénac 50mg,2051.081198899634,2026-02-05,99
MED010,Diclofénac 50mg,2051.081198899634,2026-02-06,80
MED010,Diclofénac 50mg,2051.081198899634,2026-02-07,112
MED010,Diclofénac 50mg,2051.081198899634,2026-02-08,60
MED010,Diclofénac 50mg,2051.081198899634,2026-02-09,55
MED010,Diclofénac 50mg,2051.081198899634,2026-02-10,59
MED010,Diclofénac 50mg,2051.081198899634,2026-02-11,62
MED010,Diclofénac 50mg,2051.081198899634,2026-02-12,91
MED010,Diclofénac 50mg,2051.081198899634,2026-02-13,33
MED010,Diclofénac 50mg,2051.081198899634,2026-02-14,57
MED010,Diclofénac 50mg,2051.081198899634,2026-02-15,56
MED010,Diclofénac 50mg,2051.081198899634,2026-02-16,51
MED010,Diclofénac 50mg,2051.081198899634,2026-02-17,79
MED010,Diclofénac 50mg,2051.081198899634,2026-02-18,108
MED010,Diclofénac 50mg,2051.081198899634,2026-02-19,97
MED010,Diclofénac 50mg,2051.081198899634,2026-02-20,64
MED010,Diclofénac 50mg,2051.081198899634,2026-02-21,129
MED010,Diclofénac 50mg,2051.081198899634,2026-02-22,91
MED010,Diclofénac 50mg,2051.081198899634,2026-02-23,85
MED010,Diclofénac 50mg,2051.081198899634,2026-02-24,38
MED010,Diclofénac 50mg,2051.081198899634,2026-02-25,71
MED010,Diclofénac 50mg,2051.081198899634,2026-02-26,69
MED010,Diclofénac 50mg,2051.081198899634,2026-02-27,74
MED010,Diclofénac 50mg,2051.081198899634,2026-02-28,57
MED010,Diclofénac 50mg,2051.081198899634,2026-03-01,92
MED010,Diclofénac 50mg,2051.081198899634,2026-03-02,90
MED010,Diclofénac 50mg,2051.081198899634,2026-03-03,31
MED010,Diclofénac 50mg,2051.081198899634,2026-03-04,69
MED010,Diclofénac 50mg,2051.081198899634,2026-03-05,65
MED010,Diclofénac 50mg,2051.081198899634,2026-03-06,65
MED010,Diclofénac 50mg,2051.081198899634,2026-03-07,79
MED010,Diclofénac 50mg,2051.081198899634,2026-03-08,82
MED010,Diclofénac 50mg,2051.081198899634,2026-03-09,22
MED010,Diclofénac 50mg,2051.081198899634,2026-03-10,33
MED010,Diclofénac 50mg,2051.081198899634,2026-03-11,98
MED010,Diclofénac 50mg,2051.081198899634,2026-03-12,52
MED010,Diclofénac 50mg,2051.081198899634,2026-03-13,64
MED010,Diclofénac 50mg,2051.081198899634,2026-03-14,86
MED010,Diclofénac 50mg,2051.081198899634,2026-03-15,62
MED010,Diclofénac 50mg,2051.081198899634,2026-03-16,105
MED010,Diclofénac 50mg,2051.081198899634,2026-03-17,48
MED010,Diclofénac 50mg,2051.081198899634,2026-03-18,61
MED010,Diclofénac 50mg,2051.081198899634,2026-03-19,102
MED010,Diclofénac 50mg,2051.081198899634,2026-03-20,54
MED010,Diclofénac 50mg,2051.081198899634,2026-03-21,82
MED010,Diclofénac 50mg,2051.081198899634,2026-03-22,36
MED010,Diclofénac 50mg,2051.081198899634,2026-03-23,49
MED010,Diclofénac 50mg,2051.081198899634,2026-03-24,102
MED010,Diclofénac 50mg,2051.081198899634,2026-03-25,73
MED010,Diclofénac 50mg,2051.081198899634,2026-03-26,85
MED010,Diclofénac 50mg,2051.081198899634,2026-03-27,67
MED010,Diclofénac 50mg,2051.081198899634,2026-03-28,94
MED010,Diclofénac 50mg,2051.081198899634,2026-03-29,106
MED010,Diclofénac 50mg,2051.081198899634,2026-03-30,92
MED010,Diclofénac 50mg,2051.081198899634,2026-03-31,88
MED010,Diclofénac 50mg,2051.081198899634,2026-04-01,69
MED010,Diclofénac 50mg,2051.081198899634,2026-04-02,80
MED010,Diclofénac 50mg,2051.081198899634,2026-04-03,27
MED010,Diclofénac 50mg,2051.081198899634,2026-04-04,110
MED010,Diclofénac 50mg,2051.081198899634,2026-04-05,60
MED010,Diclofénac 50mg,2051.081198899634,2026-04-06,113
MED010,Diclofénac 50mg,2051.081198899634,2026-04-07,73
MED010,Diclofénac 50mg,2051.081198899634,2026-04-08,82
MED010,Diclofénac 50mg,2051.081198899634,2026-04-09,80
MED010,Diclofénac 50mg,2051.081198899634,2026-04-10,80
MED010,Diclofénac 50mg,2051.081198899634,2026-04-11,65
MED010,Diclofénac 50mg,2051.081198899634,2026-04-12,51
MED010,Diclofénac 50mg,2051.081198899634,2026-04-13,80
MED010,Diclofénac 50mg,2051.081198899634,2026-04-14,76
MED010,Diclofénac 50mg,2051.081198899634,2026-04-15,73
MED010,Diclofénac 50mg,2051.081198899634,2026-04-16,59
MED010,Diclofénac 50mg,2051.081198899634,2026-04-17,68
MED010,Diclofénac 50mg,2051.081198899634,2026-04-18,50
MED010,Diclofénac 50mg,2051.081198899634,2026-04-19,42
MED010,Diclofénac 50mg,2051.081198899634,2026-04-20,65
MED010,Diclofénac 50mg,2051.081198899634,2026-04-21,63
MED010,Diclofénac 50mg,2051.081198899634,2026-04-22,69
MED010,Diclofénac 50mg,2051.081198899634,2026-04-23,94
MED010,Diclofénac 50mg,2051.081198899634,2026-04-24,31
MED010,Diclofénac 50mg,2051.081198899634,2026-04-25,60
MED010,Diclofénac 50mg,2051.081198899634,2026-04-26,76
MED010,Diclofénac 50mg,2051.081198899634,2026-04-27,109
MED010,Diclofénac 50mg,2051.081198899634,2026-04-28,34
MED010,Diclofénac 50mg,2051.081198899634,2026-04-29,55
MED010,Diclofénac 50mg,2051.081198899634,2026-04-30,77
MED010,Diclofénac 50mg,2051.081198899634,2026-05-01,64
MED010,Diclofénac 50mg,2051.081198899634,2026-05-02,58
MED010,Diclofénac 50mg,2051.081198899634,2026-05-03,93
MED010,Diclofénac 50mg,2051.081198899634,2026-05-04,77
MED010,Diclofénac 50mg,2051.081198899634,2026-05-05,98
MED010,Diclofénac 50mg,2051.081198899634,2026-05-06,93
MED010,Diclofénac 50mg,2051.081198899634,2026-05-07,78
MED010,Diclofénac 50mg,2051.081198899634,2026-05-08,46
MED010,Diclofénac 50mg,2051.081198899634,2026-05-09,80
MED010,Diclofénac 50mg,2051.081198899634,2026-05-10,71
MED010,Diclofénac 50mg,2051.081198899634,2026-05-11,68
MED010,Diclofénac 50mg,2051.081198899634,2026-05-12,80
MED010,Diclofénac 50mg,2051.081198899634,2026-05-13,35
MED010,Diclofénac 50mg,2051.081198899634,2026-05-14,64
MED010,Diclofénac 50mg,2051.081198899634,2026-05-15,46
MED010,Diclofénac 50mg,2051.081198899634,2026-05-16,73
MED010,Diclofénac 50mg,2051.081198899634,2026-05-17,83
MED010,Diclofénac 50mg,2051.081198899634,2026-05-18,99
MED010,Diclofénac 50mg,2051.081198899634,2026-05-19,71
MED010,Diclofénac 50mg,2051.081198899634,2026-05-20,33
MED010,Diclofénac 50mg,2051.081198899634,2026-05-21,94
MED010,Diclofénac 50mg,2051.081198899634,2026-05-22,84
MED010,Diclofénac 50mg,2051.081198899634,2026-05-23,113
MED010,Diclofénac 50mg,2051.081198899634,2026-05-24,50
MED010,Diclofénac 50mg,2051.081198899634,2026-05-25,72
MED010,Diclofénac 50mg,2051.081198899634,2026-05-26,67
MED010,Diclofénac 50mg,2051.081198899634,2026-05-27,88
MED010,Diclofénac 50mg,2051.081198899634,2026-05-28,66
MED010,Diclofénac 50mg,2051.081198899634,2026-05-29,66
MED010,Diclofénac 50mg,2051.081198899634,2026-05-30,87
MED010,Diclofénac 50mg,2051.081198899634,2026-05-31,93
MED010,Diclofénac 50mg,2051.081198899634,2026-06-01,113
MED010,Diclofénac 50mg,2051.081198899634,2026-06-02,87
MED010,Diclofénac 50mg,2051.081198899634,2026-06-03,64
MED010,Diclofénac 50mg,2051.081198899634,2026-06-04,111
MED010,Diclofénac 50mg,2051.081198899634,2026-06-05,129
MED010,Diclofénac 50mg,2051.081198899634,2026-06-06,120
MED010,Diclofénac 50mg,2051.081198899634,2026-06-07,127
MED010,Diclofénac 50mg,2051.081198899634,2026-06-08,57
MED010,Diclofénac 50mg,2051.081198899634,2026-06-09,143
MED010,Diclofénac 50mg,2051.081198899634,2026-06-10,54
MED010,Diclofénac 50mg,2051.081198899634,2026-06-11,183
MED010,Diclofénac 50mg,2051.081198899634,2026-06-12,93
MED010,Diclofénac 50mg,2051.081198899634,2026-06-13,175
MED010,Diclofénac 50mg,2051.081198899634,2026-06-14,100
MED010,Diclofénac 50mg,2051.081198899634,2026-06-15,187
MED010,Diclofénac 50mg,2051.081198899634,2026-06-16,71
MED010,Diclofénac 50mg,2051.081198899634,2026-06-17,117
MED010,Diclofénac 50mg,2051.081198899634,2026-06-18,53
MED010,Diclofénac 50mg,2051.081198899634,2026-06-19,143
MED010,Diclofénac 50mg,2051.081198899634,2026-06-20,205
MED010,Diclofénac 50mg,2051.081198899634,2026-06-21,127
MED010,Diclofénac 50mg,2051.081198899634,2026-06-22,104
MED010,Diclofénac 50mg,2051.081198899634,2026-06-23,98
MED010,Diclofénac 50mg,2051.081198899634,2026-06-24,82
MED010,Diclofénac 50mg,2051.081198899634,2026-06-25,199
MED010,Diclofénac 50mg,2051.081198899634,2026-06-26,89
MED010,Diclofénac 50mg,2051.081198899634,2026-06-27,122
MED010,Diclofénac 50mg,2051.081198899634,2026-06-28,118
MED010,Diclofénac 50mg,2051.081198899634,2026-06-29,119
MED010,Diclofénac 50mg,2051.081198899634,2026-06-30,139
MED010,Diclofénac 50mg,2051.081198899634,2026-07-01,134
MED010,Diclofénac 50mg,2051.081198899634,2026-07-02,142
MED010,Diclofénac 50mg,2051.081198899634,2026-07-03,158
MED010,Diclofénac 50mg,2051.081198899634,2026-07-04,140
MED010,Diclofénac 50mg,2051.081198899634,2026-07-05,145
MED010,Diclofénac 50mg,2051.081198899634,2026-07-06,95
MED010,Diclofénac 50mg,2051.081198899634,2026-07-07,42
MED010,Diclofénac 50mg,2051.081198899634,2026-07-08,179
MED010,Diclofénac 50mg,2051.081198899634,2026-07-09,150
MED010,Diclofénac 50mg,2051.081198899634,2026-07-10,132
MED010,Diclofénac 50mg,2051.081198899634,2026-07-11,114
MED010,Diclofénac 50mg,2051.081198899634,2026-07-12,121
MED010,Diclofénac 50mg,2051.081198899634,2026-07-13,50
MED010,Diclofénac 50mg,2051.081198899634,2026-07-14,100
MED010,Diclofénac 50mg,2051.081198899634,2026-07-15,113
MED010,Diclofénac 50mg,2051.081198899634,2026-07-16,140
MED010,Diclofénac 50mg,2051.081198899634,2026-07-17,74
MED010,Diclofénac 50mg,2051.081198899634,2026-07-18,212
MED010,Diclofénac 50mg,2051.081198899634,2026-07-19,133
MED010,Diclofénac 50mg,2051.081198899634,2026-07-20,24
MED010,Diclofénac 50mg,2051.081198899634,2026-07-21,139
MED010,Diclofénac 50mg,2051.081198899634,2026-07-22,128
MED010,Diclofénac 50mg,2051.081198899634,2026-07-23,143
MED010,Diclofénac 50mg,2051.081198899634,2026-07-24,119
MED010,Diclofénac 50mg,2051.081198899634,2026-07-25,104
MED010,Diclofénac 50mg,2051.081198899634,2026-07-26,145
MED010,Diclofénac 50mg,2051.081198899634,2026-07-27,147
MED010,Diclofénac 50mg,2051.081198899634,2026-07-28,123
MED010,Diclofénac 50mg,2051.081198899634,2026-07-29,121
MED010,Diclofénac 50mg,2051.081198899634,2026-07-30,42
MED010,Diclofénac 50mg,2051.081198899634,2026-07-31,141
MED010,Diclofénac 50mg,2051.081198899634,2026-08-01,73
MED010,Diclofénac 50mg,2051.081198899634,2026-08-02,68
MED010,Diclofénac 50mg,2051.081198899634,2026-08-03,165
MED010,Diclofénac 50mg,2051.081198899634,2026-08-04,139
MED010,Diclofénac 50mg,2051.081198899634,2026-08-05,113
MED010,Diclofénac 50mg,2051.081198899634,2026-08-06,60
MED010,Diclofénac 50mg,2051.081198899634,2026-08-07,116
MED010,Diclofénac 50mg,2051.081198899634,2026-08-08,165
MED010,Diclofénac 50mg,2051.081198899634,2026-08-09,94
MED010,Diclofénac 50mg,2051.081198899634,2026-08-10,171
MED010,Diclofénac 50mg,2051.081198899634,2026-08-11,102
MED010,Diclofénac 50mg,2051.081198899634,2026-08-12,95
MED010,Diclofénac 50mg,2051.081198899634,2026-08-13,48
MED010,Diclofénac 50mg,2051.081198899634,2026-08-14,129
MED010,Diclofénac 50mg,2051.081198899634,2026-08-15,77
MED010,Diclofénac 50mg,2051.081198899634,2026-08-16,133
MED010,Diclofénac 50mg,2051.081198899634,2026-08-17,66
MED010,Diclofénac 50mg,2051.081198899634,2026-08-18,140
MED011,Vitamine C 1000mg,1886.3852902494682,2025-08-19,38
MED011,Vitamine C 1000mg,1886.3852902494682,2025-08-20,41
MED011,Vitamine C 1000mg,1886.3852902494682,2025-08-21,60
MED011,Vitamine C 1000mg,1886.3852902494682,2025-08-22,23
MED011,Vitamine C 1000mg,1886.3852902494682,2025-08-23,37
MED011,Vitamine C 1000mg,1886.3852902494682,2025-08-24,57
MED011,Vitamine C 1000mg,1886.3852902494682,2025-08-25,27
MED011,Vitamine C 1000mg,1886.3852902494682,2025-08-26,39
MED011,Vitamine C 1000mg,1886.3852902494682,2025-08-27,27
MED011,Vitamine C 1000mg,1886.3852902494682,2025-08-28,40
MED011,Vitamine C 1000mg,1886.3852902494682,2025-08-29,60
MED011,Vitamine C 1000mg,1886.3852902494682,2025-08-30,88
MED011,Vitamine C 1000mg,1886.3852902494682,2025-08-31,34
MED011,Vitamine C 1000mg,1886.3852902494682,2025-09-01,15
MED011,Vitamine C 1000mg,1886.3852902494682,2025-09-02,43
MED011,Vitamine C 1000mg,1886.3852902494682,2025-09-03,48
MED011,Vitamine C 1000mg,1886.3852902494682,2025-09-04,45
MED011,Vitamine C 1000mg,1886.3852902494682,2025-09-05,34
MED011,Vitamine C 1000mg,1886.3852902494682,2025-09-06,54
MED011,Vitamine C 1000mg,1886.3852902494682,2025-09-07,47
MED011,Vitamine C 1000mg,1886.3852902494682,2025-09-08,52
MED011,Vitamine C 1000mg,1886.3852902494682,2025-09-09,49
MED011,Vitamine C 1000mg,1886.3852902494682,2025-09-10,34
MED011,Vitamine C 1000mg,1886.3852902494682,2025-09-11,25
MED011,Vitamine C 1000mg,1886.3852902494682,2025-09-12,47
MED011,Vitamine C 1000mg,1886.3852902494682,2025-09-13,34
MED011,Vitamine C 1000mg,1886.3852902494682,2025-09-14,45
MED011,Vitamine C 1000mg,1886.3852902494682,2025-09-15,32
MED011,Vitamine C 1000mg,1886.3852902494682,2025-09-16,18
MED011,Vitamine C 1000mg,1886.3852902494682,2025-09-17,42
MED011,Vitamine C 1000mg,1886.3852902494682,2025-09-18,35
MED011,Vitamine C 1000mg,1886.3852902494682,2025-09-19,46
MED011,Vitamine C 1000mg,1886.3852902494682,2025-09-20,66
MED011,Vitamine C 1000mg,1886.3852902494682,2025-09-21,21
MED011,Vitamine C 1000mg,1886.3852902494682,2025-09-22,31
MED011,Vitamine C 1000mg,1886.3852902494682,2025-09-23,24
MED011,Vitamine C 1000mg,1886.3852902494682,2025-09-24,45
MED011,Vitamine C 1000mg,1886.3852902494682,2025-09-25,50
MED011,Vitamine C 1000mg,1886.3852902494682,2025-09-26,28
MED011,Vitamine C 1000mg,1886.3852902494682,2025-09-27,31
MED011,Vitamine C 1000mg,1886.3852902494682,2025-09-28,25
MED011,Vitamine C 1000mg,1886.3852902494682,2025-09-29,48
MED011,Vitamine C 1000mg,1886.3852902494682,2025-09-30,47
MED011,Vitamine C 1000mg,1886.3852902494682,2025-10-01,23
MED011,Vitamine C 1000mg,1886.3852902494682,2025-10-02,31
MED011,Vitamine C 1000mg,1886.3852902494682,2025-10-03,41
MED011,Vitamine C 1000mg,1886.3852902494682,2025-10-04,78
MED011,Vitamine C 1000mg,1886.3852902494682,2025-10-05,61
MED011,Vitamine C 1000mg,1886.3852902494682,2025-10-06,40
MED011,Vitamine C 1000mg,1886.3852902494682,2025-10-07,46
MED011,Vitamine C 1000mg,1886.3852902494682,2025-10-08,39
MED011,Vitamine C 1000mg,1886.3852902494682,2025-10-09,46
MED011,Vitamine C 1000mg,1886.3852902494682,2025-10-10,54
MED011,Vitamine C 1000mg,1886.3852902494682,2025-10-11,38
MED011,Vitamine C 1000mg,1886.3852902494682,2025-10-12,47
MED011,Vitamine C 1000mg,1886.3852902494682,2025-10-13,21
MED011,Vitamine C 1000mg,1886.3852902494682,2025-10-14,41
MED011,Vitamine C 1000mg,1886.3852902494682,2025-10-15,70
MED011,Vitamine C 1000mg,1886.3852902494682,2025-10-16,33
MED011,Vitamine C 1000mg,1886.3852902494682,2025-10-17,38
MED011,Vitamine C 1000mg,1886.3852902494682,2025-10-18,56
MED011,Vitamine C 1000mg,1886.3852902494682,2025-10-19,32
MED011,Vitamine C 1000mg,1886.3852902494682,2025-10-20,35
MED011,Vitamine C 1000mg,1886.3852902494682,2025-10-21,49
MED011,Vitamine C 1000mg,1886.3852902494682,2025-10-22,53
MED011,Vitamine C 1000mg,1886.3852902494682,2025-10-23,25
MED011,Vitamine C 1000mg,1886.3852902494682,2025-10-24,42
MED011,Vitamine C 1000mg,1886.3852902494682,2025-10-25,38
MED011,Vitamine C 1000mg,1886.3852902494682,2025-10-26,33
MED011,Vitamine C 1000mg,1886.3852902494682,2025-10-27,36
MED011,Vitamine C 1000mg,1886.3852902494682,2025-10-28,43
MED011,Vitamine C 1000mg,1886.3852902494682,2025-10-29,58
MED011,Vitamine C 1000mg,1886.3852902494682,2025-10-30,54
MED011,Vitamine C 1000mg,1886.3852902494682,2025-10-31,45
MED011,Vitamine C 1000mg,1886.3852902494682,2025-11-01,29
MED011,Vitamine C 1000mg,1886.3852902494682,2025-11-02,28
MED011,Vitamine C 1000mg,1886.3852902494682,2025-11-03,34
MED011,Vitamine C 1000mg,1886.3852902494682,2025-11-04,24
MED011,Vitamine C 1000mg,1886.3852902494682,2025-11-05,26
MED011,Vitamine C 1000mg,1886.3852902494682,2025-11-06,25
MED011,Vitamine C 1000mg,1886.3852902494682,2025-11-07,18
MED011,Vitamine C 1000mg,1886.3852902494682,2025-11-08,29
MED011,Vitamine C 1000mg,1886.3852902494682,2025-11-09,24
MED011,Vitamine C 1000mg,1886.3852902494682,2025-11-10,28
MED011,Vitamine C 1000mg,1886.3852902494682,2025-11-11,25
MED011,Vitamine C 1000mg,1886.3852902494682,2025-11-12,26
MED011,Vitamine C 1000mg,1886.3852902494682,2025-11-13,17
MED011,Vitamine C 1000mg,1886.3852902494682,2025-11-14,25
MED011,Vitamine C 1000mg,1886.3852902494682,2025-11-15,31
MED011,Vitamine C 1000mg,1886.3852902494682,2025-11-16,24
MED011,Vitamine C 1000mg,1886.3852902494682,2025-11-17,24
MED011,Vitamine C 1000mg,1886.3852902494682,2025-11-18,24
MED011,Vitamine C 1000mg,1886.3852902494682,2025-11-19,29
MED011,Vitamine C 1000mg,1886.3852902494682,2025-11-20,10
MED011,Vitamine C 1000mg,1886.3852902494682,2025-11-21,20
MED011,Vitamine C 1000mg,1886.3852902494682,2025-11-22,44
MED011,Vitamine C 1000mg,1886.3852902494682,2025-11-23,24
MED011,Vitamine C 1000mg,1886.3852902494682,2025-11-24,24
MED011,Vitamine C 1000mg,1886.3852902494682,2025-11-25,37
MED011,Vitamine C 1000mg,1886.3852902494682,2025-11-26,35
MED011,Vitamine C 1000mg,1886.3852902494682,2025-11-27,21
MED011,Vitamine C 1000mg,1886.3852902494682,2025-11-28,31
MED011,Vitamine C 1000mg,1886.3852902494682,2025-11-29,21
MED011,Vitamine C 1000mg,1886.3852902494682,2025-11-30,14
MED011,Vitamine C 1000mg,1886.3852902494682,2025-12-01,23
MED011,Vitamine C 1000mg,1886.3852902494682,2025-12-02,17
MED011,Vitamine C 1000mg,1886.3852902494682,2025-12-03,24
MED011,Vitamine C 1000mg,1886.3852902494682,2025-12-04,22
MED011,Vitamine C 1000mg,1886.3852902494682,2025-12-05,15
MED011,Vitamine C 1000mg,1886.3852902494682,2025-12-06,39
MED011,Vitamine C 1000mg,1886.3852902494682,2025-12-07,19
MED011,Vitamine C 1000mg,1886.3852902494682,2025-12-08,15
MED011,Vitamine C 1000mg,1886.3852902494682,2025-12-09,19
MED011,Vitamine C 1000mg,1886.3852902494682,2025-12-10,11
MED011,Vitamine C 1000mg,1886.3852902494682,2025-12-11,30
MED011,Vitamine C 1000mg,1886.3852902494682,2025-12-12,28
MED011,Vitamine C 1000mg,1886.3852902494682,2025-12-13,31
MED011,Vitamine C 1000mg,1886.3852902494682,2025-12-14,22
MED011,Vitamine C 1000mg,1886.3852902494682,2025-12-15,28
MED011,Vitamine C 1000mg,1886.3852902494682,2025-12-16,23
MED011,Vitamine C 1000mg,1886.3852902494682,2025-12-17,32
MED011,Vitamine C 1000mg,1886.3852902494682,2025-12-18,27
MED011,Vitamine C 1000mg,1886.3852902494682,2025-12-19,19
MED011,Vitamine C 1000mg,1886.3852902494682,2025-12-20,35
MED011,Vitamine C 1000mg,1886.3852902494682,2025-12-21,34
MED011,Vitamine C 1000mg,1886.3852902494682,2025-12-22,33
MED011,Vitamine C 1000mg,1886.3852902494682,2025-12-23,30
MED011,Vitamine C 1000mg,1886.3852902494682,2025-12-24,27
MED011,Vitamine C 1000mg,1886.3852902494682,2025-12-25,37
MED011,Vitamine C 1000mg,1886.3852902494682,2025-12-26,28
MED011,Vitamine C 1000mg,1886.3852902494682,2025-12-27,40
MED011,Vitamine C 1000mg,1886.3852902494682,2025-12-28,32
MED011,Vitamine C 1000mg,1886.3852902494682,2025-12-29,45
MED011,Vitamine C 1000mg,1886.3852902494682,2025-12-30,30
MED011,Vitamine C 1000mg,1886.3852902494682,2025-12-31,41
MED011,Vitamine C 1000mg,1886.3852902494682,2026-01-01,26
MED011,Vitamine C 1000mg,1886.3852902494682,2026-01-02,35
MED011,Vitamine C 1000mg,1886.3852902494682,2026-01-03,24
MED011,Vitamine C 1000mg,1886.3852902494682,2026-01-04,24
MED011,Vitamine C 1000mg,1886.3852902494682,2026-01-05,24
MED011,Vitamine C 1000mg,1886.3852902494682,2026-01-06,39
MED011,Vitamine C 1000mg,1886.3852902494682,2026-01-07,13
MED011,Vitamine C 1000mg,1886.3852902494682,2026-01-08,23
MED011,Vitamine C 1000mg,1886.3852902494682,2026-01-09,16
MED011,Vitamine C 1000mg,1886.3852902494682,2026-01-10,34
MED011,Vitamine C 1000mg,1886.3852902494682,2026-01-11,31
MED011,Vitamine C 1000mg,1886.3852902494682,2026-01-12,30
MED011,Vitamine C 1000mg,1886.3852902494682,2026-01-13,30
MED011,Vitamine C 1000mg,1886.3852902494682,2026-01-14,35
MED011,Vitamine C 1000mg,1886.3852902494682,2026-01-15,37
MED011,Vitamine C 1000mg,1886.3852902494682,2026-01-16,13
MED011,Vitamine C 1000mg,1886.3852902494682,2026-01-17,28
MED011,Vitamine C 1000mg,1886.3852902494682,2026-01-18,21
MED011,Vitamine C 1000mg,1886.3852902494682,2026-01-19,32
MED011,Vitamine C 1000mg,1886.3852902494682,2026-01-20,37
MED011,Vitamine C 1000mg,1886.3852902494682,2026-01-21,30
MED011,Vitamine C 1000mg,1886.3852902494682,2026-01-22,25
MED011,Vitamine C 1000mg,1886.3852902494682,2026-01-23,27
MED011,Vitamine C 1000mg,1886.3852902494682,2026-01-24,39
MED011,Vitamine C 1000mg,1886.3852902494682,2026-01-25,20
MED011,Vitamine C 1000mg,1886.3852902494682,2026-01-26,36
MED011,Vitamine C 1000mg,1886.3852902494682,2026-01-27,21
MED011,Vitamine C 1000mg,1886.3852902494682,2026-01-28,22
MED011,Vitamine C 1000mg,1886.3852902494682,2026-01-29,28
MED011,Vitamine C 1000mg,1886.3852902494682,2026-01-30,26
MED011,Vitamine C 1000mg,1886.3852902494682,2026-01-31,24
MED011,Vitamine C 1000mg,1886.3852902494682,2026-02-01,33
MED011,Vitamine C 1000mg,1886.3852902494682,2026-02-02,31
MED011,Vitamine C 1000mg,1886.3852902494682,2026-02-03,28
MED011,Vitamine C 1000mg,1886.3852902494682,2026-02-04,10
MED011,Vitamine C 1000mg,1886.3852902494682,2026-02-05,31
MED011,Vitamine C 1000mg,1886.3852902494682,2026-02-06,33
MED011,Vitamine C 1000mg,1886.3852902494682,2026-02-07,46
MED011,Vitamine C 1000mg,1886.3852902494682,2026-02-08,12
MED011,Vitamine C 1000mg,1886.3852902494682,2026-02-09,42
MED011,Vitamine C 1000mg,1886.3852902494682,2026-02-10,35
MED011,Vitamine C 1000mg,1886.3852902494682,2026-02-11,23
MED011,Vitamine C 1000mg,1886.3852902494682,2026-02-12,27
MED011,Vitamine C 1000mg,1886.3852902494682,2026-02-13,29
MED011,Vitamine C 1000mg,1886.3852902494682,2026-02-14,25
MED011,Vitamine C 1000mg,1886.3852902494682,2026-02-15,30
MED011,Vitamine C 1000mg,1886.3852902494682,2026-02-16,12
MED011,Vitamine C 1000mg,1886.3852902494682,2026-02-17,17
MED011,Vitamine C 1000mg,1886.3852902494682,2026-02-18,36
MED011,Vitamine C 1000mg,1886.3852902494682,2026-02-19,24
MED011,Vitamine C 1000mg,1886.3852902494682,2026-02-20,28
MED011,Vitamine C 1000mg,1886.3852902494682,2026-02-21,36
MED011,Vitamine C 1000mg,1886.3852902494682,2026-02-22,33
MED011,Vitamine C 1000mg,1886.3852902494682,2026-02-23,23
MED011,Vitamine C 1000mg,1886.3852902494682,2026-02-24,29
MED011,Vitamine C 1000mg,1886.3852902494682,2026-02-25,16
MED011,Vitamine C 1000mg,1886.3852902494682,2026-02-26,36
MED011,Vitamine C 1000mg,1886.3852902494682,2026-02-27,34
MED011,Vitamine C 1000mg,1886.3852902494682,2026-02-28,27
MED011,Vitamine C 1000mg,1886.3852902494682,2026-03-01,29
MED011,Vitamine C 1000mg,1886.3852902494682,2026-03-02,28
MED011,Vitamine C 1000mg,1886.3852902494682,2026-03-03,33
MED011,Vitamine C 1000mg,1886.3852902494682,2026-03-04,27
MED011,Vitamine C 1000mg,1886.3852902494682,2026-03-05,22
MED011,Vitamine C 1000mg,1886.3852902494682,2026-03-06,23
MED011,Vitamine C 1000mg,1886.3852902494682,2026-03-07,27
MED011,Vitamine C 1000mg,1886.3852902494682,2026-03-08,32
MED011,Vitamine C 1000mg,1886.3852902494682,2026-03-09,31
MED011,Vitamine C 1000mg,1886.3852902494682,2026-03-10,13
MED011,Vitamine C 1000mg,1886.3852902494682,2026-03-11,22
MED011,Vitamine C 1000mg,1886.3852902494682,2026-03-12,30
MED011,Vitamine C 1000mg,1886.3852902494682,2026-03-13,23
MED011,Vitamine C 1000mg,1886.3852902494682,2026-03-14,30
MED011,Vitamine C 1000mg,1886.3852902494682,2026-03-15,17
MED011,Vitamine C 1000mg,1886.3852902494682,2026-03-16,28
MED011,Vitamine C 1000mg,1886.3852902494682,2026-03-17,19
MED011,Vitamine C 1000mg,1886.3852902494682,2026-03-18,30
MED011,Vitamine C 1000mg,1886.3852902494682,2026-03-19,10
MED011,Vitamine C 1000mg,1886.3852902494682,2026-03-20,28
MED011,Vitamine C 1000mg,1886.3852902494682,2026-03-21,28
MED011,Vitamine C 1000mg,1886.3852902494682,2026-03-22,29
MED011,Vitamine C 1000mg,1886.3852902494682,2026-03-23,25
MED011,Vitamine C 1000mg,1886.3852902494682,2026-03-24,15
MED011,Vitamine C 1000mg,1886.3852902494682,2026-03-25,38
MED011,Vitamine C 1000mg,1886.3852902494682,2026-03-26,30
MED011,Vitamine C 1000mg,1886.3852902494682,2026-03-27,33
MED011,Vitamine C 1000mg,1886.3852902494682,2026-03-28,37
MED011,Vitamine C 1000mg,1886.3852902494682,2026-03-29,17
MED011,Vitamine C 1000mg,1886.3852902494682,2026-03-30,37
MED011,Vitamine C 1000mg,1886.3852902494682,2026-03-31,22
MED011,Vitamine C 1000mg,1886.3852902494682,2026-04-01,24
MED011,Vitamine C 1000mg,1886.3852902494682,2026-04-02,12
MED011,Vitamine C 1000mg,1886.3852902494682,2026-04-03,31
MED011,Vitamine C 1000mg,1886.3852902494682,2026-04-04,37
MED011,Vitamine C 1000mg,1886.3852902494682,2026-04-05,11
MED011,Vitamine C 1000mg,1886.3852902494682,2026-04-06,44
MED011,Vitamine C 1000mg,1886.3852902494682,2026-04-07,20
MED011,Vitamine C 1000mg,1886.3852902494682,2026-04-08,36
MED011,Vitamine C 1000mg,1886.3852902494682,2026-04-09,40
MED011,Vitamine C 1000mg,1886.3852902494682,2026-04-10,26
MED011,Vitamine C 1000mg,1886.3852902494682,2026-04-11,30
MED011,Vitamine C 1000mg,1886.3852902494682,2026-04-12,30
MED011,Vitamine C 1000mg,1886.3852902494682,2026-04-13,41
MED011,Vitamine C 1000mg,1886.3852902494682,2026-04-14,27
MED011,Vitamine C 1000mg,1886.3852902494682,2026-04-15,36
MED011,Vitamine C 1000mg,1886.3852902494682,2026-04-16,25
MED011,Vitamine C 1000mg,1886.3852902494682,2026-04-17,33
MED011,Vitamine C 1000mg,1886.3852902494682,2026-04-18,29
MED011,Vitamine C 1000mg,1886.3852902494682,2026-04-19,32
MED011,Vitamine C 1000mg,1886.3852902494682,2026-04-20,22
MED011,Vitamine C 1000mg,1886.3852902494682,2026-04-21,24
MED011,Vitamine C 1000mg,1886.3852902494682,2026-04-22,26
MED011,Vitamine C 1000mg,1886.3852902494682,2026-04-23,14
MED011,Vitamine C 1000mg,1886.3852902494682,2026-04-24,22
MED011,Vitamine C 1000mg,1886.3852902494682,2026-04-25,28
MED011,Vitamine C 1000mg,1886.3852902494682,2026-04-26,29
MED011,Vitamine C 1000mg,1886.3852902494682,2026-04-27,21
MED011,Vitamine C 1000mg,1886.3852902494682,2026-04-28,33
MED011,Vitamine C 1000mg,1886.3852902494682,2026-04-29,33
MED011,Vitamine C 1000mg,1886.3852902494682,2026-04-30,29
MED011,Vitamine C 1000mg,1886.3852902494682,2026-05-01,36
MED011,Vitamine C 1000mg,1886.3852902494682,2026-05-02,27
MED011,Vitamine C 1000mg,1886.3852902494682,2026-05-03,29
MED011,Vitamine C 1000mg,1886.3852902494682,2026-05-04,22
MED011,Vitamine C 1000mg,1886.3852902494682,2026-05-05,19
MED011,Vitamine C 1000mg,1886.3852902494682,2026-05-06,33
MED011,Vitamine C 1000mg,1886.3852902494682,2026-05-07,38
MED011,Vitamine C 1000mg,1886.3852902494682,2026-05-08,26
MED011,Vitamine C 1000mg,1886.3852902494682,2026-05-09,27
MED011,Vitamine C 1000mg,1886.3852902494682,2026-05-10,40
MED011,Vitamine C 1000mg,1886.3852902494682,2026-05-11,17
MED011,Vitamine C 1000mg,1886.3852902494682,2026-05-12,24
MED011,Vitamine C 1000mg,1886.3852902494682,2026-05-13,42
MED011,Vitamine C 1000mg,1886.3852902494682,2026-05-14,42
MED011,Vitamine C 1000mg,1886.3852902494682,2026-05-15,21
MED011,Vitamine C 1000mg,1886.3852902494682,2026-05-16,21
MED011,Vitamine C 1000mg,1886.3852902494682,2026-05-17,39
MED011,Vitamine C 1000mg,1886.3852902494682,2026-05-18,16
MED011,Vitamine C 1000mg,1886.3852902494682,2026-05-19,18
MED011,Vitamine C 1000mg,1886.3852902494682,2026-05-20,38
MED011,Vitamine C 1000mg,1886.3852902494682,2026-05-21,16
MED011,Vitamine C 1000mg,1886.3852902494682,2026-05-22,35
MED011,Vitamine C 1000mg,1886.3852902494682,2026-05-23,42
MED011,Vitamine C 1000mg,1886.3852902494682,2026-05-24,23
MED011,Vitamine C 1000mg,1886.3852902494682,2026-05-25,37
MED011,Vitamine C 1000mg,1886.3852902494682,2026-05-26,27
MED011,Vitamine C 1000mg,1886.3852902494682,2026-05-27,32
MED011,Vitamine C 1000mg,1886.3852902494682,2026-05-28,14
MED011,Vitamine C 1000mg,1886.3852902494682,2026-05-29,41
MED011,Vitamine C 1000mg,1886.3852902494682,2026-05-30,33
MED011,Vitamine C 1000mg,1886.3852902494682,2026-05-31,20
MED011,Vitamine C 1000mg,1886.3852902494682,2026-06-01,49
MED011,Vitamine C 1000mg,1886.3852902494682,2026-06-02,37
MED011,Vitamine C 1000mg,1886.3852902494682,2026-06-03,64
MED011,Vitamine C 1000mg,1886.3852902494682,2026-06-04,47
MED011,Vitamine C 1000mg,1886.3852902494682,2026-06-05,38
MED011,Vitamine C 1000mg,1886.3852902494682,2026-06-06,55
MED011,Vitamine C 1000mg,1886.3852902494682,2026-06-07,58
MED011,Vitamine C 1000mg,1886.3852902494682,2026-06-08,23
MED011,Vitamine C 1000mg,1886.3852902494682,2026-06-09,17
MED011,Vitamine C 1000mg,1886.3852902494682,2026-06-10,51
MED011,Vitamine C 1000mg,1886.3852902494682,2026-06-11,42
MED011,Vitamine C 1000mg,1886.3852902494682,2026-06-12,41
MED011,Vitamine C 1000mg,1886.3852902494682,2026-06-13,44
MED011,Vitamine C 1000mg,1886.3852902494682,2026-06-14,24
MED011,Vitamine C 1000mg,1886.3852902494682,2026-06-15,58
MED011,Vitamine C 1000mg,1886.3852902494682,2026-06-16,50
MED011,Vitamine C 1000mg,1886.3852902494682,2026-06-17,43
MED011,Vitamine C 1000mg,1886.3852902494682,2026-06-18,26
MED011,Vitamine C 1000mg,1886.3852902494682,2026-06-19,51
MED011,Vitamine C 1000mg,1886.3852902494682,2026-06-20,51
MED011,Vitamine C 1000mg,1886.3852902494682,2026-06-21,33
MED011,Vitamine C 1000mg,1886.3852902494682,2026-06-22,23
MED011,Vitamine C 1000mg,1886.3852902494682,2026-06-23,49
MED011,Vitamine C 1000mg,1886.3852902494682,2026-06-24,42
MED011,Vitamine C 1000mg,1886.3852902494682,2026-06-25,55
MED011,Vitamine C 1000mg,1886.3852902494682,2026-06-26,42
MED011,Vitamine C 1000mg,1886.3852902494682,2026-06-27,36
MED011,Vitamine C 1000mg,1886.3852902494682,2026-06-28,28
MED011,Vitamine C 1000mg,1886.3852902494682,2026-06-29,53
MED011,Vitamine C 1000mg,1886.3852902494682,2026-06-30,32
MED011,Vitamine C 1000mg,1886.3852902494682,2026-07-01,30
MED011,Vitamine C 1000mg,1886.3852902494682,2026-07-02,47
MED011,Vitamine C 1000mg,1886.3852902494682,2026-07-03,46
MED011,Vitamine C 1000mg,1886.3852902494682,2026-07-04,29
MED011,Vitamine C 1000mg,1886.3852902494682,2026-07-05,24
MED011,Vitamine C 1000mg,1886.3852902494682,2026-07-06,61
MED011,Vitamine C 1000mg,1886.3852902494682,2026-07-07,30
MED011,Vitamine C 1000mg,1886.3852902494682,2026-07-08,47
MED011,Vitamine C 1000mg,1886.3852902494682,2026-07-09,37
MED011,Vitamine C 1000mg,1886.3852902494682,2026-07-10,41
MED011,Vitamine C 1000mg,1886.3852902494682,2026-07-11,39
MED011,Vitamine C 1000mg,1886.3852902494682,2026-07-12,39
MED011,Vitamine C 1000mg,1886.3852902494682,2026-07-13,28
MED011,Vitamine C 1000mg,1886.3852902494682,2026-07-14,31
MED011,Vitamine C 1000mg,1886.3852902494682,2026-07-15,24
MED011,Vitamine C 1000mg,1886.3852902494682,2026-07-16,27
MED011,Vitamine C 1000mg,1886.3852902494682,2026-07-17,44
MED011,Vitamine C 1000mg,1886.3852902494682,2026-07-18,77
MED011,Vitamine C 1000mg,1886.3852902494682,2026-07-19,38
MED011,Vitamine C 1000mg,1886.3852902494682,2026-07-20,37
MED011,Vitamine C 1000mg,1886.3852902494682,2026-07-21,34
MED011,Vitamine C 1000mg,1886.3852902494682,2026-07-22,42
MED011,Vitamine C 1000mg,1886.3852902494682,2026-07-23,45
MED011,Vitamine C 1000mg,1886.3852902494682,2026-07-24,56
MED011,Vitamine C 1000mg,1886.3852902494682,2026-07-25,77
MED011,Vitamine C 1000mg,1886.3852902494682,2026-07-26,30
MED011,Vitamine C 1000mg,1886.3852902494682,2026-07-27,39
MED011,Vitamine C 1000mg,1886.3852902494682,2026-07-28,29
MED011,Vitamine C 1000mg,1886.3852902494682,2026-07-29,48
MED011,Vitamine C 1000mg,1886.3852902494682,2026-07-30,29
MED011,Vitamine C 1000mg,1886.3852902494682,2026-07-31,35
MED011,Vitamine C 1000mg,1886.3852902494682,2026-08-01,55
MED011,Vitamine C 1000mg,1886.3852902494682,2026-08-02,37
MED011,Vitamine C 1000mg,1886.3852902494682,2026-08-03,23
MED011,Vitamine C 1000mg,1886.3852902494682,2026-08-04,43
MED011,Vitamine C 1000mg,1886.3852902494682,2026-08-05,54
MED011,Vitamine C 1000mg,1886.3852902494682,2026-08-06,42
MED011,Vitamine C 1000mg,1886.3852902494682,2026-08-07,48
MED011,Vitamine C 1000mg,1886.3852902494682,2026-08-08,46
MED011,Vitamine C 1000mg,1886.3852902494682,2026-08-09,45
MED011,Vitamine C 1000mg,1886.3852902494682,2026-08-10,48
MED011,Vitamine C 1000mg,1886.3852902494682,2026-08-11,29
MED011,Vitamine C 1000mg,1886.3852902494682,2026-08-12,33
MED011,Vitamine C 1000mg,1886.3852902494682,2026-08-13,24
MED011,Vitamine C 1000mg,1886.3852902494682,2026-08-14,12
MED011,Vitamine C 1000mg,1886.3852902494682,2026-08-15,23
MED011,Vitamine C 1000mg,1886.3852902494682,2026-08-16,32
MED011,Vitamine C 1000mg,1886.3852902494682,2026-08-17,33
MED011,Vitamine C 1000mg,1886.3852902494682,2026-08-18,25
MED012,Fer + Folate,4518.638740411998,2025-08-19,149
MED012,Fer + Folate,4518.638740411998,2025-08-20,200
MED012,Fer + Folate,4518.638740411998,2025-08-21,147
MED012,Fer + Folate,4518.638740411998,2025-08-22,127
MED012,Fer + Folate,4518.638740411998,2025-08-23,159
MED012,Fer + Folate,4518.638740411998,2025-08-24,150
MED012,Fer + Folate,4518.638740411998,2025-08-25,136
MED012,Fer + Folate,4518.638740411998,2025-08-26,197
MED012,Fer + Folate,4518.638740411998,2025-08-27,119
MED012,Fer + Folate,4518.638740411998,2025-08-28,120
MED012,Fer + Folate,4518.638740411998,2025-08-29,198
MED012,Fer + Folate,4518.638740411998,2025-08-30,180
MED012,Fer + Folate,4518.638740411998,2025-08-31,135
MED012,Fer + Folate,4518.638740411998,2025-09-01,117
MED012,Fer + Folate,4518.638740411998,2025-09-02,105
MED012,Fer + Folate,4518.638740411998,2025-09-03,97
MED012,Fer + Folate,4518.638740411998,2025-09-04,119
MED012,Fer + Folate,4518.638740411998,2025-09-05,111
MED012,Fer + Folate,4518.638740411998,2025-09-06,115
MED012,Fer + Folate,4518.638740411998,2025-09-07,108
MED012,Fer + Folate,4518.638740411998,2025-09-08,85
MED012,Fer + Folate,4518.638740411998,2025-09-09,98
MED012,Fer + Folate,4518.638740411998,2025-09-10,76
MED012,Fer + Folate,4518.638740411998,2025-09-11,78
MED012,Fer + Folate,4518.638740411998,2025-09-12,61
MED012,Fer + Folate,4518.638740411998,2025-09-13,200
MED012,Fer + Folate,4518.638740411998,2025-09-14,97
MED012,Fer + Folate,4518.638740411998,2025-09-15,97
MED012,Fer + Folate,4518.638740411998,2025-09-16,97
MED012,Fer + Folate,4518.638740411998,2025-09-17,157
MED012,Fer + Folate,4518.638740411998,2025-09-18,114
MED012,Fer + Folate,4518.638740411998,2025-09-19,163
MED012,Fer + Folate,4518.638740411998,2025-09-20,107
MED012,Fer + Folate,4518.638740411998,2025-09-21,156
MED012,Fer + Folate,4518.638740411998,2025-09-22,147
MED012,Fer + Folate,4518.638740411998,2025-09-23,78
MED012,Fer + Folate,4518.638740411998,2025-09-24,149
MED012,Fer + Folate,4518.638740411998,2025-09-25,118
MED012,Fer + Folate,4518.638740411998,2025-09-26,55
MED012,Fer + Folate,4518.638740411998,2025-09-27,140
MED012,Fer + Folate,4518.638740411998,2025-09-28,141
MED012,Fer + Folate,4518.638740411998,2025-09-29,118
MED012,Fer + Folate,4518.638740411998,2025-09-30,130
MED012,Fer + Folate,4518.638740411998,2025-10-01,121
MED012,Fer + Folate,4518.638740411998,2025-10-02,137
MED012,Fer + Folate,4518.638740411998,2025-10-03,162
MED012,Fer + Folate,4518.638740411998,2025-10-04,64
MED012,Fer + Folate,4518.638740411998,2025-10-05,160
MED012,Fer + Folate,4518.638740411998,2025-10-06,139
MED012,Fer + Folate,4518.638740411998,2025-10-07,168
MED012,Fer + Folate,4518.638740411998,2025-10-08,198
MED012,Fer + Folate,4518.638740411998,2025-10-09,115
MED012,Fer + Folate,4518.638740411998,2025-10-10,136
MED012,Fer + Folate,4518.638740411998,2025-10-11,171
MED012,Fer + Folate,4518.638740411998,2025-10-12,145
MED012,Fer + Folate,4518.638740411998,2025-10-13,102
MED012,Fer + Folate,4518.638740411998,2025-10-14,59
MED012,Fer + Folate,4518.638740411998,2025-10-15,167
MED012,Fer + Folate,4518.638740411998,2025-10-16,165
MED012,Fer + Folate,4518.638740411998,2025-10-17,140
MED012,Fer + Folate,4518.638740411998,2025-10-18,152
MED012,Fer + Folate,4518.638740411998,2025-10-19,84
MED012,Fer + Folate,4518.638740411998,2025-10-20,95
MED012,Fer + Folate,4518.638740411998,2025-10-21,161
MED012,Fer + Folate,4518.638740411998,2025-10-22,83
MED012,Fer + Folate,4518.638740411998,2025-10-23,82
MED012,Fer + Folate,4518.638740411998,2025-10-24,155
MED012,Fer + Folate,4518.638740411998,2025-10-25,198
MED012,Fer + Folate,4518.638740411998,2025-10-26,135
MED012,Fer + Folate,4518.638740411998,2025-10-27,116
MED012,Fer + Folate,4518.638740411998,2025-10-28,106
MED012,Fer + Folate,4518.638740411998,2025-10-29,130
MED012,Fer + Folate,4518.638740411998,2025-10-30,97
MED012,Fer + Folate,4518.638740411998,2025-10-31,95
MED012,Fer + Folate,4518.638740411998,2025-11-01,135
MED012,Fer + Folate,4518.638740411998,2025-11-02,91
MED012,Fer + Folate,4518.638740411998,2025-11-03,52
MED012,Fer + Folate,4518.638740411998,2025-11-04,76
MED012,Fer + Folate,4518.638740411998,2025-11-05,65
MED012,Fer + Folate,4518.638740411998,2025-11-06,91
MED012,Fer + Folate,4518.638740411998,2025-11-07,95
MED012,Fer + Folate,4518.638740411998,2025-11-08,79
MED012,Fer + Folate,4518.638740411998,2025-11-09,60
MED012,Fer + Folate,4518.638740411998,2025-11-10,98
MED012,Fer + Folate,4518.638740411998,2025-11-11,88
MED012,Fer + Folate,4518.638740411998,2025-11-12,99
MED012,Fer + Folate,4518.638740411998,2025-11-13,33
MED012,Fer + Folate,4518.638740411998,2025-11-14,37
MED012,Fer + Folate,4518.638740411998,2025-11-15,117
MED012,Fer + Folate,4518.638740411998,2025-11-16,101
MED012,Fer + Folate,4518.638740411998,2025-11-17,128
MED012,Fer + Folate,4518.638740411998,2025-11-18,64
MED012,Fer + Folate,4518.638740411998,2025-11-19,86
MED012,Fer + Folate,4518.638740411998,2025-11-20,87
MED012,Fer + Folate,4518.638740411998,2025-11-21,97
MED012,Fer + Folate,4518.638740411998,2025-11-22,69
MED012,Fer + Folate,4518.638740411998,2025-11-23,67
MED012,Fer + Folate,4518.638740411998,2025-11-24,60
MED012,Fer + Folate,4518.638740411998,2025-11-25,47
MED012,Fer + Folate,4518.638740411998,2025-11-26,102
MED012,Fer + Folate,4518.638740411998,2025-11-27,73
MED012,Fer + Folate,4518.638740411998,2025-11-28,76
MED012,Fer + Folate,4518.638740411998,2025-11-29,86
MED012,Fer + Folate,4518.638740411998,2025-11-30,84
MED012,Fer + Folate,4518.638740411998,2025-12-01,113
MED012,Fer + Folate,4518.638740411998,2025-12-02,102
MED012,Fer + Folate,4518.638740411998,2025-12-03,61
MED012,Fer + Folate,4518.638740411998,2025-12-04,73
MED012,Fer + Folate,4518.638740411998,2025-12-05,85
MED012,Fer + Folate,4518.638740411998,2025-12-06,100
MED012,Fer + Folate,4518.638740411998,2025-12-07,122
MED012,Fer + Folate,4518.638740411998,2025-12-08,70
MED012,Fer + Folate,4518.638740411998,2025-12-09,93
MED012,Fer + Folate,4518.638740411998,2025-12-10,59
MED012,Fer + Folate,4518.638740411998,2025-12-11,109
MED012,Fer + Folate,4518.638740411998,2025-12-12,62
MED012,Fer + Folate,4518.638740411998,2025-12-13,79
MED012,Fer + Folate,4518.638740411998,2025-12-14,79
MED012,Fer + Folate,4518.638740411998,2025-12-15,66
MED012,Fer + Folate,4518.638740411998,2025-12-16,87
MED012,Fer + Folate,4518.638740411998,2025-12-17,120
MED012,Fer + Folate,4518.638740411998,2025-12-18,75
MED012,Fer + Folate,4518.638740411998,2025-12-19,86
MED012,Fer + Folate,4518.638740411998,2025-12-20,122
MED012,Fer + Folate,4518.638740411998,2025-12-21,89
MED012,Fer + Folate,4518.638740411998,2025-12-22,62
MED012,Fer + Folate,4518.638740411998,2025-12-23,122
MED012,Fer + Folate,4518.638740411998,2025-12-24,95
MED012,Fer + Folate,4518.638740411998,2025-12-25,97
MED012,Fer + Folate,4518.638740411998,2025-12-26,91
MED012,Fer + Folate,4518.638740411998,2025-12-27,95
MED012,Fer + Folate,4518.638740411998,2025-12-28,75
MED012,Fer + Folate,4518.638740411998,2025-12-29,91
MED012,Fer + Folate,4518.638740411998,2025-12-30,69
MED012,Fer + Folate,4518.638740411998,2025-12-31,38
MED012,Fer + Folate,4518.638740411998,2026-01-01,108
MED012,Fer + Folate,4518.638740411998,2026-01-02,76
MED012,Fer + Folate,4518.638740411998,2026-01-03,88
MED012,Fer + Folate,4518.638740411998,2026-01-04,103
MED012,Fer + Folate,4518.638740411998,2026-01-05,59
MED012,Fer + Folate,4518.638740411998,2026-01-06,97
MED012,Fer + Folate,4518.638740411998,2026-01-07,59
MED012,Fer + Folate,4518.638740411998,2026-01-08,76
MED012,Fer + Folate,4518.638740411998,2026-01-09,79
MED012,Fer + Folate,4518.638740411998,2026-01-10,112
MED012,Fer + Folate,4518.638740411998,2026-01-11,85
MED012,Fer + Folate,4518.638740411998,2026-01-12,50
MED012,Fer + Folate,4518.638740411998,2026-01-13,87
MED012,Fer + Folate,4518.638740411998,2026-01-14,80
MED012,Fer + Folate,4518.638740411998,2026-01-15,85
MED012,Fer + Folate,4518.638740411998,2026-01-16,104
MED012,Fer + Folate,4518.638740411998,2026-01-17,124
MED012,Fer + Folate,4518.638740411998,2026-01-18,93
MED012,Fer + Folate,4518.638740411998,2026-01-19,79
MED012,Fer + Folate,4518.638740411998,2026-01-20,102
MED012,Fer + Folate,4518.638740411998,2026-01-21,103
MED012,Fer + Folate,4518.638740411998,2026-01-22,109
MED012,Fer + Folate,4518.638740411998,2026-01-23,107
MED012,Fer + Folate,4518.638740411998,2026-01-24,135
MED012,Fer + Folate,4518.638740411998,2026-01-25,81
MED012,Fer + Folate,4518.638740411998,2026-01-26,45
MED012,Fer + Folate,4518.638740411998,2026-01-27,82
MED012,Fer + Folate,4518.638740411998,2026-01-28,81
MED012,Fer + Folate,4518.638740411998,2026-01-29,111
MED012,Fer + Folate,4518.638740411998,2026-01-30,80
MED012,Fer + Folate,4518.638740411998,2026-01-31,111
MED012,Fer + Folate,4518.638740411998,2026-02-01,79
MED012,Fer + Folate,4518.638740411998,2026-02-02,131
MED012,Fer + Folate,4518.638740411998,2026-02-03,61
MED012,Fer + Folate,4518.638740411998,2026-02-04,61
MED012,Fer + Folate,4518.638740411998,2026-02-05,61
MED012,Fer + Folate,4518.638740411998,2026-02-06,64
MED012,Fer + Folate,4518.638740411998,2026-02-07,143
MED012,Fer + Folate,4518.638740411998,2026-02-08,44
MED012,Fer + Folate,4518.638740411998,2026-02-09,96
MED012,Fer + Folate,4518.638740411998,2026-02-10,96
MED012,Fer + Folate,4518.638740411998,2026-02-11,75
MED012,Fer + Folate,4518.638740411998,2026-02-12,75
MED012,Fer + Folate,4518.638740411998,2026-02-13,67
MED012,Fer + Folate,4518.638740411998,2026-02-14,42
MED012,Fer + Folate,4518.638740411998,2026-02-15,80
MED012,Fer + Folate,4518.638740411998,2026-02-16,79
MED012,Fer + Folate,4518.638740411998,2026-02-17,79
MED012,Fer + Folate,4518.638740411998,2026-02-18,58
MED012,Fer + Folate,4518.638740411998,2026-02-19,68
MED012,Fer + Folate,4518.638740411998,2026-02-20,93
MED012,Fer + Folate,4518.638740411998,2026-02-21,97
MED012,Fer + Folate,4518.638740411998,2026-02-22,82
MED012,Fer + Folate,4518.638740411998,2026-02-23,108
MED012,Fer + Folate,4518.638740411998,2026-02-24,79
MED012,Fer + Folate,4518.638740411998,2026-02-25,65
MED012,Fer + Folate,4518.638740411998,2026-02-26,57
MED012,Fer + Folate,4518.638740411998,2026-02-27,51
MED012,Fer + Folate,4518.638740411998,2026-02-28,80
MED012,Fer + Folate,4518.638740411998,2026-03-01,57
MED012,Fer + Folate,4518.638740411998,2026-03-02,51
MED012,Fer + Folate,4518.638740411998,2026-03-03,67
MED012,Fer + Folate,4518.638740411998,2026-03-04,49
MED012,Fer + Folate,4518.638740411998,2026-03-05,84
MED012,Fer + Folate,4518.638740411998,2026-03-06,27
MED012,Fer + Folate,4518.638740411998,2026-03-07,115
MED012,Fer + Folate,4518.638740411998,2026-03-08,65
MED012,Fer + Folate,4518.638740411998,2026-03-09,71
MED012,Fer + Folate,4518.638740411998,2026-03-10,63
MED012,Fer + Folate,4518.638740411998,2026-03-11,53
MED012,Fer + Folate,4518.638740411998,2026-03-12,72
MED012,Fer + Folate,4518.638740411998,2026-03-13,47
MED012,Fer + Folate,4518.638740411998,2026-03-14,87
MED012,Fer + Folate,4518.638740411998,2026-03-15,70
MED012,Fer + Folate,4518.638740411998,2026-03-16,109
MED012,Fer + Folate,4518.638740411998,2026-03-17,94
MED012,Fer + Folate,4518.638740411998,2026-03-18,53
MED012,Fer + Folate,4518.638740411998,2026-03-19,100
MED012,Fer + Folate,4518.638740411998,2026-03-20,79
MED012,Fer + Folate,4518.638740411998,2026-03-21,124
MED012,Fer + Folate,4518.638740411998,2026-03-22,156
MED012,Fer + Folate,4518.638740411998,2026-03-23,102
MED012,Fer + Folate,4518.638740411998,2026-03-24,120
MED012,Fer + Folate,4518.638740411998,2026-03-25,88
MED012,Fer + Folate,4518.638740411998,2026-03-26,80
MED012,Fer + Folate,4518.638740411998,2026-03-27,67
MED012,Fer + Folate,4518.638740411998,2026-03-28,103
MED012,Fer + Folate,4518.638740411998,2026-03-29,44
MED012,Fer + Folate,4518.638740411998,2026-03-30,122
MED012,Fer + Folate,4518.638740411998,2026-03-31,83
MED012,Fer + Folate,4518.638740411998,2026-04-01,70
MED012,Fer + Folate,4518.638740411998,2026-04-02,103
MED012,Fer + Folate,4518.638740411998,2026-04-03,99
MED012,Fer + Folate,4518.638740411998,2026-04-04,60
MED012,Fer + Folate,4518.638740411998,2026-04-05,61
MED012,Fer + Folate,4518.638740411998,2026-04-06,114
MED012,Fer + Folate,4518.638740411998,2026-04-07,62
MED012,Fer + Folate,4518.638740411998,2026-04-08,98
MED012,Fer + Folate,4518.638740411998,2026-04-09,102
MED012,Fer + Folate,4518.638740411998,2026-04-10,74
MED012,Fer + Folate,4518.638740411998,2026-04-11,75
MED012,Fer + Folate,4518.638740411998,2026-04-12,82
MED012,Fer + Folate,4518.638740411998,2026-04-13,59
MED012,Fer + Folate,4518.638740411998,2026-04-14,95
MED012,Fer + Folate,4518.638740411998,2026-04-15,56
MED012,Fer + Folate,4518.638740411998,2026-04-16,111
MED012,Fer + Folate,4518.638740411998,2026-04-17,83
MED012,Fer + Folate,4518.638740411998,2026-04-18,96
MED012,Fer + Folate,4518.638740411998,2026-04-19,57
MED012,Fer + Folate,4518.638740411998,2026-04-20,71
MED012,Fer + Folate,4518.638740411998,2026-04-21,94
MED012,Fer + Folate,4518.638740411998,2026-04-22,125
MED012,Fer + Folate,4518.638740411998,2026-04-23,82
MED012,Fer + Folate,4518.638740411998,2026-04-24,102
MED012,Fer + Folate,4518.638740411998,2026-04-25,138
MED012,Fer + Folate,4518.638740411998,2026-04-26,80
MED012,Fer + Folate,4518.638740411998,2026-04-27,117
MED012,Fer + Folate,4518.638740411998,2026-04-28,67
MED012,Fer + Folate,4518.638740411998,2026-04-29,113
MED012,Fer + Folate,4518.638740411998,2026-04-30,33
MED012,Fer + Folate,4518.638740411998,2026-05-01,56
MED012,Fer + Folate,4518.638740411998,2026-05-02,130
MED012,Fer + Folate,4518.638740411998,2026-05-03,74
MED012,Fer + Folate,4518.638740411998,2026-05-04,99
MED012,Fer + Folate,4518.638740411998,2026-05-05,121
MED012,Fer + Folate,4518.638740411998,2026-05-06,84
MED012,Fer + Folate,4518.638740411998,2026-05-07,51
MED012,Fer + Folate,4518.638740411998,2026-05-08,128
MED012,Fer + Folate,4518.638740411998,2026-05-09,19
MED012,Fer + Folate,4518.638740411998,2026-05-10,84
MED012,Fer + Folate,4518.638740411998,2026-05-11,37
MED012,Fer + Folate,4518.638740411998,2026-05-12,60
MED012,Fer + Folate,4518.638740411998,2026-05-13,109
MED012,Fer + Folate,4518.638740411998,2026-05-14,120
MED012,Fer + Folate,4518.638740411998,2026-05-15,73
MED012,Fer + Folate,4518.638740411998,2026-05-16,105
MED012,Fer + Folate,4518.638740411998,2026-05-17,86
MED012,Fer + Folate,4518.638740411998,2026-05-18,90
MED012,Fer + Folate,4518.638740411998,2026-05-19,99
MED012,Fer + Folate,4518.638740411998,2026-05-20,89
MED012,Fer + Folate,4518.638740411998,2026-05-21,42
MED012,Fer + Folate,4518.638740411998,2026-05-22,48
MED012,Fer + Folate,4518.638740411998,2026-05-23,109
MED012,Fer + Folate,4518.638740411998,2026-05-24,121
MED012,Fer + Folate,4518.638740411998,2026-05-25,71
MED012,Fer + Folate,4518.638740411998,2026-05-26,107
MED012,Fer + Folate,4518.638740411998,2026-05-27,113
MED012,Fer + Folate,4518.638740411998,2026-05-28,80
MED012,Fer + Folate,4518.638740411998,2026-05-29,32
MED012,Fer + Folate,4518.638740411998,2026-05-30,108
MED012,Fer + Folate,4518.638740411998,2026-05-31,72
MED012,Fer + Folate,4518.638740411998,2026-06-01,247
MED012,Fer + Folate,4518.638740411998,2026-06-02,49
MED012,Fer + Folate,4518.638740411998,2026-06-03,110
MED012,Fer + Folate,4518.638740411998,2026-06-04,163
MED012,Fer + Folate,4518.638740411998,2026-06-05,112
MED012,Fer + Folate,4518.638740411998,2026-06-06,119
MED012,Fer + Folate,4518.638740411998,2026-06-07,145
MED012,Fer + Folate,4518.638740411998,2026-06-08,189
MED012,Fer + Folate,4518.638740411998,2026-06-09,96
MED012,Fer + Folate,4518.638740411998,2026-06-10,86
MED012,Fer + Folate,4518.638740411998,2026-06-11,167
MED012,Fer + Folate,4518.638740411998,2026-06-12,85
MED012,Fer + Folate,4518.638740411998,2026-06-13,165
MED012,Fer + Folate,4518.638740411998,2026-06-14,121
MED012,Fer + Folate,4518.638740411998,2026-06-15,125
MED012,Fer + Folate,4518.638740411998,2026-06-16,133
MED012,Fer + Folate,4518.638740411998,2026-06-17,92
MED012,Fer + Folate,4518.638740411998,2026-06-18,80
MED012,Fer + Folate,4518.638740411998,2026-06-19,136
MED012,Fer + Folate,4518.638740411998,2026-06-20,173
MED012,Fer + Folate,4518.638740411998,2026-06-21,77
MED012,Fer + Folate,4518.638740411998,2026-06-22,141
MED012,Fer + Folate,4518.638740411998,2026-06-23,140
MED012,Fer + Folate,4518.638740411998,2026-06-24,140
MED012,Fer + Folate,4518.638740411998,2026-06-25,89
MED012,Fer + Folate,4518.638740411998,2026-06-26,138
MED012,Fer + Folate,4518.638740411998,2026-06-27,181
MED012,Fer + Folate,4518.638740411998,2026-06-28,118
MED012,Fer + Folate,4518.638740411998,2026-06-29,127
MED012,Fer + Folate,4518.638740411998,2026-06-30,149
MED012,Fer + Folate,4518.638740411998,2026-07-01,148
MED012,Fer + Folate,4518.638740411998,2026-07-02,78
MED012,Fer + Folate,4518.638740411998,2026-07-03,94
MED012,Fer + Folate,4518.638740411998,2026-07-04,109
MED012,Fer + Folate,4518.638740411998,2026-07-05,134
MED012,Fer + Folate,4518.638740411998,2026-07-06,101
MED012,Fer + Folate,4518.638740411998,2026-07-07,62
MED012,Fer + Folate,4518.638740411998,2026-07-08,65
MED012,Fer + Folate,4518.638740411998,2026-07-09,121
MED012,Fer + Folate,4518.638740411998,2026-07-10,183
MED012,Fer + Folate,4518.638740411998,2026-07-11,181
MED012,Fer + Folate,4518.638740411998,2026-07-12,53
MED012,Fer + Folate,4518.638740411998,2026-07-13,141
MED012,Fer + Folate,4518.638740411998,2026-07-14,129
MED012,Fer + Folate,4518.638740411998,2026-07-15,69
MED012,Fer + Folate,4518.638740411998,2026-07-16,131
MED012,Fer + Folate,4518.638740411998,2026-07-17,105
MED012,Fer + Folate,4518.638740411998,2026-07-18,200
MED012,Fer + Folate,4518.638740411998,2026-07-19,115
MED012,Fer + Folate,4518.638740411998,2026-07-20,89
MED012,Fer + Folate,4518.638740411998,2026-07-21,82
MED012,Fer + Folate,4518.638740411998,2026-07-22,93
MED012,Fer + Folate,4518.638740411998,2026-07-23,82
MED012,Fer + Folate,4518.638740411998,2026-07-24,133
MED012,Fer + Folate,4518.638740411998,2026-07-25,203
MED012,Fer + Folate,4518.638740411998,2026-07-26,122
MED012,Fer + Folate,4518.638740411998,2026-07-27,120
MED012,Fer + Folate,4518.638740411998,2026-07-28,125
MED012,Fer + Folate,4518.638740411998,2026-07-29,114
MED012,Fer + Folate,4518.638740411998,2026-07-30,145
MED012,Fer + Folate,4518.638740411998,2026-07-31,136
MED012,Fer + Folate,4518.638740411998,2026-08-01,123
MED012,Fer + Folate,4518.638740411998,2026-08-02,142
MED012,Fer + Folate,4518.638740411998,2026-08-03,96
MED012,Fer + Folate,4518.638740411998,2026-08-04,95
MED012,Fer + Folate,4518.638740411998,2026-08-05,63
MED012,Fer + Folate,4518.638740411998,2026-08-06,108
MED012,Fer + Folate,4518.638740411998,2026-08-07,167
MED012,Fer + Folate,4518.638740411998,2026-08-08,146
MED012,Fer + Folate,4518.638740411998,2026-08-09,87
MED012,Fer + Folate,4518.638740411998,2026-08-10,122
MED012,Fer + Folate,4518.638740411998,2026-08-11,45
MED012,Fer + Folate,4518.638740411998,2026-08-12,112
MED012,Fer + Folate,4518.638740411998,2026-08-13,81
MED012,Fer + Folate,4518.638740411998,2026-08-14,205
MED012,Fer + Folate,4518.638740411998,2026-08-15,125
MED012,Fer + Folate,4518.638740411998,2026-08-16,148
MED012,Fer + Folate,4518.638740411998,2026-08-17,131
MED012,Fer + Folate,4518.638740411998,2026-08-18,129
MED013,Artésunate 100mg,535.0253006065963,2025-08-19,79
MED013,Artésunate 100mg,535.0253006065963,2025-08-20,75
MED013,Artésunate 100mg,535.0253006065963,2025-08-21,90
MED013,Artésunate 100mg,535.0253006065963,2025-08-22,49
MED013,Artésunate 100mg,535.0253006065963,2025-08-23,108
MED013,Artésunate 100mg,535.0253006065963,2025-08-24,76
MED013,Artésunate 100mg,535.0253006065963,2025-08-25,73
MED013,Artésunate 100mg,535.0253006065963,2025-08-26,56
MED013,Artésunate 100mg,535.0253006065963,2025-08-27,56
MED013,Artésunate 100mg,535.0253006065963,2025-08-28,74
MED013,Artésunate 100mg,535.0253006065963,2025-08-29,84
MED013,Artésunate 100mg,535.0253006065963,2025-08-30,103
MED013,Artésunate 100mg,535.0253006065963,2025-08-31,76
MED013,Artésunate 100mg,535.0253006065963,2025-09-01,96
MED013,Artésunate 100mg,535.0253006065963,2025-09-02,132
MED013,Artésunate 100mg,535.0253006065963,2025-09-03,37
MED013,Artésunate 100mg,535.0253006065963,2025-09-04,43
MED013,Artésunate 100mg,535.0253006065963,2025-09-05,52
MED013,Artésunate 100mg,535.0253006065963,2025-09-06,70
MED013,Artésunate 100mg,535.0253006065963,2025-09-07,89
MED013,Artésunate 100mg,535.0253006065963,2025-09-08,51
MED013,Artésunate 100mg,535.0253006065963,2025-09-09,88
MED013,Artésunate 100mg,535.0253006065963,2025-09-10,79
MED013,Artésunate 100mg,535.0253006065963,2025-09-11,59
MED013,Artésunate 100mg,535.0253006065963,2025-09-12,41
MED013,Artésunate 100mg,535.0253006065963,2025-09-13,57
MED013,Artésunate 100mg,535.0253006065963,2025-09-14,30
MED013,Artésunate 100mg,535.0253006065963,2025-09-15,80
MED013,Artésunate 100mg,535.0253006065963,2025-09-16,75
MED013,Artésunate 100mg,535.0253006065963,2025-09-17,68
MED013,Artésunate 100mg,535.0253006065963,2025-09-18,90
MED013,Artésunate 100mg,535.0253006065963,2025-09-19,78
MED013,Artésunate 100mg,535.0253006065963,2025-09-20,101
MED013,Artésunate 100mg,535.0253006065963,2025-09-21,77
MED013,Artésunate 100mg,535.0253006065963,2025-09-22,63
MED013,Artésunate 100mg,535.0253006065963,2025-09-23,53
MED013,Artésunate 100mg,535.0253006065963,2025-09-24,97
MED013,Artésunate 100mg,535.0253006065963,2025-09-25,58
MED013,Artésunate 100mg,535.0253006065963,2025-09-26,54
MED013,Artésunate 100mg,535.0253006065963,2025-09-27,103
MED013,Artésunate 100mg,535.0253006065963,2025-09-28,97
MED013,Artésunate 100mg,535.0253006065963,2025-09-29,63
MED013,Artésunate 100mg,535.0253006065963,2025-09-30,41
MED013,Artésunate 100mg,535.0253006065963,2025-10-01,62
MED013,Artésunate 100mg,535.0253006065963,2025-10-02,100
MED013,Artésunate 100mg,535.0253006065963,2025-10-03,104
MED013,Artésunate 100mg,535.0253006065963,2025-10-04,82
MED013,Artésunate 100mg,535.0253006065963,2025-10-05,17
MED013,Artésunate 100mg,535.0253006065963,2025-10-06,83
MED013,Artésunate 100mg,535.0253006065963,2025-10-07,55
MED013,Artésunate 100mg,535.0253006065963,2025-10-08,56
MED013,Artésunate 100mg,535.0253006065963,2025-10-09,84
MED013,Artésunate 100mg,535.0253006065963,2025-10-10,87
MED013,Artésunate 100mg,535.0253006065963,2025-10-11,105
MED013,Artésunate 100mg,535.0253006065963,2025-10-12,117
MED013,Artésunate 100mg,535.0253006065963,2025-10-13,45
MED013,Artésunate 100mg,535.0253006065963,2025-10-14,75
MED013,Artésunate 100mg,535.0253006065963,2025-10-15,95
MED013,Artésunate 100mg,535.0253006065963,2025-10-16,29
MED013,Artésunate 100mg,535.0253006065963,2025-10-17,56
MED013,Artésunate 100mg,535.0253006065963,2025-10-18,78
MED013,Artésunate 100mg,535.0253006065963,2025-10-19,40
MED013,Artésunate 100mg,535.0253006065963,2025-10-20,54
MED013,Artésunate 100mg,535.0253006065963,2025-10-21,95
MED013,Artésunate 100mg,535.0253006065963,2025-10-22,48
MED013,Artésunate 100mg,535.0253006065963,2025-10-23,67
MED013,Artésunate 100mg,535.0253006065963,2025-10-24,52
MED013,Artésunate 100mg,535.0253006065963,2025-10-25,82
MED013,Artésunate 100mg,535.0253006065963,2025-10-26,71
MED013,Artésunate 100mg,535.0253006065963,2025-10-27,46
MED013,Artésunate 100mg,535.0253006065963,2025-10-28,90
MED013,Artésunate 100mg,535.0253006065963,2025-10-29,103
MED013,Artésunate 100mg,535.0253006065963,2025-10-30,76
MED013,Artésunate 100mg,535.0253006065963,2025-10-31,24
MED013,Artésunate 100mg,535.0253006065963,2025-11-01,64
MED013,Artésunate 100mg,535.0253006065963,2025-11-02,37
MED013,Artésunate 100mg,535.0253006065963,2025-11-03,57
MED013,Artésunate 100mg,535.0253006065963,2025-11-04,52
MED013,Artésunate 100mg,535.0253006065963,2025-11-05,42
MED013,Artésunate 100mg,535.0253006065963,2025-11-06,66
MED013,Artésunate 100mg,535.0253006065963,2025-11-07,54
MED013,Artésunate 100mg,535.0253006065963,2025-11-08,35
MED013,Artésunate 100mg,535.0253006065963,2025-11-09,31
MED013,Artésunate 100mg,535.0253006065963,2025-11-10,41
MED013,Artésunate 100mg,535.0253006065963,2025-11-11,41
MED013,Artésunate 100mg,535.0253006065963,2025-11-12,33
MED013,Artésunate 100mg,535.0253006065963,2025-11-13,65
MED013,Artésunate 100mg,535.0253006065963,2025-11-14,53
MED013,Artésunate 100mg,535.0253006065963,2025-11-15,80
MED013,Artésunate 100mg,535.0253006065963,2025-11-16,51
MED013,Artésunate 100mg,535.0253006065963,2025-11-17,45
MED013,Artésunate 100mg,535.0253006065963,2025-11-18,43
MED013,Artésunate 100mg,535.0253006065963,2025-11-19,43
MED013,Artésunate 100mg,535.0253006065963,2025-11-20,56
MED013,Artésunate 100mg,535.0253006065963,2025-11-21,36
MED013,Artésunate 100mg,535.0253006065963,2025-11-22,74
MED013,Artésunate 100mg,535.0253006065963,2025-11-23,73
MED013,Artésunate 100mg,535.0253006065963,2025-11-24,58
MED013,Artésunate 100mg,535.0253006065963,2025-11-25,71
MED013,Artésunate 100mg,535.0253006065963,2025-11-26,48
MED013,Artésunate 100mg,535.0253006065963,2025-11-27,56
MED013,Artésunate 100mg,535.0253006065963,2025-11-28,45
MED013,Artésunate 100mg,535.0253006065963,2025-11-29,34
MED013,Artésunate 100mg,535.0253006065963,2025-11-30,45
MED013,Artésunate 100mg,535.0253006065963,2025-12-01,45
MED013,Artésunate 100mg,535.0253006065963,2025-12-02,54
MED013,Artésunate 100mg,535.0253006065963,2025-12-03,46
MED013,Artésunate 100mg,535.0253006065963,2025-12-04,56
MED013,Artésunate 100mg,535.0253006065963,2025-12-05,31
MED013,Artésunate 100mg,535.0253006065963,2025-12-06,19
MED013,Artésunate 100mg,535.0253006065963,2025-12-07,45
MED013,Artésunate 100mg,535.0253006065963,2025-12-08,68
MED013,Artésunate 100mg,535.0253006065963,2025-12-09,56
MED013,Artésunate 100mg,535.0253006065963,2025-12-10,47
MED013,Artésunate 100mg,535.0253006065963,2025-12-11,54
MED013,Artésunate 100mg,535.0253006065963,2025-12-12,19
MED013,Artésunate 100mg,535.0253006065963,2025-12-13,68
MED013,Artésunate 100mg,535.0253006065963,2025-12-14,25
MED013,Artésunate 100mg,535.0253006065963,2025-12-15,67
MED013,Artésunate 100mg,535.0253006065963,2025-12-16,41
MED013,Artésunate 100mg,535.0253006065963,2025-12-17,49
MED013,Artésunate 100mg,535.0253006065963,2025-12-18,38
MED013,Artésunate 100mg,535.0253006065963,2025-12-19,14
MED013,Artésunate 100mg,535.0253006065963,2025-12-20,63
MED013,Artésunate 100mg,535.0253006065963,2025-12-21,67
MED013,Artésunate 100mg,535.0253006065963,2025-12-22,54
MED013,Artésunate 100mg,535.0253006065963,2025-12-23,57
MED013,Artésunate 100mg,535.0253006065963,2025-12-24,32
MED013,Artésunate 100mg,535.0253006065963,2025-12-25,24
MED013,Artésunate 100mg,535.0253006065963,2025-12-26,44
MED013,Artésunate 100mg,535.0253006065963,2025-12-27,69
MED013,Artésunate 100mg,535.0253006065963,2025-12-28,36
MED013,Artésunate 100mg,535.0253006065963,2025-12-29,48
MED013,Artésunate 100mg,535.0253006065963,2025-12-30,28
MED013,Artésunate 100mg,535.0253006065963,2025-12-31,40
MED013,Artésunate 100mg,535.0253006065963,2026-01-01,54
MED013,Artésunate 100mg,535.0253006065963,2026-01-02,49
MED013,Artésunate 100mg,535.0253006065963,2026-01-03,28
MED013,Artésunate 100mg,535.0253006065963,2026-01-04,54
MED013,Artésunate 100mg,535.0253006065963,2026-01-05,42
MED013,Artésunate 100mg,535.0253006065963,2026-01-06,43
MED013,Artésunate 100mg,535.0253006065963,2026-01-07,75
MED013,Artésunate 100mg,535.0253006065963,2026-01-08,61
MED013,Artésunate 100mg,535.0253006065963,2026-01-09,48
MED013,Artésunate 100mg,535.0253006065963,2026-01-10,77
MED013,Artésunate 100mg,535.0253006065963,2026-01-11,48
MED013,Artésunate 100mg,535.0253006065963,2026-01-12,64
MED013,Artésunate 100mg,535.0253006065963,2026-01-13,55
MED013,Artésunate 100mg,535.0253006065963,2026-01-14,47
MED013,Artésunate 100mg,535.0253006065963,2026-01-15,44
MED013,Artésunate 100mg,535.0253006065963,2026-01-16,33
MED013,Artésunate 100mg,535.0253006065963,2026-01-17,49
MED013,Artésunate 100mg,535.0253006065963,2026-01-18,60
MED013,Artésunate 100mg,535.0253006065963,2026-01-19,52
MED013,Artésunate 100mg,535.0253006065963,2026-01-20,40
MED013,Artésunate 100mg,535.0253006065963,2026-01-21,42
MED013,Artésunate 100mg,535.0253006065963,2026-01-22,53
MED013,Artésunate 100mg,535.0253006065963,2026-01-23,49
MED013,Artésunate 100mg,535.0253006065963,2026-01-24,58
MED013,Artésunate 100mg,535.0253006065963,2026-01-25,29
MED013,Artésunate 100mg,535.0253006065963,2026-01-26,41
MED013,Artésunate 100mg,535.0253006065963,2026-01-27,35
MED013,Artésunate 100mg,535.0253006065963,2026-01-28,51
MED013,Artésunate 100mg,535.0253006065963,2026-01-29,41
MED013,Artésunate 100mg,535.0253006065963,2026-01-30,52
MED013,Artésunate 100mg,535.0253006065963,2026-01-31,84
MED013,Artésunate 100mg,535.0253006065963,2026-02-01,62
MED013,Artésunate 100mg,535.0253006065963,2026-02-02,62
MED013,Artésunate 100mg,535.0253006065963,2026-02-03,45
MED013,Artésunate 100mg,535.0253006065963,2026-02-04,52
MED013,Artésunate 100mg,535.0253006065963,2026-02-05,49
MED013,Artésunate 100mg,535.0253006065963,2026-02-06,50
MED013,Artésunate 100mg,535.0253006065963,2026-02-07,68
MED013,Artésunate 100mg,535.0253006065963,2026-02-08,48
MED013,Artésunate 100mg,535.0253006065963,2026-02-09,68
MED013,Artésunate 100mg,535.0253006065963,2026-02-10,55
MED013,Artésunate 100mg,535.0253006065963,2026-02-11,47
MED013,Artésunate 100mg,535.0253006065963,2026-02-12,54
MED013,Artésunate 100mg,535.0253006065963,2026-02-13,55
MED013,Artésunate 100mg,535.0253006065963,2026-02-14,98
MED013,Artésunate 100mg,535.0253006065963,2026-02-15,30
MED013,Artésunate 100mg,535.0253006065963,2026-02-16,33
MED013,Artésunate 100mg,535.0253006065963,2026-02-17,45
MED013,Artésunate 100mg,535.0253006065963,2026-02-18,34
MED013,Artésunate 100mg,535.0253006065963,2026-02-19,72
MED013,Artésunate 100mg,535.0253006065963,2026-02-20,35
MED013,Artésunate 100mg,535.0253006065963,2026-02-21,79
MED013,Artésunate 100mg,535.0253006065963,2026-02-22,48
MED013,Artésunate 100mg,535.0253006065963,2026-02-23,48
MED013,Artésunate 100mg,535.0253006065963,2026-02-24,40
MED013,Artésunate 100mg,535.0253006065963,2026-02-25,33
MED013,Artésunate 100mg,535.0253006065963,2026-02-26,57
MED013,Artésunate 100mg,535.0253006065963,2026-02-27,49
MED013,Artésunate 100mg,535.0253006065963,2026-02-28,72
MED013,Artésunate 100mg,535.0253006065963,2026-03-01,75
MED013,Artésunate 100mg,535.0253006065963,2026-03-02,27
MED013,Artésunate 100mg,535.0253006065963,2026-03-03,77
MED013,Artésunate 100mg,535.0253006065963,2026-03-04,24
MED013,Artésunate 100mg,535.0253006065963,2026-03-05,40
MED013,Artésunate 100mg,535.0253006065963,2026-03-06,52
MED013,Artésunate 100mg,535.0253006065963,2026-03-07,37
MED013,Artésunate 100mg,535.0253006065963,2026-03-08,85
MED013,Artésunate 100mg,535.0253006065963,2026-03-09,35
MED013,Artésunate 100mg,535.0253006065963,2026-03-10,41
MED013,Artésunate 100mg,535.0253006065963,2026-03-11,62
MED013,Artésunate 100mg,535.0253006065963,2026-03-12,40
MED013,Artésunate 100mg,535.0253006065963,2026-03-13,43
MED013,Artésunate 100mg,535.0253006065963,2026-03-14,63
MED013,Artésunate 100mg,535.0253006065963,2026-03-15,28
MED013,Artésunate 100mg,535.0253006065963,2026-03-16,45
MED013,Artésunate 100mg,535.0253006065963,2026-03-17,44
MED013,Artésunate 100mg,535.0253006065963,2026-03-18,68
MED013,Artésunate 100mg,535.0253006065963,2026-03-19,40
MED013,Artésunate 100mg,535.0253006065963,2026-03-20,61
MED013,Artésunate 100mg,535.0253006065963,2026-03-21,38
MED013,Artésunate 100mg,535.0253006065963,2026-03-22,34
MED013,Artésunate 100mg,535.0253006065963,2026-03-23,50
MED013,Artésunate 100mg,535.0253006065963,2026-03-24,37
MED013,Artésunate 100mg,535.0253006065963,2026-03-25,52
MED013,Artésunate 100mg,535.0253006065963,2026-03-26,48
MED013,Artésunate 100mg,535.0253006065963,2026-03-27,70
MED013,Artésunate 100mg,535.0253006065963,2026-03-28,62
MED013,Artésunate 100mg,535.0253006065963,2026-03-29,25
MED013,Artésunate 100mg,535.0253006065963,2026-03-30,49
MED013,Artésunate 100mg,535.0253006065963,2026-03-31,34
MED013,Artésunate 100mg,535.0253006065963,2026-04-01,42
MED013,Artésunate 100mg,535.0253006065963,2026-04-02,57
MED013,Artésunate 100mg,535.0253006065963,2026-04-03,19
MED013,Artésunate 100mg,535.0253006065963,2026-04-04,40
MED013,Artésunate 100mg,535.0253006065963,2026-04-05,51
MED013,Artésunate 100mg,535.0253006065963,2026-04-06,40
MED013,Artésunate 100mg,535.0253006065963,2026-04-07,36
MED013,Artésunate 100mg,535.0253006065963,2026-04-08,33
MED013,Artésunate 100mg,535.0253006065963,2026-04-09,65
MED013,Artésunate 100mg,535.0253006065963,2026-04-10,28
MED013,Artésunate 100mg,535.0253006065963,2026-04-11,65
MED013,Artésunate 100mg,535.0253006065963,2026-04-12,31
MED013,Artésunate 100mg,535.0253006065963,2026-04-13,58
MED013,Artésunate 100mg,535.0253006065963,2026-04-14,22
MED013,Artésunate 100mg,535.0253006065963,2026-04-15,36
MED013,Artésunate 100mg,535.0253006065963,2026-04-16,43
MED013,Artésunate 100mg,535.0253006065963,2026-04-17,55
MED013,Artésunate 100mg,535.0253006065963,2026-04-18,66
MED013,Artésunate 100mg,535.0253006065963,2026-04-19,53
MED013,Artésunate 100mg,535.0253006065963,2026-04-20,32
MED013,Artésunate 100mg,535.0253006065963,2026-04-21,41
MED013,Artésunate 100mg,535.0253006065963,2026-04-22,51
MED013,Artésunate 100mg,535.0253006065963,2026-04-23,54
MED013,Artésunate 100mg,535.0253006065963,2026-04-24,39
MED013,Artésunate 100mg,535.0253006065963,2026-04-25,70
MED013,Artésunate 100mg,535.0253006065963,2026-04-26,59
MED013,Artésunate 100mg,535.0253006065963,2026-04-27,47
MED013,Artésunate 100mg,535.0253006065963,2026-04-28,32
MED013,Artésunate 100mg,535.0253006065963,2026-04-29,53
MED013,Artésunate 100mg,535.0253006065963,2026-04-30,62
MED013,Artésunate 100mg,535.0253006065963,2026-05-01,58
MED013,Artésunate 100mg,535.0253006065963,2026-05-02,68
MED013,Artésunate 100mg,535.0253006065963,2026-05-03,43
MED013,Artésunate 100mg,535.0253006065963,2026-05-04,56
MED013,Artésunate 100mg,535.0253006065963,2026-05-05,51
MED013,Artésunate 100mg,535.0253006065963,2026-05-06,49
MED013,Artésunate 100mg,535.0253006065963,2026-05-07,59
MED013,Artésunate 100mg,535.0253006065963,2026-05-08,40
MED013,Artésunate 100mg,535.0253006065963,2026-05-09,71
MED013,Artésunate 100mg,535.0253006065963,2026-05-10,50
MED013,Artésunate 100mg,535.0253006065963,2026-05-11,54
MED013,Artésunate 100mg,535.0253006065963,2026-05-12,68
MED013,Artésunate 100mg,535.0253006065963,2026-05-13,53
MED013,Artésunate 100mg,535.0253006065963,2026-05-14,43
MED013,Artésunate 100mg,535.0253006065963,2026-05-15,43
MED013,Artésunate 100mg,535.0253006065963,2026-05-16,91
MED013,Artésunate 100mg,535.0253006065963,2026-05-17,37
MED013,Artésunate 100mg,535.0253006065963,2026-05-18,36
MED013,Artésunate 100mg,535.0253006065963,2026-05-19,75
MED013,Artésunate 100mg,535.0253006065963,2026-05-20,45
MED013,Artésunate 100mg,535.0253006065963,2026-05-21,36
MED013,Artésunate 100mg,535.0253006065963,2026-05-22,43
MED013,Artésunate 100mg,535.0253006065963,2026-05-23,26
MED013,Artésunate 100mg,535.0253006065963,2026-05-24,48
MED013,Artésunate 100mg,535.0253006065963,2026-05-25,54
MED013,Artésunate 100mg,535.0253006065963,2026-05-26,68
MED013,Artésunate 100mg,535.0253006065963,2026-05-27,42
MED013,Artésunate 100mg,535.0253006065963,2026-05-28,61
MED013,Artésunate 100mg,535.0253006065963,2026-05-29,44
MED013,Artésunate 100mg,535.0253006065963,2026-05-30,45
MED013,Artésunate 100mg,535.0253006065963,2026-05-31,72
MED013,Artésunate 100mg,535.0253006065963,2026-06-01,57
MED013,Artésunate 100mg,535.0253006065963,2026-06-02,37
MED013,Artésunate 100mg,535.0253006065963,2026-06-03,84
MED013,Artésunate 100mg,535.0253006065963,2026-06-04,50
MED013,Artésunate 100mg,535.0253006065963,2026-06-05,101
MED013,Artésunate 100mg,535.0253006065963,2026-06-06,122
MED013,Artésunate 100mg,535.0253006065963,2026-06-07,79
MED013,Artésunate 100mg,535.0253006065963,2026-06-08,72
MED013,Artésunate 100mg,535.0253006065963,2026-06-09,74
MED013,Artésunate 100mg,535.0253006065963,2026-06-10,52
MED013,Artésunate 100mg,535.0253006065963,2026-06-11,117
MED013,Artésunate 100mg,535.0253006065963,2026-06-12,72
MED013,Artésunate 100mg,535.0253006065963,2026-06-13,51
MED013,Artésunate 100mg,535.0253006065963,2026-06-14,57
MED013,Artésunate 100mg,535.0253006065963,2026-06-15,89
MED013,Artésunate 100mg,535.0253006065963,2026-06-16,68
MED013,Artésunate 100mg,535.0253006065963,2026-06-17,107
MED013,Artésunate 100mg,535.0253006065963,2026-06-18,54
MED013,Artésunate 100mg,535.0253006065963,2026-06-19,76
MED013,Artésunate 100mg,535.0253006065963,2026-06-20,47
MED013,Artésunate 100mg,535.0253006065963,2026-06-21,54
MED013,Artésunate 100mg,535.0253006065963,2026-06-22,74
MED013,Artésunate 100mg,535.0253006065963,2026-06-23,44
MED013,Artésunate 100mg,535.0253006065963,2026-06-24,78
MED013,Artésunate 100mg,535.0253006065963,2026-06-25,98
MED013,Artésunate 100mg,535.0253006065963,2026-06-26,55
MED013,Artésunate 100mg,535.0253006065963,2026-06-27,86
MED013,Artésunate 100mg,535.0253006065963,2026-06-28,63
MED013,Artésunate 100mg,535.0253006065963,2026-06-29,89
MED013,Artésunate 100mg,535.0253006065963,2026-06-30,71
MED013,Artésunate 100mg,535.0253006065963,2026-07-01,68
MED013,Artésunate 100mg,535.0253006065963,2026-07-02,96
MED013,Artésunate 100mg,535.0253006065963,2026-07-03,43
MED013,Artésunate 100mg,535.0253006065963,2026-07-04,72
MED013,Artésunate 100mg,535.0253006065963,2026-07-05,56
MED013,Artésunate 100mg,535.0253006065963,2026-07-06,88
MED013,Artésunate 100mg,535.0253006065963,2026-07-07,77
MED013,Artésunate 100mg,535.0253006065963,2026-07-08,40
MED013,Artésunate 100mg,535.0253006065963,2026-07-09,53
MED013,Artésunate 100mg,535.0253006065963,2026-07-10,85
MED013,Artésunate 100mg,535.0253006065963,2026-07-11,80
MED013,Artésunate 100mg,535.0253006065963,2026-07-12,75
MED013,Artésunate 100mg,535.0253006065963,2026-07-13,54
MED013,Artésunate 100mg,535.0253006065963,2026-07-14,88
MED013,Artésunate 100mg,535.0253006065963,2026-07-15,69
MED013,Artésunate 100mg,535.0253006065963,2026-07-16,86
MED013,Artésunate 100mg,535.0253006065963,2026-07-17,74
MED013,Artésunate 100mg,535.0253006065963,2026-07-18,121
MED013,Artésunate 100mg,535.0253006065963,2026-07-19,70
MED013,Artésunate 100mg,535.0253006065963,2026-07-20,77
MED013,Artésunate 100mg,535.0253006065963,2026-07-21,47
MED013,Artésunate 100mg,535.0253006065963,2026-07-22,61
MED013,Artésunate 100mg,535.0253006065963,2026-07-23,55
MED013,Artésunate 100mg,535.0253006065963,2026-07-24,35
MED013,Artésunate 100mg,535.0253006065963,2026-07-25,86
MED013,Artésunate 100mg,535.0253006065963,2026-07-26,96
MED013,Artésunate 100mg,535.0253006065963,2026-07-27,68
MED013,Artésunate 100mg,535.0253006065963,2026-07-28,84
MED013,Artésunate 100mg,535.0253006065963,2026-07-29,58
MED013,Artésunate 100mg,535.0253006065963,2026-07-30,62
MED013,Artésunate 100mg,535.0253006065963,2026-07-31,56
MED013,Artésunate 100mg,535.0253006065963,2026-08-01,78
MED013,Artésunate 100mg,535.0253006065963,2026-08-02,75
MED013,Artésunate 100mg,535.0253006065963,2026-08-03,47
MED013,Artésunate 100mg,535.0253006065963,2026-08-04,70
MED013,Artésunate 100mg,535.0253006065963,2026-08-05,80
MED013,Artésunate 100mg,535.0253006065963,2026-08-06,71
MED013,Artésunate 100mg,535.0253006065963,2026-08-07,81
MED013,Artésunate 100mg,535.0253006065963,2026-08-08,39
MED013,Artésunate 100mg,535.0253006065963,2026-08-09,74
MED013,Artésunate 100mg,535.0253006065963,2026-08-10,67
MED013,Artésunate 100mg,535.0253006065963,2026-08-11,44
MED013,Artésunate 100mg,535.0253006065963,2026-08-12,91
MED013,Artésunate 100mg,535.0253006065963,2026-08-13,64
MED013,Artésunate 100mg,535.0253006065963,2026-08-14,87
MED013,Artésunate 100mg,535.0253006065963,2026-08-15,42
MED013,Artésunate 100mg,535.0253006065963,2026-08-16,96
MED013,Artésunate 100mg,535.0253006065963,2026-08-17,69
MED013,Artésunate 100mg,535.0253006065963,2026-08-18,37
MED014,Azithromycine 250mg,2254.7207613683127,2025-08-19,119
MED014,Azithromycine 250mg,2254.7207613683127,2025-08-20,64
MED014,Azithromycine 250mg,2254.7207613683127,2025-08-21,67
MED014,Azithromycine 250mg,2254.7207613683127,2025-08-22,59
MED014,Azithromycine 250mg,2254.7207613683127,2025-08-23,81
MED014,Azithromycine 250mg,2254.7207613683127,2025-08-24,99
MED014,Azithromycine 250mg,2254.7207613683127,2025-08-25,114
MED014,Azithromycine 250mg,2254.7207613683127,2025-08-26,80
MED014,Azithromycine 250mg,2254.7207613683127,2025-08-27,88
MED014,Azithromycine 250mg,2254.7207613683127,2025-08-28,3
MED014,Azithromycine 250mg,2254.7207613683127,2025-08-29,70
MED014,Azithromycine 250mg,2254.7207613683127,2025-08-30,158
MED014,Azithromycine 250mg,2254.7207613683127,2025-08-31,66
MED014,Azithromycine 250mg,2254.7207613683127,2025-09-01,83
MED014,Azithromycine 250mg,2254.7207613683127,2025-09-02,68
MED014,Azithromycine 250mg,2254.7207613683127,2025-09-03,102
MED014,Azithromycine 250mg,2254.7207613683127,2025-09-04,64
MED014,Azithromycine 250mg,2254.7207613683127,2025-09-05,104
MED014,Azithromycine 250mg,2254.7207613683127,2025-09-06,123
MED014,Azithromycine 250mg,2254.7207613683127,2025-09-07,66
MED014,Azithromycine 250mg,2254.7207613683127,2025-09-08,68
MED014,Azithromycine 250mg,2254.7207613683127,2025-09-09,101
MED014,Azithromycine 250mg,2254.7207613683127,2025-09-10,26
MED014,Azithromycine 250mg,2254.7207613683127,2025-09-11,68
MED014,Azithromycine 250mg,2254.7207613683127,2025-09-12,135
MED014,Azithromycine 250mg,2254.7207613683127,2025-09-13,86
MED014,Azithromycine 250mg,2254.7207613683127,2025-09-14,78
MED014,Azithromycine 250mg,2254.7207613683127,2025-09-15,106
MED014,Azithromycine 250mg,2254.7207613683127,2025-09-16,74
MED014,Azithromycine 250mg,2254.7207613683127,2025-09-17,59
MED014,Azithromycine 250mg,2254.7207613683127,2025-09-18,104
MED014,Azithromycine 250mg,2254.7207613683127,2025-09-19,54
MED014,Azithromycine 250mg,2254.7207613683127,2025-09-20,90
MED014,Azithromycine 250mg,2254.7207613683127,2025-09-21,55
MED014,Azithromycine 250mg,2254.7207613683127,2025-09-22,98
MED014,Azithromycine 250mg,2254.7207613683127,2025-09-23,97
MED014,Azithromycine 250mg,2254.7207613683127,2025-09-24,54
MED014,Azithromycine 250mg,2254.7207613683127,2025-09-25,83
MED014,Azithromycine 250mg,2254.7207613683127,2025-09-26,70
MED014,Azithromycine 250mg,2254.7207613683127,2025-09-27,103
MED014,Azithromycine 250mg,2254.7207613683127,2025-09-28,100
MED014,Azithromycine 250mg,2254.7207613683127,2025-09-29,40
MED014,Azithromycine 250mg,2254.7207613683127,2025-09-30,94
MED014,Azithromycine 250mg,2254.7207613683127,2025-10-01,31
MED014,Azithromycine 250mg,2254.7207613683127,2025-10-02,83
MED014,Azithromycine 250mg,2254.7207613683127,2025-10-03,73
MED014,Azithromycine 250mg,2254.7207613683127,2025-10-04,125
MED014,Azithromycine 250mg,2254.7207613683127,2025-10-05,61
MED014,Azithromycine 250mg,2254.7207613683127,2025-10-06,85
MED014,Azithromycine 250mg,2254.7207613683127,2025-10-07,105
MED014,Azithromycine 250mg,2254.7207613683127,2025-10-08,100
MED014,Azithromycine 250mg,2254.7207613683127,2025-10-09,75
MED014,Azithromycine 250mg,2254.7207613683127,2025-10-10,79
MED014,Azithromycine 250mg,2254.7207613683127,2025-10-11,108
MED014,Azithromycine 250mg,2254.7207613683127,2025-10-12,59
MED014,Azithromycine 250mg,2254.7207613683127,2025-10-13,49
MED014,Azithromycine 250mg,2254.7207613683127,2025-10-14,88
MED014,Azithromycine 250mg,2254.7207613683127,2025-10-15,114
MED014,Azithromycine 250mg,2254.7207613683127,2025-10-16,46
MED014,Azithromycine 250mg,2254.7207613683127,2025-10-17,76
MED014,Azithromycine 250mg,2254.7207613683127,2025-10-18,115
MED014,Azithromycine 250mg,2254.7207613683127,2025-10-19,81
MED014,Azithromycine 250mg,2254.7207613683127,2025-10-20,88
MED014,Azithromycine 250mg,2254.7207613683127,2025-10-21,74
MED014,Azithromycine 250mg,2254.7207613683127,2025-10-22,87
MED014,Azithromycine 250mg,2254.7207613683127,2025-10-23,32
MED014,Azithromycine 250mg,2254.7207613683127,2025-10-24,51
MED014,Azithromycine 250mg,2254.7207613683127,2025-10-25,102
MED014,Azithromycine 250mg,2254.7207613683127,2025-10-26,60
MED014,Azithromycine 250mg,2254.7207613683127,2025-10-27,62
MED014,Azithromycine 250mg,2254.7207613683127,2025-10-28,87
MED014,Azithromycine 250mg,2254.7207613683127,2025-10-29,73
MED014,Azithromycine 250mg,2254.7207613683127,2025-10-30,44
MED014,Azithromycine 250mg,2254.7207613683127,2025-10-31,60
MED014,Azithromycine 250mg,2254.7207613683127,2025-11-01,42
MED014,Azithromycine 250mg,2254.7207613683127,2025-11-02,73
MED014,Azithromycine 250mg,2254.7207613683127,2025-11-03,5
MED014,Azithromycine 250mg,2254.7207613683127,2025-11-04,47
MED014,Azithromycine 250mg,2254.7207613683127,2025-11-05,52
MED014,Azithromycine 250mg,2254.7207613683127,2025-11-06,59
MED014,Azithromycine 250mg,2254.7207613683127,2025-11-07,50
MED014,Azithromycine 250mg,2254.7207613683127,2025-11-08,48
MED014,Azithromycine 250mg,2254.7207613683127,2025-11-09,26
MED014,Azithromycine 250mg,2254.7207613683127,2025-11-10,49
MED014,Azithromycine 250mg,2254.7207613683127,2025-11-11,60
MED014,Azithromycine 250mg,2254.7207613683127,2025-11-12,43
MED014,Azithromycine 250mg,2254.7207613683127,2025-11-13,75
MED014,Azithromycine 250mg,2254.7207613683127,2025-11-14,55
MED014,Azithromycine 250mg,2254.7207613683127,2025-11-15,47
MED014,Azithromycine 250mg,2254.7207613683127,2025-11-16,58
MED014,Azithromycine 250mg,2254.7207613683127,2025-11-17,29
MED014,Azithromycine 250mg,2254.7207613683127,2025-11-18,49
MED014,Azithromycine 250mg,2254.7207613683127,2025-11-19,75
MED014,Azithromycine 250mg,2254.7207613683127,2025-11-20,40
MED014,Azithromycine 250mg,2254.7207613683127,2025-11-21,59
MED014,Azithromycine 250mg,2254.7207613683127,2025-11-22,52
MED014,Azithromycine 250mg,2254.7207613683127,2025-11-23,58
MED014,Azithromycine 250mg,2254.7207613683127,2025-11-24,55
MED014,Azithromycine 250mg,2254.7207613683127,2025-11-25,64
MED014,Azithromycine 250mg,2254.7207613683127,2025-11-26,47
MED014,Azithromycine 250mg,2254.7207613683127,2025-11-27,45
MED014,Azithromycine 250mg,2254.7207613683127,2025-11-28,47
MED014,Azithromycine 250mg,2254.7207613683127,2025-11-29,63
MED014,Azithromycine 250mg,2254.7207613683127,2025-11-30,39
MED014,Azithromycine 250mg,2254.7207613683127,2025-12-01,52
MED014,Azithromycine 250mg,2254.7207613683127,2025-12-02,51
MED014,Azithromycine 250mg,2254.7207613683127,2025-12-03,36
MED014,Azithromycine 250mg,2254.7207613683127,2025-12-04,86
MED014,Azithromycine 250mg,2254.7207613683127,2025-12-05,65
MED014,Azithromycine 250mg,2254.7207613683127,2025-12-06,28
MED014,Azithromycine 250mg,2254.7207613683127,2025-12-07,79
MED014,Azithromycine 250mg,2254.7207613683127,2025-12-08,54
MED014,Azithromycine 250mg,2254.7207613683127,2025-12-09,63
MED014,Azithromycine 250mg,2254.7207613683127,2025-12-10,51
MED014,Azithromycine 250mg,2254.7207613683127,2025-12-11,56
MED014,Azithromycine 250mg,2254.7207613683127,2025-12-12,68
MED014,Azithromycine 250mg,2254.7207613683127,2025-12-13,64
MED014,Azithromycine 250mg,2254.7207613683127,2025-12-14,33
MED014,Azithromycine 250mg,2254.7207613683127,2025-12-15,35
MED014,Azithromycine 250mg,2254.7207613683127,2025-12-16,47
MED014,Azithromycine 250mg,2254.7207613683127,2025-12-17,34
MED014,Azithromycine 250mg,2254.7207613683127,2025-12-18,88
MED014,Azithromycine 250mg,2254.7207613683127,2025-12-19,62
MED014,Azithromycine 250mg,2254.7207613683127,2025-12-20,94
MED014,Azithromycine 250mg,2254.7207613683127,2025-12-21,35
MED014,Azithromycine 250mg,2254.7207613683127,2025-12-22,29
MED014,Azithromycine 250mg,2254.7207613683127,2025-12-23,66
MED014,Azithromycine 250mg,2254.7207613683127,2025-12-24,47
MED014,Azithromycine 250mg,2254.7207613683127,2025-12-25,42
MED014,Azithromycine 250mg,2254.7207613683127,2025-12-26,39
MED014,Azithromycine 250mg,2254.7207613683127,2025-12-27,26
MED014,Azithromycine 250mg,2254.7207613683127,2025-12-28,54
MED014,Azithromycine 250mg,2254.7207613683127,2025-12-29,71
MED014,Azithromycine 250mg,2254.7207613683127,2025-12-30,43
MED014,Azithromycine 250mg,2254.7207613683127,2025-12-31,43
MED014,Azithromycine 250mg,2254.7207613683127,2026-01-01,32
MED014,Azithromycine 250mg,2254.7207613683127,2026-01-02,44
MED014,Azithromycine 250mg,2254.7207613683127,2026-01-03,34
MED014,Azithromycine 250mg,2254.7207613683127,2026-01-04,26
MED014,Azithromycine 250mg,2254.7207613683127,2026-01-05,45
MED014,Azithromycine 250mg,2254.7207613683127,2026-01-06,59
MED014,Azithromycine 250mg,2254.7207613683127,2026-01-07,33
MED014,Azithromycine 250mg,2254.7207613683127,2026-01-08,47
MED014,Azithromycine 250mg,2254.7207613683127,2026-01-09,64
MED014,Azithromycine 250mg,2254.7207613683127,2026-01-10,54
MED014,Azithromycine 250mg,2254.7207613683127,2026-01-11,48
MED014,Azithromycine 250mg,2254.7207613683127,2026-01-12,34
MED014,Azithromycine 250mg,2254.7207613683127,2026-01-13,55
MED014,Azithromycine 250mg,2254.7207613683127,2026-01-14,46
MED014,Azithromycine 250mg,2254.7207613683127,2026-01-15,62
MED014,Azithromycine 250mg,2254.7207613683127,2026-01-16,59
MED014,Azithromycine 250mg,2254.7207613683127,2026-01-17,87
MED014,Azithromycine 250mg,2254.7207613683127,2026-01-18,40
MED014,Azithromycine 250mg,2254.7207613683127,2026-01-19,52
MED014,Azithromycine 250mg,2254.7207613683127,2026-01-20,71
MED014,Azithromycine 250mg,2254.7207613683127,2026-01-21,20
MED014,Azithromycine 250mg,2254.7207613683127,2026-01-22,31
MED014,Azithromycine 250mg,2254.7207613683127,2026-01-23,40
MED014,Azithromycine 250mg,2254.7207613683127,2026-01-24,76
MED014,Azithromycine 250mg,2254.7207613683127,2026-01-25,69
MED014,Azithromycine 250mg,2254.7207613683127,2026-01-26,81
MED014,Azithromycine 250mg,2254.7207613683127,2026-01-27,73
MED014,Azithromycine 250mg,2254.7207613683127,2026-01-28,59
MED014,Azithromycine 250mg,2254.7207613683127,2026-01-29,35
MED014,Azithromycine 250mg,2254.7207613683127,2026-01-30,57
MED014,Azithromycine 250mg,2254.7207613683127,2026-01-31,47
MED014,Azithromycine 250mg,2254.7207613683127,2026-02-01,63
MED014,Azithromycine 250mg,2254.7207613683127,2026-02-02,53
MED014,Azithromycine 250mg,2254.7207613683127,2026-02-03,34
MED014,Azithromycine 250mg,2254.7207613683127,2026-02-04,35
MED014,Azithromycine 250mg,2254.7207613683127,2026-02-05,55
MED014,Azithromycine 250mg,2254.7207613683127,2026-02-06,37
MED014,Azithromycine 250mg,2254.7207613683127,2026-02-07,65
MED014,Azithromycine 250mg,2254.7207613683127,2026-02-08,48
MED014,Azithromycine 250mg,2254.7207613683127,2026-02-09,58
MED014,Azithromycine 250mg,2254.7207613683127,2026-02-10,23
MED014,Azithromycine 250mg,2254.7207613683127,2026-02-11,42
MED014,Azithromycine 250mg,2254.7207613683127,2026-02-12,56
MED014,Azithromycine 250mg,2254.7207613683127,2026-02-13,50
MED014,Azithromycine 250mg,2254.7207613683127,2026-02-14,66
MED014,Azithromycine 250mg,2254.7207613683127,2026-02-15,45
MED014,Azithromycine 250mg,2254.7207613683127,2026-02-16,49
MED014,Azithromycine 250mg,2254.7207613683127,2026-02-17,50
MED014,Azithromycine 250mg,2254.7207613683127,2026-02-18,58
MED014,Azithromycine 250mg,2254.7207613683127,2026-02-19,67
MED014,Azithromycine 250mg,2254.7207613683127,2026-02-20,30
MED014,Azithromycine 250mg,2254.7207613683127,2026-02-21,62
MED014,Azithromycine 250mg,2254.7207613683127,2026-02-22,49
MED014,Azithromycine 250mg,2254.7207613683127,2026-02-23,50
MED014,Azithromycine 250mg,2254.7207613683127,2026-02-24,42
MED014,Azithromycine 250mg,2254.7207613683127,2026-02-25,63
MED014,Azithromycine 250mg,2254.7207613683127,2026-02-26,54
MED014,Azithromycine 250mg,2254.7207613683127,2026-02-27,24
MED014,Azithromycine 250mg,2254.7207613683127,2026-02-28,59
MED014,Azithromycine 250mg,2254.7207613683127,2026-03-01,62
MED014,Azithromycine 250mg,2254.7207613683127,2026-03-02,40
MED014,Azithromycine 250mg,2254.7207613683127,2026-03-03,46
MED014,Azithromycine 250mg,2254.7207613683127,2026-03-04,65
MED014,Azithromycine 250mg,2254.7207613683127,2026-03-05,63
MED014,Azithromycine 250mg,2254.7207613683127,2026-03-06,47
MED014,Azithromycine 250mg,2254.7207613683127,2026-03-07,99
MED014,Azithromycine 250mg,2254.7207613683127,2026-03-08,65
MED014,Azithromycine 250mg,2254.7207613683127,2026-03-09,58
MED014,Azithromycine 250mg,2254.7207613683127,2026-03-10,72
MED014,Azithromycine 250mg,2254.7207613683127,2026-03-11,47
MED014,Azithromycine 250mg,2254.7207613683127,2026-03-12,50
MED014,Azithromycine 250mg,2254.7207613683127,2026-03-13,82
MED014,Azithromycine 250mg,2254.7207613683127,2026-03-14,53
MED014,Azithromycine 250mg,2254.7207613683127,2026-03-15,36
MED014,Azithromycine 250mg,2254.7207613683127,2026-03-16,72
MED014,Azithromycine 250mg,2254.7207613683127,2026-03-17,59
MED014,Azithromycine 250mg,2254.7207613683127,2026-03-18,36
MED014,Azithromycine 250mg,2254.7207613683127,2026-03-19,53
MED014,Azithromycine 250mg,2254.7207613683127,2026-03-20,62
MED014,Azithromycine 250mg,2254.7207613683127,2026-03-21,92
MED014,Azithromycine 250mg,2254.7207613683127,2026-03-22,42
MED014,Azithromycine 250mg,2254.7207613683127,2026-03-23,78
MED014,Azithromycine 250mg,2254.7207613683127,2026-03-24,43
MED014,Azithromycine 250mg,2254.7207613683127,2026-03-25,33
MED014,Azithromycine 250mg,2254.7207613683127,2026-03-26,57
MED014,Azithromycine 250mg,2254.7207613683127,2026-03-27,38
MED014,Azithromycine 250mg,2254.7207613683127,2026-03-28,106
MED014,Azithromycine 250mg,2254.7207613683127,2026-03-29,46
MED014,Azithromycine 250mg,2254.7207613683127,2026-03-30,47
MED014,Azithromycine 250mg,2254.7207613683127,2026-03-31,90
MED014,Azithromycine 250mg,2254.7207613683127,2026-04-01,64
MED014,Azithromycine 250mg,2254.7207613683127,2026-04-02,62
MED014,Azithromycine 250mg,2254.7207613683127,2026-04-03,30
MED014,Azithromycine 250mg,2254.7207613683127,2026-04-04,56
MED014,Azithromycine 250mg,2254.7207613683127,2026-04-05,37
MED014,Azithromycine 250mg,2254.7207613683127,2026-04-06,31
MED014,Azithromycine 250mg,2254.7207613683127,2026-04-07,24
MED014,Azithromycine 250mg,2254.7207613683127,2026-04-08,44
MED014,Azithromycine 250mg,2254.7207613683127,2026-04-09,46
MED014,Azithromycine 250mg,2254.7207613683127,2026-04-10,57
MED014,Azithromycine 250mg,2254.7207613683127,2026-04-11,58
MED014,Azithromycine 250mg,2254.7207613683127,2026-04-12,45
MED014,Azithromycine 250mg,2254.7207613683127,2026-04-13,50
MED014,Azithromycine 250mg,2254.7207613683127,2026-04-14,32
MED014,Azithromycine 250mg,2254.7207613683127,2026-04-15,57
MED014,Azithromycine 250mg,2254.7207613683127,2026-04-16,47
MED014,Azithromycine 250mg,2254.7207613683127,2026-04-17,50
MED014,Azithromycine 250mg,2254.7207613683127,2026-04-18,90
MED014,Azithromycine 250mg,2254.7207613683127,2026-04-19,36
MED014,Azithromycine 250mg,2254.7207613683127,2026-04-20,55
MED014,Azithromycine 250mg,2254.7207613683127,2026-04-21,56
MED014,Azithromycine 250mg,2254.7207613683127,2026-04-22,60
MED014,Azithromycine 250mg,2254.7207613683127,2026-04-23,34
MED014,Azithromycine 250mg,2254.7207613683127,2026-04-24,58
MED014,Azithromycine 250mg,2254.7207613683127,2026-04-25,87
MED014,Azithromycine 250mg,2254.7207613683127,2026-04-26,67
MED014,Azithromycine 250mg,2254.7207613683127,2026-04-27,46
MED014,Azithromycine 250mg,2254.7207613683127,2026-04-28,55
MED014,Azithromycine 250mg,2254.7207613683127,2026-04-29,43
MED014,Azithromycine 250mg,2254.7207613683127,2026-04-30,64
MED014,Azithromycine 250mg,2254.7207613683127,2026-05-01,65
MED014,Azithromycine 250mg,2254.7207613683127,2026-05-02,67
MED014,Azithromycine 250mg,2254.7207613683127,2026-05-03,76
MED014,Azithromycine 250mg,2254.7207613683127,2026-05-04,47
MED014,Azithromycine 250mg,2254.7207613683127,2026-05-05,32
MED014,Azithromycine 250mg,2254.7207613683127,2026-05-06,43
MED014,Azithromycine 250mg,2254.7207613683127,2026-05-07,46
MED014,Azithromycine 250mg,2254.7207613683127,2026-05-08,36
MED014,Azithromycine 250mg,2254.7207613683127,2026-05-09,45
MED014,Azithromycine 250mg,2254.7207613683127,2026-05-10,68
MED014,Azithromycine 250mg,2254.7207613683127,2026-05-11,46
MED014,Azithromycine 250mg,2254.7207613683127,2026-05-12,59
MED014,Azithromycine 250mg,2254.7207613683127,2026-05-13,51
MED014,Azithromycine 250mg,2254.7207613683127,2026-05-14,51
MED014,Azithromycine 250mg,2254.7207613683127,2026-05-15,48
MED014,Azithromycine 250mg,2254.7207613683127,2026-05-16,75
MED014,Azithromycine 250mg,2254.7207613683127,2026-05-17,44
MED014,Azithromycine 250mg,2254.7207613683127,2026-05-18,44
MED014,Azithromycine 250mg,2254.7207613683127,2026-05-19,51
MED014,Azithromycine 250mg,2254.7207613683127,2026-05-20,35
MED014,Azithromycine 250mg,2254.7207613683127,2026-05-21,62
MED014,Azithromycine 250mg,2254.7207613683127,2026-05-22,55
MED014,Azithromycine 250mg,2254.7207613683127,2026-05-23,82
MED014,Azithromycine 250mg,2254.7207613683127,2026-05-24,67
MED014,Azithromycine 250mg,2254.7207613683127,2026-05-25,53
MED014,Azithromycine 250mg,2254.7207613683127,2026-05-26,36
MED014,Azithromycine 250mg,2254.7207613683127,2026-05-27,43
MED014,Azithromycine 250mg,2254.7207613683127,2026-05-28,47
MED014,Azithromycine 250mg,2254.7207613683127,2026-05-29,49
MED014,Azithromycine 250mg,2254.7207613683127,2026-05-30,48
MED014,Azithromycine 250mg,2254.7207613683127,2026-05-31,42
MED014,Azithromycine 250mg,2254.7207613683127,2026-06-01,39
MED014,Azithromycine 250mg,2254.7207613683127,2026-06-02,69
MED014,Azithromycine 250mg,2254.7207613683127,2026-06-03,42
MED014,Azithromycine 250mg,2254.7207613683127,2026-06-04,72
MED014,Azithromycine 250mg,2254.7207613683127,2026-06-05,26
MED014,Azithromycine 250mg,2254.7207613683127,2026-06-06,113
MED014,Azithromycine 250mg,2254.7207613683127,2026-06-07,59
MED014,Azithromycine 250mg,2254.7207613683127,2026-06-08,83
MED014,Azithromycine 250mg,2254.7207613683127,2026-06-09,94
MED014,Azithromycine 250mg,2254.7207613683127,2026-06-10,54
MED014,Azithromycine 250mg,2254.7207613683127,2026-06-11,54
MED014,Azithromycine 250mg,2254.7207613683127,2026-06-12,73
MED014,Azithromycine 250mg,2254.7207613683127,2026-06-13,105
MED014,Azithromycine 250mg,2254.7207613683127,2026-06-14,66
MED014,Azithromycine 250mg,2254.7207613683127,2026-06-15,57
MED014,Azithromycine 250mg,2254.7207613683127,2026-06-16,55
MED014,Azithromycine 250mg,2254.7207613683127,2026-06-17,100
MED014,Azithromycine 250mg,2254.7207613683127,2026-06-18,56
MED014,Azithromycine 250mg,2254.7207613683127,2026-06-19,111
MED014,Azithromycine 250mg,2254.7207613683127,2026-06-20,90
MED014,Azithromycine 250mg,2254.7207613683127,2026-06-21,42
MED014,Azithromycine 250mg,2254.7207613683127,2026-06-22,44
MED014,Azithromycine 250mg,2254.7207613683127,2026-06-23,66
MED014,Azithromycine 250mg,2254.7207613683127,2026-06-24,62
MED014,Azithromycine 250mg,2254.7207613683127,2026-06-25,48
MED014,Azithromycine 250mg,2254.7207613683127,2026-06-26,52
MED014,Azithromycine 250mg,2254.7207613683127,2026-06-27,64
MED014,Azithromycine 250mg,2254.7207613683127,2026-06-28,53
MED014,Azithromycine 250mg,2254.7207613683127,2026-06-29,78
MED014,Azithromycine 250mg,2254.7207613683127,2026-06-30,71
MED014,Azithromycine 250mg,2254.7207613683127,2026-07-01,114
MED014,Azithromycine 250mg,2254.7207613683127,2026-07-02,71
MED014,Azithromycine 250mg,2254.7207613683127,2026-07-03,100
MED014,Azithromycine 250mg,2254.7207613683127,2026-07-04,128
MED014,Azithromycine 250mg,2254.7207613683127,2026-07-05,4
MED014,Azithromycine 250mg,2254.7207613683127,2026-07-06,53
MED014,Azithromycine 250mg,2254.7207613683127,2026-07-07,58
MED014,Azithromycine 250mg,2254.7207613683127,2026-07-08,97
MED014,Azithromycine 250mg,2254.7207613683127,2026-07-09,83
MED014,Azithromycine 250mg,2254.7207613683127,2026-07-10,57
MED014,Azithromycine 250mg,2254.7207613683127,2026-07-11,97
MED014,Azithromycine 250mg,2254.7207613683127,2026-07-12,24
MED014,Azithromycine 250mg,2254.7207613683127,2026-07-13,40
MED014,Azithromycine 250mg,2254.7207613683127,2026-07-14,70
MED014,Azithromycine 250mg,2254.7207613683127,2026-07-15,93
MED014,Azithromycine 250mg,2254.7207613683127,2026-07-16,87
MED014,Azithromycine 250mg,2254.7207613683127,2026-07-17,89
MED014,Azithromycine 250mg,2254.7207613683127,2026-07-18,61
MED014,Azithromycine 250mg,2254.7207613683127,2026-07-19,47
MED014,Azithromycine 250mg,2254.7207613683127,2026-07-20,95
MED014,Azithromycine 250mg,2254.7207613683127,2026-07-21,67
MED014,Azithromycine 250mg,2254.7207613683127,2026-07-22,70
MED014,Azithromycine 250mg,2254.7207613683127,2026-07-23,71
MED014,Azithromycine 250mg,2254.7207613683127,2026-07-24,74
MED014,Azithromycine 250mg,2254.7207613683127,2026-07-25,101
MED014,Azithromycine 250mg,2254.7207613683127,2026-07-26,101
MED014,Azithromycine 250mg,2254.7207613683127,2026-07-27,97
MED014,Azithromycine 250mg,2254.7207613683127,2026-07-28,39
MED014,Azithromycine 250mg,2254.7207613683127,2026-07-29,61
MED014,Azithromycine 250mg,2254.7207613683127,2026-07-30,59
MED014,Azithromycine 250mg,2254.7207613683127,2026-07-31,79
MED014,Azithromycine 250mg,2254.7207613683127,2026-08-01,39
MED014,Azithromycine 250mg,2254.7207613683127,2026-08-02,45
MED014,Azithromycine 250mg,2254.7207613683127,2026-08-03,39
MED014,Azithromycine 250mg,2254.7207613683127,2026-08-04,84
MED014,Azithromycine 250mg,2254.7207613683127,2026-08-05,82
MED014,Azithromycine 250mg,2254.7207613683127,2026-08-06,81
MED014,Azithromycine 250mg,2254.7207613683127,2026-08-07,23
MED014,Azithromycine 250mg,2254.7207613683127,2026-08-08,87
MED014,Azithromycine 250mg,2254.7207613683127,2026-08-09,67
MED014,Azithromycine 250mg,2254.7207613683127,2026-08-10,69
MED014,Azithromycine 250mg,2254.7207613683127,2026-08-11,65
MED014,Azithromycine 250mg,2254.7207613683127,2026-08-12,73
MED014,Azithromycine 250mg,2254.7207613683127,2026-08-13,129
MED014,Azithromycine 250mg,2254.7207613683127,2026-08-14,79
MED014,Azithromycine 250mg,2254.7207613683127,2026-08-15,81
MED014,Azithromycine 250mg,2254.7207613683127,2026-08-16,104
MED014,Azithromycine 250mg,2254.7207613683127,2026-08-17,115
MED014,Azithromycine 250mg,2254.7207613683127,2026-08-18,53
MED015,Prednisone 20mg,4232.996701226892,2025-08-19,119
MED015,Prednisone 20mg,4232.996701226892,2025-08-20,59
MED015,Prednisone 20mg,4232.996701226892,2025-08-21,127
MED015,Prednisone 20mg,4232.996701226892,2025-08-22,98
MED015,Prednisone 20mg,4232.996701226892,2025-08-23,128
MED015,Prednisone 20mg,4232.996701226892,2025-08-24,121
MED015,Prednisone 20mg,4232.996701226892,2025-08-25,124
MED015,Prednisone 20mg,4232.996701226892,2025-08-26,120
MED015,Prednisone 20mg,4232.996701226892,2025-08-27,56
MED015,Prednisone 20mg,4232.996701226892,2025-08-28,53
MED015,Prednisone 20mg,4232.996701226892,2025-08-29,122
MED015,Prednisone 20mg,4232.996701226892,2025-08-30,148
MED015,Prednisone 20mg,4232.996701226892,2025-08-31,136
MED015,Prednisone 20mg,4232.996701226892,2025-09-01,126
MED015,Prednisone 20mg,4232.996701226892,2025-09-02,61
MED015,Prednisone 20mg,4232.996701226892,2025-09-03,86
MED015,Prednisone 20mg,4232.996701226892,2025-09-04,66
MED015,Prednisone 20mg,4232.996701226892,2025-09-05,119
MED015,Prednisone 20mg,4232.996701226892,2025-09-06,152
MED015,Prednisone 20mg,4232.996701226892,2025-09-07,118
MED015,Prednisone 20mg,4232.996701226892,2025-09-08,62
MED015,Prednisone 20mg,4232.996701226892,2025-09-09,78
MED015,Prednisone 20mg,4232.996701226892,2025-09-10,91
MED015,Prednisone 20mg,4232.996701226892,2025-09-11,64
MED015,Prednisone 20mg,4232.996701226892,2025-09-12,66
MED015,Prednisone 20mg,4232.996701226892,2025-09-13,51
MED015,Prednisone 20mg,4232.996701226892,2025-09-14,60
MED015,Prednisone 20mg,4232.996701226892,2025-09-15,62
MED015,Prednisone 20mg,4232.996701226892,2025-09-16,55
MED015,Prednisone 20mg,4232.996701226892,2025-09-17,94
MED015,Prednisone 20mg,4232.996701226892,2025-09-18,104
MED015,Prednisone 20mg,4232.996701226892,2025-09-19,56
MED015,Prednisone 20mg,4232.996701226892,2025-09-20,101
MED015,Prednisone 20mg,4232.996701226892,2025-09-21,61
MED015,Prednisone 20mg,4232.996701226892,2025-09-22,83
MED015,Prednisone 20mg,4232.996701226892,2025-09-23,57
MED015,Prednisone 20mg,4232.996701226892,2025-09-24,48
MED015,Prednisone 20mg,4232.996701226892,2025-09-25,125
MED015,Prednisone 20mg,4232.996701226892,2025-09-26,81
MED015,Prednisone 20mg,4232.996701226892,2025-09-27,103
MED015,Prednisone 20mg,4232.996701226892,2025-09-28,99
MED015,Prednisone 20mg,4232.996701226892,2025-09-29,48
MED015,Prednisone 20mg,4232.996701226892,2025-09-30,101
MED015,Prednisone 20mg,4232.996701226892,2025-10-01,95
MED015,Prednisone 20mg,4232.996701226892,2025-10-02,82
MED015,Prednisone 20mg,4232.996701226892,2025-10-03,108
MED015,Prednisone 20mg,4232.996701226892,2025-10-04,179
MED015,Prednisone 20mg,4232.996701226892,2025-10-05,92
MED015,Prednisone 20mg,4232.996701226892,2025-10-06,95
MED015,Prednisone 20mg,4232.996701226892,2025-10-07,143
MED015,Prednisone 20mg,4232.996701226892,2025-10-08,153
MED015,Prednisone 20mg,4232.996701226892,2025-10-09,76
MED015,Prednisone 20mg,4232.996701226892,2025-10-10,150
MED015,Prednisone 20mg,4232.996701226892,2025-10-11,128
MED015,Prednisone 20mg,4232.996701226892,2025-10-12,106
MED015,Prednisone 20mg,4232.996701226892,2025-10-13,100
MED015,Prednisone 20mg,4232.996701226892,2025-10-14,95
MED015,Prednisone 20mg,4232.996701226892,2025-10-15,144
MED015,Prednisone 20mg,4232.996701226892,2025-10-16,118
MED015,Prednisone 20mg,4232.996701226892,2025-10-17,140
MED015,Prednisone 20mg,4232.996701226892,2025-10-18,106
MED015,Prednisone 20mg,4232.996701226892,2025-10-19,82
MED015,Prednisone 20mg,4232.996701226892,2025-10-20,59
MED015,Prednisone 20mg,4232.996701226892,2025-10-21,23
MED015,Prednisone 20mg,4232.996701226892,2025-10-22,112
MED015,Prednisone 20mg,4232.996701226892,2025-10-23,104
MED015,Prednisone 20mg,4232.996701226892,2025-10-24,102
MED015,Prednisone 20mg,4232.996701226892,2025-10-25,130
MED015,Prednisone 20mg,4232.996701226892,2025-10-26,127
MED015,Prednisone 20mg,4232.996701226892,2025-10-27,75
MED015,Prednisone 20mg,4232.996701226892,2025-10-28,125
MED015,Prednisone 20mg,4232.996701226892,2025-10-29,89
MED015,Prednisone 20mg,4232.996701226892,2025-10-30,114
MED015,Prednisone 20mg,4232.996701226892,2025-10-31,91
MED015,Prednisone 20mg,4232.996701226892,2025-11-01,96
MED015,Prednisone 20mg,4232.996701226892,2025-11-02,30
MED015,Prednisone 20mg,4232.996701226892,2025-11-03,67
MED015,Prednisone 20mg,4232.996701226892,2025-11-04,68
MED015,Prednisone 20mg,4232.996701226892,2025-11-05,92
MED015,Prednisone 20mg,4232.996701226892,2025-11-06,91
MED015,Prednisone 20mg,4232.996701226892,2025-11-07,92
MED015,Prednisone 20mg,4232.996701226892,2025-11-08,107
MED015,Prednisone 20mg,4232.996701226892,2025-11-09,61
MED015,Prednisone 20mg,4232.996701226892,2025-11-10,40
MED015,Prednisone 20mg,4232.996701226892,2025-11-11,69
MED015,Prednisone 20mg,4232.996701226892,2025-11-12,45
MED015,Prednisone 20mg,4232.996701226892,2025-11-13,70
MED015,Prednisone 20mg,4232.996701226892,2025-11-14,64
MED015,Prednisone 20mg,4232.996701226892,2025-11-15,60
MED015,Prednisone 20mg,4232.996701226892,2025-11-16,68
MED015,Prednisone 20mg,4232.996701226892,2025-11-17,91
MED015,Prednisone 20mg,4232.996701226892,2025-11-18,74
MED015,Prednisone 20mg,4232.996701226892,2025-11-19,33
MED015,Prednisone 20mg,4232.996701226892,2025-11-20,78
MED015,Prednisone 20mg,4232.996701226892,2025-11-21,76
MED015,Prednisone 20mg,4232.996701226892,2025-11-22,80
MED015,Prednisone 20mg,4232.996701226892,2025-11-23,58
MED015,Prednisone 20mg,4232.996701226892,2025-11-24,45
MED015,Prednisone 20mg,4232.996701226892,2025-11-25,43
MED015,Prednisone 20mg,4232.996701226892,2025-11-26,82
MED015,Prednisone 20mg,4232.996701226892,2025-11-27,81
MED015,Prednisone 20mg,4232.996701226892,2025-11-28,56
MED015,Prednisone 20mg,4232.996701226892,2025-11-29,104
MED015,Prednisone 20mg,4232.996701226892,2025-11-30,28
MED015,Prednisone 20mg,4232.996701226892,2025-12-01,87
MED015,Prednisone 20mg,4232.996701226892,2025-12-02,73
MED015,Prednisone 20mg,4232.996701226892,2025-12-03,74
MED015,Prednisone 20mg,4232.996701226892,2025-12-04,57
MED015,Prednisone 20mg,4232.996701226892,2025-12-05,65
MED015,Prednisone 20mg,4232.996701226892,2025-12-06,76
MED015,Prednisone 20mg,4232.996701226892,2025-12-07,87
MED015,Prednisone 20mg,4232.996701226892,2025-12-08,89
MED015,Prednisone 20mg,4232.996701226892,2025-12-09,61
MED015,Prednisone 20mg,4232.996701226892,2025-12-10,56
MED015,Prednisone 20mg,4232.996701226892,2025-12-11,87
MED015,Prednisone 20mg,4232.996701226892,2025-12-12,34
MED015,Prednisone 20mg,4232.996701226892,2025-12-13,44
MED015,Prednisone 20mg,4232.996701226892,2025-12-14,75
MED015,Prednisone 20mg,4232.996701226892,2025-12-15,102
MED015,Prednisone 20mg,4232.996701226892,2025-12-16,71
MED015,Prednisone 20mg,4232.996701226892,2025-12-17,31
MED015,Prednisone 20mg,4232.996701226892,2025-12-18,87
MED015,Prednisone 20mg,4232.996701226892,2025-12-19,69
MED015,Prednisone 20mg,4232.996701226892,2025-12-20,60
MED015,Prednisone 20mg,4232.996701226892,2025-12-21,51
MED015,Prednisone 20mg,4232.996701226892,2025-12-22,64
MED015,Prednisone 20mg,4232.996701226892,2025-12-23,76
MED015,Prednisone 20mg,4232.996701226892,2025-12-24,55
MED015,Prednisone 20mg,4232.996701226892,2025-12-25,34
MED015,Prednisone 20mg,4232.996701226892,2025-12-26,78
MED015,Prednisone 20mg,4232.996701226892,2025-12-27,87
MED015,Prednisone 20mg,4232.996701226892,2025-12-28,26
MED015,Prednisone 20mg,4232.996701226892,2025-12-29,67
MED015,Prednisone 20mg,4232.996701226892,2025-12-30,86
MED015,Prednisone 20mg,4232.996701226892,2025-12-31,42
MED015,Prednisone 20mg,4232.996701226892,2026-01-01,45
MED015,Prednisone 20mg,4232.996701226892,2026-01-02,83
MED015,Prednisone 20mg,4232.996701226892,2026-01-03,66
MED015,Prednisone 20mg,4232.996701226892,2026-01-04,54
MED015,Prednisone 20mg,4232.996701226892,2026-01-05,88
MED015,Prednisone 20mg,4232.996701226892,2026-01-06,58
MED015,Prednisone 20mg,4232.996701226892,2026-01-07,61
MED015,Prednisone 20mg,4232.996701226892,2026-01-08,55
MED015,Prednisone 20mg,4232.996701226892,2026-01-09,46
MED015,Prednisone 20mg,4232.996701226892,2026-01-10,70
MED015,Prednisone 20mg,4232.996701226892,2026-01-11,63
MED015,Prednisone 20mg,4232.996701226892,2026-01-12,61
MED015,Prednisone 20mg,4232.996701226892,2026-01-13,81
MED015,Prednisone 20mg,4232.996701226892,2026-01-14,31
MED015,Prednisone 20mg,4232.996701226892,2026-01-15,66
MED015,Prednisone 20mg,4232.996701226892,2026-01-16,39
MED015,Prednisone 20mg,4232.996701226892,2026-01-17,66
MED015,Prednisone 20mg,4232.996701226892,2026-01-18,45
MED015,Prednisone 20mg,4232.996701226892,2026-01-19,68
MED015,Prednisone 20mg,4232.996701226892,2026-01-20,77
MED015,Prednisone 20mg,4232.996701226892,2026-01-21,47
MED015,Prednisone 20mg,4232.996701226892,2026-01-22,49
MED015,Prednisone 20mg,4232.996701226892,2026-01-23,55
MED015,Prednisone 20mg,4232.996701226892,2026-01-24,98
MED015,Prednisone 20mg,4232.996701226892,2026-01-25,75
MED015,Prednisone 20mg,4232.996701226892,2026-01-26,65
MED015,Prednisone 20mg,4232.996701226892,2026-01-27,62
MED015,Prednisone 20mg,4232.996701226892,2026-01-28,46
MED015,Prednisone 20mg,4232.996701226892,2026-01-29,77
MED015,Prednisone 20mg,4232.996701226892,2026-01-30,77
MED015,Prednisone 20mg,4232.996701226892,2026-01-31,104
MED015,Prednisone 20mg,4232.996701226892,2026-02-01,47
MED015,Prednisone 20mg,4232.996701226892,2026-02-02,58
MED015,Prednisone 20mg,4232.996701226892,2026-02-03,59
MED015,Prednisone 20mg,4232.996701226892,2026-02-04,54
MED015,Prednisone 20mg,4232.996701226892,2026-02-05,71
MED015,Prednisone 20mg,4232.996701226892,2026-02-06,67
MED015,Prednisone 20mg,4232.996701226892,2026-02-07,73
MED015,Prednisone 20mg,4232.996701226892,2026-02-08,85
MED015,Prednisone 20mg,4232.996701226892,2026-02-09,74
MED015,Prednisone 20mg,4232.996701226892,2026-02-10,74
MED015,Prednisone 20mg,4232.996701226892,2026-02-11,52
MED015,Prednisone 20mg,4232.996701226892,2026-02-12,97
MED015,Prednisone 20mg,4232.996701226892,2026-02-13,57
MED015,Prednisone 20mg,4232.996701226892,2026-02-14,82
MED015,Prednisone 20mg,4232.996701226892,2026-02-15,39
MED015,Prednisone 20mg,4232.996701226892,2026-02-16,69
MED015,Prednisone 20mg,4232.996701226892,2026-02-17,67
MED015,Prednisone 20mg,4232.996701226892,2026-02-18,64
MED015,Prednisone 20mg,4232.996701226892,2026-02-19,75
MED015,Prednisone 20mg,4232.996701226892,2026-02-20,93
MED015,Prednisone 20mg,4232.996701226892,2026-02-21,104
MED015,Prednisone 20mg,4232.996701226892,2026-02-22,68
MED015,Prednisone 20mg,4232.996701226892,2026-02-23,41
MED015,Prednisone 20mg,4232.996701226892,2026-02-24,54
MED015,Prednisone 20mg,4232.996701226892,2026-02-25,67
MED015,Prednisone 20mg,4232.996701226892,2026-02-26,27
MED015,Prednisone 20mg,4232.996701226892,2026-02-27,71
MED015,Prednisone 20mg,4232.996701226892,2026-02-28,86
MED015,Prednisone 20mg,4232.996701226892,2026-03-01,69
MED015,Prednisone 20mg,4232.996701226892,2026-03-02,58
MED015,Prednisone 20mg,4232.996701226892,2026-03-03,50
MED015,Prednisone 20mg,4232.996701226892,2026-03-04,49
MED015,Prednisone 20mg,4232.996701226892,2026-03-05,108
MED015,Prednisone 20mg,4232.996701226892,2026-03-06,74
MED015,Prednisone 20mg,4232.996701226892,2026-03-07,57
MED015,Prednisone 20mg,4232.996701226892,2026-03-08,64
MED015,Prednisone 20mg,4232.996701226892,2026-03-09,46
MED015,Prednisone 20mg,4232.996701226892,2026-03-10,67
MED015,Prednisone 20mg,4232.996701226892,2026-03-11,71
MED015,Prednisone 20mg,4232.996701226892,2026-03-12,39
MED015,Prednisone 20mg,4232.996701226892,2026-03-13,79
MED015,Prednisone 20mg,4232.996701226892,2026-03-14,86
MED015,Prednisone 20mg,4232.996701226892,2026-03-15,62
MED015,Prednisone 20mg,4232.996701226892,2026-03-16,72
MED015,Prednisone 20mg,4232.996701226892,2026-03-17,82
MED015,Prednisone 20mg,4232.996701226892,2026-03-18,40
MED015,Prednisone 20mg,4232.996701226892,2026-03-19,74
MED015,Prednisone 20mg,4232.996701226892,2026-03-20,46
MED015,Prednisone 20mg,4232.996701226892,2026-03-21,65
MED015,Prednisone 20mg,4232.996701226892,2026-03-22,73
MED015,Prednisone 20mg,4232.996701226892,2026-03-23,72
MED015,Prednisone 20mg,4232.996701226892,2026-03-24,38
MED015,Prednisone 20mg,4232.996701226892,2026-03-25,55
MED015,Prednisone 20mg,4232.996701226892,2026-03-26,79
MED015,Prednisone 20mg,4232.996701226892,2026-03-27,66
MED015,Prednisone 20mg,4232.996701226892,2026-03-28,51
MED015,Prednisone 20mg,4232.996701226892,2026-03-29,69
MED015,Prednisone 20mg,4232.996701226892,2026-03-30,97
MED015,Prednisone 20mg,4232.996701226892,2026-03-31,81
MED015,Prednisone 20mg,4232.996701226892,2026-04-01,33
MED015,Prednisone 20mg,4232.996701226892,2026-04-02,77
MED015,Prednisone 20mg,4232.996701226892,2026-04-03,58
MED015,Prednisone 20mg,4232.996701226892,2026-04-04,84
MED015,Prednisone 20mg,4232.996701226892,2026-04-05,85
MED015,Prednisone 20mg,4232.996701226892,2026-04-06,21
MED015,Prednisone 20mg,4232.996701226892,2026-04-07,66
MED015,Prednisone 20mg,4232.996701226892,2026-04-08,40
MED015,Prednisone 20mg,4232.996701226892,2026-04-09,102
MED015,Prednisone 20mg,4232.996701226892,2026-04-10,59
MED015,Prednisone 20mg,4232.996701226892,2026-04-11,78
MED015,Prednisone 20mg,4232.996701226892,2026-04-12,68
MED015,Prednisone 20mg,4232.996701226892,2026-04-13,67
MED015,Prednisone 20mg,4232.996701226892,2026-04-14,73
MED015,Prednisone 20mg,4232.996701226892,2026-04-15,51
MED015,Prednisone 20mg,4232.996701226892,2026-04-16,67
MED015,Prednisone 20mg,4232.996701226892,2026-04-17,47
MED015,Prednisone 20mg,4232.996701226892,2026-04-18,79
MED015,Prednisone 20mg,4232.996701226892,2026-04-19,53
MED015,Prednisone 20mg,4232.996701226892,2026-04-20,105
MED015,Prednisone 20mg,4232.996701226892,2026-04-21,54
MED015,Prednisone 20mg,4232.996701226892,2026-04-22,71
MED015,Prednisone 20mg,4232.996701226892,2026-04-23,72
MED015,Prednisone 20mg,4232.996701226892,2026-04-24,64
MED015,Prednisone 20mg,4232.996701226892,2026-04-25,54
MED015,Prednisone 20mg,4232.996701226892,2026-04-26,68
MED015,Prednisone 20mg,4232.996701226892,2026-04-27,97
MED015,Prednisone 20mg,4232.996701226892,2026-04-28,50
MED015,Prednisone 20mg,4232.996701226892,2026-04-29,83
MED015,Prednisone 20mg,4232.996701226892,2026-04-30,52
MED015,Prednisone 20mg,4232.996701226892,2026-05-01,77
MED015,Prednisone 20mg,4232.996701226892,2026-05-02,129
MED015,Prednisone 20mg,4232.996701226892,2026-05-03,77
MED015,Prednisone 20mg,4232.996701226892,2026-05-04,66
MED015,Prednisone 20mg,4232.996701226892,2026-05-05,83
MED015,Prednisone 20mg,4232.996701226892,2026-05-06,104
MED015,Prednisone 20mg,4232.996701226892,2026-05-07,72
MED015,Prednisone 20mg,4232.996701226892,2026-05-08,55
MED015,Prednisone 20mg,4232.996701226892,2026-05-09,56
MED015,Prednisone 20mg,4232.996701226892,2026-05-10,42
MED015,Prednisone 20mg,4232.996701226892,2026-05-11,90
MED015,Prednisone 20mg,4232.996701226892,2026-05-12,91
MED015,Prednisone 20mg,4232.996701226892,2026-05-13,36
MED015,Prednisone 20mg,4232.996701226892,2026-05-14,88
MED015,Prednisone 20mg,4232.996701226892,2026-05-15,74
MED015,Prednisone 20mg,4232.996701226892,2026-05-16,80
MED015,Prednisone 20mg,4232.996701226892,2026-05-17,76
MED015,Prednisone 20mg,4232.996701226892,2026-05-18,63
MED015,Prednisone 20mg,4232.996701226892,2026-05-19,82
MED015,Prednisone 20mg,4232.996701226892,2026-05-20,64
MED015,Prednisone 20mg,4232.996701226892,2026-05-21,67
MED015,Prednisone 20mg,4232.996701226892,2026-05-22,33
MED015,Prednisone 20mg,4232.996701226892,2026-05-23,73
MED015,Prednisone 20mg,4232.996701226892,2026-05-24,34
MED015,Prednisone 20mg,4232.996701226892,2026-05-25,50
MED015,Prednisone 20mg,4232.996701226892,2026-05-26,88
MED015,Prednisone 20mg,4232.996701226892,2026-05-27,41
MED015,Prednisone 20mg,4232.996701226892,2026-05-28,70
MED015,Prednisone 20mg,4232.996701226892,2026-05-29,73
MED015,Prednisone 20mg,4232.996701226892,2026-05-30,86
MED015,Prednisone 20mg,4232.996701226892,2026-05-31,64
MED015,Prednisone 20mg,4232.996701226892,2026-06-01,89
MED015,Prednisone 20mg,4232.996701226892,2026-06-02,91
MED015,Prednisone 20mg,4232.996701226892,2026-06-03,114
MED015,Prednisone 20mg,4232.996701226892,2026-06-04,83
MED015,Prednisone 20mg,4232.996701226892,2026-06-05,84
MED015,Prednisone 20mg,4232.996701226892,2026-06-06,69
MED015,Prednisone 20mg,4232.996701226892,2026-06-07,117
MED015,Prednisone 20mg,4232.996701226892,2026-06-08,105
MED015,Prednisone 20mg,4232.996701226892,2026-06-09,59
MED015,Prednisone 20mg,4232.996701226892,2026-06-10,84
MED015,Prednisone 20mg,4232.996701226892,2026-06-11,110
MED015,Prednisone 20mg,4232.996701226892,2026-06-12,138
MED015,Prednisone 20mg,4232.996701226892,2026-06-13,109
MED015,Prednisone 20mg,4232.996701226892,2026-06-14,72
MED015,Prednisone 20mg,4232.996701226892,2026-06-15,89
MED015,Prednisone 20mg,4232.996701226892,2026-06-16,77
MED015,Prednisone 20mg,4232.996701226892,2026-06-17,109
MED015,Prednisone 20mg,4232.996701226892,2026-06-18,105
MED015,Prednisone 20mg,4232.996701226892,2026-06-19,62
MED015,Prednisone 20mg,4232.996701226892,2026-06-20,118
MED015,Prednisone 20mg,4232.996701226892,2026-06-21,104
MED015,Prednisone 20mg,4232.996701226892,2026-06-22,109
MED015,Prednisone 20mg,4232.996701226892,2026-06-23,75
MED015,Prednisone 20mg,4232.996701226892,2026-06-24,89
MED015,Prednisone 20mg,4232.996701226892,2026-06-25,85
MED015,Prednisone 20mg,4232.996701226892,2026-06-26,95
MED015,Prednisone 20mg,4232.996701226892,2026-06-27,107
MED015,Prednisone 20mg,4232.996701226892,2026-06-28,134
MED015,Prednisone 20mg,4232.996701226892,2026-06-29,73
MED015,Prednisone 20mg,4232.996701226892,2026-06-30,129
MED015,Prednisone 20mg,4232.996701226892,2026-07-01,82
MED015,Prednisone 20mg,4232.996701226892,2026-07-02,111
MED015,Prednisone 20mg,4232.996701226892,2026-07-03,102
MED015,Prednisone 20mg,4232.996701226892,2026-07-04,101
MED015,Prednisone 20mg,4232.996701226892,2026-07-05,124
MED015,Prednisone 20mg,4232.996701226892,2026-07-06,75
MED015,Prednisone 20mg,4232.996701226892,2026-07-07,88
MED015,Prednisone 20mg,4232.996701226892,2026-07-08,109
MED015,Prednisone 20mg,4232.996701226892,2026-07-09,76
MED015,Prednisone 20mg,4232.996701226892,2026-07-10,125
MED015,Prednisone 20mg,4232.996701226892,2026-07-11,61
MED015,Prednisone 20mg,4232.996701226892,2026-07-12,68
MED015,Prednisone 20mg,4232.996701226892,2026-07-13,103
MED015,Prednisone 20mg,4232.996701226892,2026-07-14,83
MED015,Prednisone 20mg,4232.996701226892,2026-07-15,73
MED015,Prednisone 20mg,4232.996701226892,2026-07-16,99
MED015,Prednisone 20mg,4232.996701226892,2026-07-17,119
MED015,Prednisone 20mg,4232.996701226892,2026-07-18,197
MED015,Prednisone 20mg,4232.996701226892,2026-07-19,21
MED015,Prednisone 20mg,4232.996701226892,2026-07-20,119
MED015,Prednisone 20mg,4232.996701226892,2026-07-21,118
MED015,Prednisone 20mg,4232.996701226892,2026-07-22,69
MED015,Prednisone 20mg,4232.996701226892,2026-07-23,79
MED015,Prednisone 20mg,4232.996701226892,2026-07-24,130
MED015,Prednisone 20mg,4232.996701226892,2026-07-25,119
MED015,Prednisone 20mg,4232.996701226892,2026-07-26,98
MED015,Prednisone 20mg,4232.996701226892,2026-07-27,68
MED015,Prednisone 20mg,4232.996701226892,2026-07-28,128
MED015,Prednisone 20mg,4232.996701226892,2026-07-29,129
MED015,Prednisone 20mg,4232.996701226892,2026-07-30,161
MED015,Prednisone 20mg,4232.996701226892,2026-07-31,87
MED015,Prednisone 20mg,4232.996701226892,2026-08-01,80
MED015,Prednisone 20mg,4232.996701226892,2026-08-02,83
MED015,Prednisone 20mg,4232.996701226892,2026-08-03,87
MED015,Prednisone 20mg,4232.996701226892,2026-08-04,92
MED015,Prednisone 20mg,4232.996701226892,2026-08-05,105
MED015,Prednisone 20mg,4232.996701226892,2026-08-06,167
MED015,Prednisone 20mg,4232.996701226892,2026-08-07,90
MED015,Prednisone 20mg,4232.996701226892,2026-08-08,101
MED015,Prednisone 20mg,4232.996701226892,2026-08-09,113
MED015,Prednisone 20mg,4232.996701226892,2026-08-10,109
MED015,Prednisone 20mg,4232.996701226892,2026-08-11,120
MED015,Prednisone 20mg,4232.996701226892,2026-08-12,147
MED015,Prednisone 20mg,4232.996701226892,2026-08-13,140
MED015,Prednisone 20mg,4232.996701226892,2026-08-14,117
MED015,Prednisone 20mg,4232.996701226892,2026-08-15,123
MED015,Prednisone 20mg,4232.996701226892,2026-08-16,111
MED015,Prednisone 20mg,4232.996701226892,2026-08-17,83
MED015,Prednisone 20mg,4232.996701226892,2026-08-18,114
MED016,Métronidazole 500mg,2336.9231682273867,2025-08-19,55
MED016,Métronidazole 500mg,2336.9231682273867,2025-08-20,68
MED016,Métronidazole 500mg,2336.9231682273867,2025-08-21,91
MED016,Métronidazole 500mg,2336.9231682273867,2025-08-22,69
MED016,Métronidazole 500mg,2336.9231682273867,2025-08-23,136
MED016,Métronidazole 500mg,2336.9231682273867,2025-08-24,40
MED016,Métronidazole 500mg,2336.9231682273867,2025-08-25,38
MED016,Métronidazole 500mg,2336.9231682273867,2025-08-26,58
MED016,Métronidazole 500mg,2336.9231682273867,2025-08-27,76
MED016,Métronidazole 500mg,2336.9231682273867,2025-08-28,121
MED016,Métronidazole 500mg,2336.9231682273867,2025-08-29,99
MED016,Métronidazole 500mg,2336.9231682273867,2025-08-30,82
MED016,Métronidazole 500mg,2336.9231682273867,2025-08-31,118
MED016,Métronidazole 500mg,2336.9231682273867,2025-09-01,68
MED016,Métronidazole 500mg,2336.9231682273867,2025-09-02,113
MED016,Métronidazole 500mg,2336.9231682273867,2025-09-03,37
MED016,Métronidazole 500mg,2336.9231682273867,2025-09-04,76
MED016,Métronidazole 500mg,2336.9231682273867,2025-09-05,81
MED016,Métronidazole 500mg,2336.9231682273867,2025-09-06,58
MED016,Métronidazole 500mg,2336.9231682273867,2025-09-07,100
MED016,Métronidazole 500mg,2336.9231682273867,2025-09-08,72
MED016,Métronidazole 500mg,2336.9231682273867,2025-09-09,118
MED016,Métronidazole 500mg,2336.9231682273867,2025-09-10,79
MED016,Métronidazole 500mg,2336.9231682273867,2025-09-11,78
MED016,Métronidazole 500mg,2336.9231682273867,2025-09-12,95
MED016,Métronidazole 500mg,2336.9231682273867,2025-09-13,154
MED016,Métronidazole 500mg,2336.9231682273867,2025-09-14,115
MED016,Métronidazole 500mg,2336.9231682273867,2025-09-15,114
MED016,Métronidazole 500mg,2336.9231682273867,2025-09-16,34
MED016,Métronidazole 500mg,2336.9231682273867,2025-09-17,55
MED016,Métronidazole 500mg,2336.9231682273867,2025-09-18,101
MED016,Métronidazole 500mg,2336.9231682273867,2025-09-19,117
MED016,Métronidazole 500mg,2336.9231682273867,2025-09-20,53
MED016,Métronidazole 500mg,2336.9231682273867,2025-09-21,87
MED016,Métronidazole 500mg,2336.9231682273867,2025-09-22,69
MED016,Métronidazole 500mg,2336.9231682273867,2025-09-23,72
MED016,Métronidazole 500mg,2336.9231682273867,2025-09-24,79
MED016,Métronidazole 500mg,2336.9231682273867,2025-09-25,132
MED016,Métronidazole 500mg,2336.9231682273867,2025-09-26,65
MED016,Métronidazole 500mg,2336.9231682273867,2025-09-27,84
MED016,Métronidazole 500mg,2336.9231682273867,2025-09-28,137
MED016,Métronidazole 500mg,2336.9231682273867,2025-09-29,39
MED016,Métronidazole 500mg,2336.9231682273867,2025-09-30,96
MED016,Métronidazole 500mg,2336.9231682273867,2025-10-01,76
MED016,Métronidazole 500mg,2336.9231682273867,2025-10-02,132
MED016,Métronidazole 500mg,2336.9231682273867,2025-10-03,111
MED016,Métronidazole 500mg,2336.9231682273867,2025-10-04,140
MED016,Métronidazole 500mg,2336.9231682273867,2025-10-05,87
MED016,Métronidazole 500mg,2336.9231682273867,2025-10-06,45
MED016,Métronidazole 500mg,2336.9231682273867,2025-10-07,75
MED016,Métronidazole 500mg,2336.9231682273867,2025-10-08,58
MED016,Métronidazole 500mg,2336.9231682273867,2025-10-09,94
MED016,Métronidazole 500mg,2336.9231682273867,2025-10-10,68
MED016,Métronidazole 500mg,2336.9231682273867,2025-10-11,102
MED016,Métronidazole 500mg,2336.9231682273867,2025-10-12,66
MED016,Métronidazole 500mg,2336.9231682273867,2025-10-13,53
MED016,Métronidazole 500mg,2336.9231682273867,2025-10-14,49
MED016,Métronidazole 500mg,2336.9231682273867,2025-10-15,68
MED016,Métronidazole 500mg,2336.9231682273867,2025-10-16,88
MED016,Métronidazole 500mg,2336.9231682273867,2025-10-17,104
MED016,Métronidazole 500mg,2336.9231682273867,2025-10-18,84
MED016,Métronidazole 500mg,2336.9231682273867,2025-10-19,32
MED016,Métronidazole 500mg,2336.9231682273867,2025-10-20,54
MED016,Métronidazole 500mg,2336.9231682273867,2025-10-21,70
MED016,Métronidazole 500mg,2336.9231682273867,2025-10-22,129
MED016,Métronidazole 500mg,2336.9231682273867,2025-10-23,62
MED016,Métronidazole 500mg,2336.9231682273867,2025-10-24,57
MED016,Métronidazole 500mg,2336.9231682273867,2025-10-25,88
MED016,Métronidazole 500mg,2336.9231682273867,2025-10-26,58
MED016,Métronidazole 500mg,2336.9231682273867,2025-10-27,107
MED016,Métronidazole 500mg,2336.9231682273867,2025-10-28,73
MED016,Métronidazole 500mg,2336.9231682273867,2025-10-29,94
MED016,Métronidazole 500mg,2336.9231682273867,2025-10-30,67
MED016,Métronidazole 500mg,2336.9231682273867,2025-10-31,96
MED016,Métronidazole 500mg,2336.9231682273867,2025-11-01,94
MED016,Métronidazole 500mg,2336.9231682273867,2025-11-02,37
MED016,Métronidazole 500mg,2336.9231682273867,2025-11-03,59
MED016,Métronidazole 500mg,2336.9231682273867,2025-11-04,37
MED016,Métronidazole 500mg,2336.9231682273867,2025-11-05,49
MED016,Métronidazole 500mg,2336.9231682273867,2025-11-06,61
MED016,Métronidazole 500mg,2336.9231682273867,2025-11-07,44
MED016,Métronidazole 500mg,2336.9231682273867,2025-11-08,83
MED016,Métronidazole 500mg,2336.9231682273867,2025-11-09,56
MED016,Métronidazole 500mg,2336.9231682273867,2025-11-10,76
MED016,Métronidazole 500mg,2336.9231682273867,2025-11-11,65
MED016,Métronidazole 500mg,2336.9231682273867,2025-11-12,43
MED016,Métronidazole 500mg,2336.9231682273867,2025-11-13,81
MED016,Métronidazole 500mg,2336.9231682273867,2025-11-14,49
MED016,Métronidazole 500mg,2336.9231682273867,2025-11-15,57
MED016,Métronidazole 500mg,2336.9231682273867,2025-11-16,65
MED016,Métronidazole 500mg,2336.9231682273867,2025-11-17,68
MED016,Métronidazole 500mg,2336.9231682273867,2025-11-18,77
MED016,Métronidazole 500mg,2336.9231682273867,2025-11-19,31
MED016,Métronidazole 500mg,2336.9231682273867,2025-11-20,52
MED016,Métronidazole 500mg,2336.9231682273867,2025-11-21,39
MED016,Métronidazole 500mg,2336.9231682273867,2025-11-22,47
MED016,Métronidazole 500mg,2336.9231682273867,2025-11-23,49
MED016,Métronidazole 500mg,2336.9231682273867,2025-11-24,59
MED016,Métronidazole 500mg,2336.9231682273867,2025-11-25,56
MED016,Métronidazole 500mg,2336.9231682273867,2025-11-26,47
MED016,Métronidazole 500mg,2336.9231682273867,2025-11-27,39
MED016,Métronidazole 500mg,2336.9231682273867,2025-11-28,63
MED016,Métronidazole 500mg,2336.9231682273867,2025-11-29,50
MED016,Métronidazole 500mg,2336.9231682273867,2025-11-30,63
MED016,Métronidazole 500mg,2336.9231682273867,2025-12-01,50
MED016,Métronidazole 500mg,2336.9231682273867,2025-12-02,58
MED016,Métronidazole 500mg,2336.9231682273867,2025-12-03,73
MED016,Métronidazole 500mg,2336.9231682273867,2025-12-04,64
MED016,Métronidazole 500mg,2336.9231682273867,2025-12-05,50
MED016,Métronidazole 500mg,2336.9231682273867,2025-12-06,69
MED016,Métronidazole 500mg,2336.9231682273867,2025-12-07,61
MED016,Métronidazole 500mg,2336.9231682273867,2025-12-08,69
MED016,Métronidazole 500mg,2336.9231682273867,2025-12-09,61
MED016,Métronidazole 500mg,2336.9231682273867,2025-12-10,78
MED016,Métronidazole 500mg,2336.9231682273867,2025-12-11,59
MED016,Métronidazole 500mg,2336.9231682273867,2025-12-12,111
MED016,Métronidazole 500mg,2336.9231682273867,2025-12-13,65
MED016,Métronidazole 500mg,2336.9231682273867,2025-12-14,61
MED016,Métronidazole 500mg,2336.9231682273867,2025-12-15,93
MED016,Métronidazole 500mg,2336.9231682273867,2025-12-16,60
MED016,Métronidazole 500mg,2336.9231682273867,2025-12-17,23
MED016,Métronidazole 500mg,2336.9231682273867,2025-12-18,47
MED016,Métronidazole 500mg,2336.9231682273867,2025-12-19,85
MED016,Métronidazole 500mg,2336.9231682273867,2025-12-20,72
MED016,Métronidazole 500mg,2336.9231682273867,2025-12-21,103
MED016,Métronidazole 500mg,2336.9231682273867,2025-12-22,90
MED016,Métronidazole 500mg,2336.9231682273867,2025-12-23,59
MED016,Métronidazole 500mg,2336.9231682273867,2025-12-24,51
MED016,Métronidazole 500mg,2336.9231682273867,2025-12-25,65
MED016,Métronidazole 500mg,2336.9231682273867,2025-12-26,47
MED016,Métronidazole 500mg,2336.9231682273867,2025-12-27,43
MED016,Métronidazole 500mg,2336.9231682273867,2025-12-28,85
MED016,Métronidazole 500mg,2336.9231682273867,2025-12-29,53
MED016,Métronidazole 500mg,2336.9231682273867,2025-12-30,42
MED016,Métronidazole 500mg,2336.9231682273867,2025-12-31,75
MED016,Métronidazole 500mg,2336.9231682273867,2026-01-01,43
MED016,Métronidazole 500mg,2336.9231682273867,2026-01-02,49
MED016,Métronidazole 500mg,2336.9231682273867,2026-01-03,72
MED016,Métronidazole 500mg,2336.9231682273867,2026-01-04,56
MED016,Métronidazole 500mg,2336.9231682273867,2026-01-05,92
MED016,Métronidazole 500mg,2336.9231682273867,2026-01-06,33
MED016,Métronidazole 500mg,2336.9231682273867,2026-01-07,57
MED016,Métronidazole 500mg,2336.9231682273867,2026-01-08,73
MED016,Métronidazole 500mg,2336.9231682273867,2026-01-09,66
MED016,Métronidazole 500mg,2336.9231682273867,2026-01-10,69
MED016,Métronidazole 500mg,2336.9231682273867,2026-01-11,77
MED016,Métronidazole 500mg,2336.9231682273867,2026-01-12,58
MED016,Métronidazole 500mg,2336.9231682273867,2026-01-13,68
MED016,Métronidazole 500mg,2336.9231682273867,2026-01-14,19
MED016,Métronidazole 500mg,2336.9231682273867,2026-01-15,43
MED016,Métronidazole 500mg,2336.9231682273867,2026-01-16,49
MED016,Métronidazole 500mg,2336.9231682273867,2026-01-17,61
MED016,Métronidazole 500mg,2336.9231682273867,2026-01-18,36
MED016,Métronidazole 500mg,2336.9231682273867,2026-01-19,78
MED016,Métronidazole 500mg,2336.9231682273867,2026-01-20,77
MED016,Métronidazole 500mg,2336.9231682273867,2026-01-21,43
MED016,Métronidazole 500mg,2336.9231682273867,2026-01-22,30
MED016,Métronidazole 500mg,2336.9231682273867,2026-01-23,42
MED016,Métronidazole 500mg,2336.9231682273867,2026-01-24,100
MED016,Métronidazole 500mg,2336.9231682273867,2026-01-25,28
MED016,Métronidazole 500mg,2336.9231682273867,2026-01-26,52
MED016,Métronidazole 500mg,2336.9231682273867,2026-01-27,40
MED016,Métronidazole 500mg,2336.9231682273867,2026-01-28,65
MED016,Métronidazole 500mg,2336.9231682273867,2026-01-29,82
MED016,Métronidazole 500mg,2336.9231682273867,2026-01-30,63
MED016,Métronidazole 500mg,2336.9231682273867,2026-01-31,76
MED016,Métronidazole 500mg,2336.9231682273867,2026-02-01,68
MED016,Métronidazole 500mg,2336.9231682273867,2026-02-02,29
MED016,Métronidazole 500mg,2336.9231682273867,2026-02-03,71
MED016,Métronidazole 500mg,2336.9231682273867,2026-02-04,60
MED016,Métronidazole 500mg,2336.9231682273867,2026-02-05,69
MED016,Métronidazole 500mg,2336.9231682273867,2026-02-06,63
MED016,Métronidazole 500mg,2336.9231682273867,2026-02-07,79
MED016,Métronidazole 500mg,2336.9231682273867,2026-02-08,78
MED016,Métronidazole 500mg,2336.9231682273867,2026-02-09,58
MED016,Métronidazole 500mg,2336.9231682273867,2026-02-10,72
MED016,Métronidazole 500mg,2336.9231682273867,2026-02-11,59
MED016,Métronidazole 500mg,2336.9231682273867,2026-02-12,53
MED016,Métronidazole 500mg,2336.9231682273867,2026-02-13,82
MED016,Métronidazole 500mg,2336.9231682273867,2026-02-14,49
MED016,Métronidazole 500mg,2336.9231682273867,2026-02-15,74
MED016,Métronidazole 500mg,2336.9231682273867,2026-02-16,64
MED016,Métronidazole 500mg,2336.9231682273867,2026-02-17,74
MED016,Métronidazole 500mg,2336.9231682273867,2026-02-18,49
MED016,Métronidazole 500mg,2336.9231682273867,2026-02-19,73
MED016,Métronidazole 500mg,2336.9231682273867,2026-02-20,75
MED016,Métronidazole 500mg,2336.9231682273867,2026-02-21,67
MED016,Métronidazole 500mg,2336.9231682273867,2026-02-22,70
MED016,Métronidazole 500mg,2336.9231682273867,2026-02-23,59
MED016,Métronidazole 500mg,2336.9231682273867,2026-02-24,47
MED016,Métronidazole 500mg,2336.9231682273867,2026-02-25,70
MED016,Métronidazole 500mg,2336.9231682273867,2026-02-26,58
MED016,Métronidazole 500mg,2336.9231682273867,2026-02-27,38
MED016,Métronidazole 500mg,2336.9231682273867,2026-02-28,93
MED016,Métronidazole 500mg,2336.9231682273867,2026-03-01,69
MED016,Métronidazole 500mg,2336.9231682273867,2026-03-02,61
MED016,Métronidazole 500mg,2336.9231682273867,2026-03-03,61
MED016,Métronidazole 500mg,2336.9231682273867,2026-03-04,27
MED016,Métronidazole 500mg,2336.9231682273867,2026-03-05,40
MED016,Métronidazole 500mg,2336.9231682273867,2026-03-06,55
MED016,Métronidazole 500mg,2336.9231682273867,2026-03-07,86
MED016,Métronidazole 500mg,2336.9231682273867,2026-03-08,69
MED016,Métronidazole 500mg,2336.9231682273867,2026-03-09,62
MED016,Métronidazole 500mg,2336.9231682273867,2026-03-10,72
MED016,Métronidazole 500mg,2336.9231682273867,2026-03-11,71
MED016,Métronidazole 500mg,2336.9231682273867,2026-03-12,65
MED016,Métronidazole 500mg,2336.9231682273867,2026-03-13,29
MED016,Métronidazole 500mg,2336.9231682273867,2026-03-14,44
MED016,Métronidazole 500mg,2336.9231682273867,2026-03-15,51
MED016,Métronidazole 500mg,2336.9231682273867,2026-03-16,49
MED016,Métronidazole 500mg,2336.9231682273867,2026-03-17,77
MED016,Métronidazole 500mg,2336.9231682273867,2026-03-18,59
MED016,Métronidazole 500mg,2336.9231682273867,2026-03-19,62
MED016,Métronidazole 500mg,2336.9231682273867,2026-03-20,76
MED016,Métronidazole 500mg,2336.9231682273867,2026-03-21,58
MED016,Métronidazole 500mg,2336.9231682273867,2026-03-22,62
MED016,Métronidazole 500mg,2336.9231682273867,2026-03-23,54
MED016,Métronidazole 500mg,2336.9231682273867,2026-03-24,51
MED016,Métronidazole 500mg,2336.9231682273867,2026-03-25,58
MED016,Métronidazole 500mg,2336.9231682273867,2026-03-26,75
MED016,Métronidazole 500mg,2336.9231682273867,2026-03-27,85
MED016,Métronidazole 500mg,2336.9231682273867,2026-03-28,70
MED016,Métronidazole 500mg,2336.9231682273867,2026-03-29,67
MED016,Métronidazole 500mg,2336.9231682273867,2026-03-30,71
MED016,Métronidazole 500mg,2336.9231682273867,2026-03-31,64
MED016,Métronidazole 500mg,2336.9231682273867,2026-04-01,63
MED016,Métronidazole 500mg,2336.9231682273867,2026-04-02,59
MED016,Métronidazole 500mg,2336.9231682273867,2026-04-03,56
MED016,Métronidazole 500mg,2336.9231682273867,2026-04-04,94
MED016,Métronidazole 500mg,2336.9231682273867,2026-04-05,88
MED016,Métronidazole 500mg,2336.9231682273867,2026-04-06,79
MED016,Métronidazole 500mg,2336.9231682273867,2026-04-07,53
MED016,Métronidazole 500mg,2336.9231682273867,2026-04-08,70
MED016,Métronidazole 500mg,2336.9231682273867,2026-04-09,75
MED016,Métronidazole 500mg,2336.9231682273867,2026-04-10,37
MED016,Métronidazole 500mg,2336.9231682273867,2026-04-11,70
MED016,Métronidazole 500mg,2336.9231682273867,2026-04-12,52
MED016,Métronidazole 500mg,2336.9231682273867,2026-04-13,30
MED016,Métronidazole 500mg,2336.9231682273867,2026-04-14,61
MED016,Métronidazole 500mg,2336.9231682273867,2026-04-15,66
MED016,Métronidazole 500mg,2336.9231682273867,2026-04-16,53
MED016,Métronidazole 500mg,2336.9231682273867,2026-04-17,73
MED016,Métronidazole 500mg,2336.9231682273867,2026-04-18,33
MED016,Métronidazole 500mg,2336.9231682273867,2026-04-19,42
MED016,Métronidazole 500mg,2336.9231682273867,2026-04-20,70
MED016,Métronidazole 500mg,2336.9231682273867,2026-04-21,45
MED016,Métronidazole 500mg,2336.9231682273867,2026-04-22,55
MED016,Métronidazole 500mg,2336.9231682273867,2026-04-23,84
MED016,Métronidazole 500mg,2336.9231682273867,2026-04-24,94
MED016,Métronidazole 500mg,2336.9231682273867,2026-04-25,57
MED016,Métronidazole 500mg,2336.9231682273867,2026-04-26,79
MED016,Métronidazole 500mg,2336.9231682273867,2026-04-27,36
MED016,Métronidazole 500mg,2336.9231682273867,2026-04-28,56
MED016,Métronidazole 500mg,2336.9231682273867,2026-04-29,53
MED016,Métronidazole 500mg,2336.9231682273867,2026-04-30,42
MED016,Métronidazole 500mg,2336.9231682273867,2026-05-01,75
MED016,Métronidazole 500mg,2336.9231682273867,2026-05-02,76
MED016,Métronidazole 500mg,2336.9231682273867,2026-05-03,51
MED016,Métronidazole 500mg,2336.9231682273867,2026-05-04,64
MED016,Métronidazole 500mg,2336.9231682273867,2026-05-05,67
MED016,Métronidazole 500mg,2336.9231682273867,2026-05-06,54
MED016,Métronidazole 500mg,2336.9231682273867,2026-05-07,88
MED016,Métronidazole 500mg,2336.9231682273867,2026-05-08,40
MED016,Métronidazole 500mg,2336.9231682273867,2026-05-09,34
MED016,Métronidazole 500mg,2336.9231682273867,2026-05-10,39
MED016,Métronidazole 500mg,2336.9231682273867,2026-05-11,37
MED016,Métronidazole 500mg,2336.9231682273867,2026-05-12,23
MED016,Métronidazole 500mg,2336.9231682273867,2026-05-13,62
MED016,Métronidazole 500mg,2336.9231682273867,2026-05-14,72
MED016,Métronidazole 500mg,2336.9231682273867,2026-05-15,65
MED016,Métronidazole 500mg,2336.9231682273867,2026-05-16,85
MED016,Métronidazole 500mg,2336.9231682273867,2026-05-17,50
MED016,Métronidazole 500mg,2336.9231682273867,2026-05-18,86
MED016,Métronidazole 500mg,2336.9231682273867,2026-05-19,59
MED016,Métronidazole 500mg,2336.9231682273867,2026-05-20,51
MED016,Métronidazole 500mg,2336.9231682273867,2026-05-21,44
MED016,Métronidazole 500mg,2336.9231682273867,2026-05-22,55
MED016,Métronidazole 500mg,2336.9231682273867,2026-05-23,76
MED016,Métronidazole 500mg,2336.9231682273867,2026-05-24,38
MED016,Métronidazole 500mg,2336.9231682273867,2026-05-25,59
MED016,Métronidazole 500mg,2336.9231682273867,2026-05-26,41
MED016,Métronidazole 500mg,2336.9231682273867,2026-05-27,87
MED016,Métronidazole 500mg,2336.9231682273867,2026-05-28,63
MED016,Métronidazole 500mg,2336.9231682273867,2026-05-29,81
MED016,Métronidazole 500mg,2336.9231682273867,2026-05-30,56
MED016,Métronidazole 500mg,2336.9231682273867,2026-05-31,76
MED016,Métronidazole 500mg,2336.9231682273867,2026-06-01,109
MED016,Métronidazole 500mg,2336.9231682273867,2026-06-02,52
MED016,Métronidazole 500mg,2336.9231682273867,2026-06-03,110
MED016,Métronidazole 500mg,2336.9231682273867,2026-06-04,72
MED016,Métronidazole 500mg,2336.9231682273867,2026-06-05,49
MED016,Métronidazole 500mg,2336.9231682273867,2026-06-06,127
MED016,Métronidazole 500mg,2336.9231682273867,2026-06-07,128
MED016,Métronidazole 500mg,2336.9231682273867,2026-06-08,43
MED016,Métronidazole 500mg,2336.9231682273867,2026-06-09,84
MED016,Métronidazole 500mg,2336.9231682273867,2026-06-10,130
MED016,Métronidazole 500mg,2336.9231682273867,2026-06-11,110
MED016,Métronidazole 500mg,2336.9231682273867,2026-06-12,67
MED016,Métronidazole 500mg,2336.9231682273867,2026-06-13,59
MED016,Métronidazole 500mg,2336.9231682273867,2026-06-14,61
MED016,Métronidazole 500mg,2336.9231682273867,2026-06-15,63
MED016,Métronidazole 500mg,2336.9231682273867,2026-06-16,104
MED016,Métronidazole 500mg,2336.9231682273867,2026-06-17,57
MED016,Métronidazole 500mg,2336.9231682273867,2026-06-18,49
MED016,Métronidazole 500mg,2336.9231682273867,2026-06-19,117
MED016,Métronidazole 500mg,2336.9231682273867,2026-06-20,151
MED016,Métronidazole 500mg,2336.9231682273867,2026-06-21,85
MED016,Métronidazole 500mg,2336.9231682273867,2026-06-22,80
MED016,Métronidazole 500mg,2336.9231682273867,2026-06-23,44
MED016,Métronidazole 500mg,2336.9231682273867,2026-06-24,125
MED016,Métronidazole 500mg,2336.9231682273867,2026-06-25,61
MED016,Métronidazole 500mg,2336.9231682273867,2026-06-26,69
MED016,Métronidazole 500mg,2336.9231682273867,2026-06-27,127
MED016,Métronidazole 500mg,2336.9231682273867,2026-06-28,81
MED016,Métronidazole 500mg,2336.9231682273867,2026-06-29,75
MED016,Métronidazole 500mg,2336.9231682273867,2026-06-30,47
MED016,Métronidazole 500mg,2336.9231682273867,2026-07-01,74
MED016,Métronidazole 500mg,2336.9231682273867,2026-07-02,90
MED016,Métronidazole 500mg,2336.9231682273867,2026-07-03,69
MED016,Métronidazole 500mg,2336.9231682273867,2026-07-04,107
MED016,Métronidazole 500mg,2336.9231682273867,2026-07-05,69
MED016,Métronidazole 500mg,2336.9231682273867,2026-07-06,121
MED016,Métronidazole 500mg,2336.9231682273867,2026-07-07,69
MED016,Métronidazole 500mg,2336.9231682273867,2026-07-08,62
MED016,Métronidazole 500mg,2336.9231682273867,2026-07-09,60
MED016,Métronidazole 500mg,2336.9231682273867,2026-07-10,69
MED016,Métronidazole 500mg,2336.9231682273867,2026-07-11,66
MED016,Métronidazole 500mg,2336.9231682273867,2026-07-12,78
MED016,Métronidazole 500mg,2336.9231682273867,2026-07-13,55
MED016,Métronidazole 500mg,2336.9231682273867,2026-07-14,40
MED016,Métronidazole 500mg,2336.9231682273867,2026-07-15,68
MED016,Métronidazole 500mg,2336.9231682273867,2026-07-16,100
MED016,Métronidazole 500mg,2336.9231682273867,2026-07-17,84
MED016,Métronidazole 500mg,2336.9231682273867,2026-07-18,92
MED016,Métronidazole 500mg,2336.9231682273867,2026-07-19,103
MED016,Métronidazole 500mg,2336.9231682273867,2026-07-20,85
MED016,Métronidazole 500mg,2336.9231682273867,2026-07-21,101
MED016,Métronidazole 500mg,2336.9231682273867,2026-07-22,130
MED016,Métronidazole 500mg,2336.9231682273867,2026-07-23,92
MED016,Métronidazole 500mg,2336.9231682273867,2026-07-24,35
MED016,Métronidazole 500mg,2336.9231682273867,2026-07-25,63
MED016,Métronidazole 500mg,2336.9231682273867,2026-07-26,126
MED016,Métronidazole 500mg,2336.9231682273867,2026-07-27,83
MED016,Métronidazole 500mg,2336.9231682273867,2026-07-28,25
MED016,Métronidazole 500mg,2336.9231682273867,2026-07-29,59
MED016,Métronidazole 500mg,2336.9231682273867,2026-07-30,124
MED016,Métronidazole 500mg,2336.9231682273867,2026-07-31,110
MED016,Métronidazole 500mg,2336.9231682273867,2026-08-01,76
MED016,Métronidazole 500mg,2336.9231682273867,2026-08-02,114
MED016,Métronidazole 500mg,2336.9231682273867,2026-08-03,97
MED016,Métronidazole 500mg,2336.9231682273867,2026-08-04,46
MED016,Métronidazole 500mg,2336.9231682273867,2026-08-05,70
MED016,Métronidazole 500mg,2336.9231682273867,2026-08-06,83
MED016,Métronidazole 500mg,2336.9231682273867,2026-08-07,129
MED016,Métronidazole 500mg,2336.9231682273867,2026-08-08,115
MED016,Métronidazole 500mg,2336.9231682273867,2026-08-09,64
MED016,Métronidazole 500mg,2336.9231682273867,2026-08-10,96
MED016,Métronidazole 500mg,2336.9231682273867,2026-08-11,87
MED016,Métronidazole 500mg,2336.9231682273867,2026-08-12,91
MED016,Métronidazole 500mg,2336.9231682273867,2026-08-13,120
MED016,Métronidazole 500mg,2336.9231682273867,2026-08-14,48
MED016,Métronidazole 500mg,2336.9231682273867,2026-08-15,129
MED016,Métronidazole 500mg,2336.9231682273867,2026-08-16,80
MED016,Métronidazole 500mg,2336.9231682273867,2026-08-17,69
MED016,Métronidazole 500mg,2336.9231682273867,2026-08-18,54
MED017,Chlorphéniramine 4mg,4501.585505534615,2025-08-19,49
MED017,Chlorphéniramine 4mg,4501.585505534615,2025-08-20,53
MED017,Chlorphéniramine 4mg,4501.585505534615,2025-08-21,44
MED017,Chlorphéniramine 4mg,4501.585505534615,2025-08-22,79
MED017,Chlorphéniramine 4mg,4501.585505534615,2025-08-23,59
MED017,Chlorphéniramine 4mg,4501.585505534615,2025-08-24,46
MED017,Chlorphéniramine 4mg,4501.585505534615,2025-08-25,57
MED017,Chlorphéniramine 4mg,4501.585505534615,2025-08-26,86
MED017,Chlorphéniramine 4mg,4501.585505534615,2025-08-27,54
MED017,Chlorphéniramine 4mg,4501.585505534615,2025-08-28,59
MED017,Chlorphéniramine 4mg,4501.585505534615,2025-08-29,23
MED017,Chlorphéniramine 4mg,4501.585505534615,2025-08-30,64
MED017,Chlorphéniramine 4mg,4501.585505534615,2025-08-31,70
MED017,Chlorphéniramine 4mg,4501.585505534615,2025-09-01,40
MED017,Chlorphéniramine 4mg,4501.585505534615,2025-09-02,70
MED017,Chlorphéniramine 4mg,4501.585505534615,2025-09-03,57
MED017,Chlorphéniramine 4mg,4501.585505534615,2025-09-04,5
MED017,Chlorphéniramine 4mg,4501.585505534615,2025-09-05,47
MED017,Chlorphéniramine 4mg,4501.585505534615,2025-09-06,63
MED017,Chlorphéniramine 4mg,4501.585505534615,2025-09-07,54
MED017,Chlorphéniramine 4mg,4501.585505534615,2025-09-08,73
MED017,Chlorphéniramine 4mg,4501.585505534615,2025-09-09,52
MED017,Chlorphéniramine 4mg,4501.585505534615,2025-09-10,46
MED017,Chlorphéniramine 4mg,4501.585505534615,2025-09-11,50
MED017,Chlorphéniramine 4mg,4501.585505534615,2025-09-12,36
MED017,Chlorphéniramine 4mg,4501.585505534615,2025-09-13,57
MED017,Chlorphéniramine 4mg,4501.585505534615,2025-09-14,36
MED017,Chlorphéniramine 4mg,4501.585505534615,2025-09-15,43
MED017,Chlorphéniramine 4mg,4501.585505534615,2025-09-16,25
MED017,Chlorphéniramine 4mg,4501.585505534615,2025-09-17,64
MED017,Chlorphéniramine 4mg,4501.585505534615,2025-09-18,30
MED017,Chlorphéniramine 4mg,4501.585505534615,2025-09-19,60
MED017,Chlorphéniramine 4mg,4501.585505534615,2025-09-20,57
MED017,Chlorphéniramine 4mg,4501.585505534615,2025-09-21,58
MED017,Chlorphéniramine 4mg,4501.585505534615,2025-09-22,22
MED017,Chlorphéniramine 4mg,4501.585505534615,2025-09-23,84
MED017,Chlorphéniramine 4mg,4501.585505534615,2025-09-24,68
MED017,Chlorphéniramine 4mg,4501.585505534615,2025-09-25,48
MED017,Chlorphéniramine 4mg,4501.585505534615,2025-09-26,57
MED017,Chlorphéniramine 4mg,4501.585505534615,2025-09-27,87
MED017,Chlorphéniramine 4mg,4501.585505534615,2025-09-28,49
MED017,Chlorphéniramine 4mg,4501.585505534615,2025-09-29,61
MED017,Chlorphéniramine 4mg,4501.585505534615,2025-09-30,85
MED017,Chlorphéniramine 4mg,4501.585505534615,2025-10-01,32
MED017,Chlorphéniramine 4mg,4501.585505534615,2025-10-02,56
MED017,Chlorphéniramine 4mg,4501.585505534615,2025-10-03,58
MED017,Chlorphéniramine 4mg,4501.585505534615,2025-10-04,32
MED017,Chlorphéniramine 4mg,4501.585505534615,2025-10-05,40
MED017,Chlorphéniramine 4mg,4501.585505534615,2025-10-06,30
MED017,Chlorphéniramine 4mg,4501.585505534615,2025-10-07,44
MED017,Chlorphéniramine 4mg,4501.585505534615,2025-10-08,52
MED017,Chlorphéniramine 4mg,4501.585505534615,2025-10-09,66
MED017,Chlorphéniramine 4mg,4501.585505534615,2025-10-10,50
MED017,Chlorphéniramine 4mg,4501.585505534615,2025-10-11,67
MED017,Chlorphéniramine 4mg,4501.585505534615,2025-10-12,75
MED017,Chlorphéniramine 4mg,4501.585505534615,2025-10-13,42
MED017,Chlorphéniramine 4mg,4501.585505534615,2025-10-14,55
MED017,Chlorphéniramine 4mg,4501.585505534615,2025-10-15,52
MED017,Chlorphéniramine 4mg,4501.585505534615,2025-10-16,60
MED017,Chlorphéniramine 4mg,4501.585505534615,2025-10-17,58
MED017,Chlorphéniramine 4mg,4501.585505534615,2025-10-18,94
MED017,Chlorphéniramine 4mg,4501.585505534615,2025-10-19,54
MED017,Chlorphéniramine 4mg,4501.585505534615,2025-10-20,90
MED017,Chlorphéniramine 4mg,4501.585505534615,2025-10-21,78
MED017,Chlorphéniramine 4mg,4501.585505534615,2025-10-22,44
MED017,Chlorphéniramine 4mg,4501.585505534615,2025-10-23,76
MED017,Chlorphéniramine 4mg,4501.585505534615,2025-10-24,81
MED017,Chlorphéniramine 4mg,4501.585505534615,2025-10-25,34
MED017,Chlorphéniramine 4mg,4501.585505534615,2025-10-26,78
MED017,Chlorphéniramine 4mg,4501.585505534615,2025-10-27,19
MED017,Chlorphéniramine 4mg,4501.585505534615,2025-10-28,73
MED017,Chlorphéniramine 4mg,4501.585505534615,2025-10-29,25
MED017,Chlorphéniramine 4mg,4501.585505534615,2025-10-30,43
MED017,Chlorphéniramine 4mg,4501.585505534615,2025-10-31,69
MED017,Chlorphéniramine 4mg,4501.585505534615,2025-11-01,14
MED017,Chlorphéniramine 4mg,4501.585505534615,2025-11-02,33
MED017,Chlorphéniramine 4mg,4501.585505534615,2025-11-03,27
MED017,Chlorphéniramine 4mg,4501.585505534615,2025-11-04,14
MED017,Chlorphéniramine 4mg,4501.585505534615,2025-11-05,27
MED017,Chlorphéniramine 4mg,4501.585505534615,2025-11-06,49
MED017,Chlorphéniramine 4mg,4501.585505534615,2025-11-07,46
MED017,Chlorphéniramine 4mg,4501.585505534615,2025-11-08,51
MED017,Chlorphéniramine 4mg,4501.585505534615,2025-11-09,32
MED017,Chlorphéniramine 4mg,4501.585505534615,2025-11-10,35
MED017,Chlorphéniramine 4mg,4501.585505534615,2025-11-11,40
MED017,Chlorphéniramine 4mg,4501.585505534615,2025-11-12,34
MED017,Chlorphéniramine 4mg,4501.585505534615,2025-11-13,7
MED017,Chlorphéniramine 4mg,4501.585505534615,2025-11-14,30
MED017,Chlorphéniramine 4mg,4501.585505534615,2025-11-15,58
MED017,Chlorphéniramine 4mg,4501.585505534615,2025-11-16,26
MED017,Chlorphéniramine 4mg,4501.585505534615,2025-11-17,39
MED017,Chlorphéniramine 4mg,4501.585505534615,2025-11-18,30
MED017,Chlorphéniramine 4mg,4501.585505534615,2025-11-19,32
MED017,Chlorphéniramine 4mg,4501.585505534615,2025-11-20,32
MED017,Chlorphéniramine 4mg,4501.585505534615,2025-11-21,35
MED017,Chlorphéniramine 4mg,4501.585505534615,2025-11-22,60
MED017,Chlorphéniramine 4mg,4501.585505534615,2025-11-23,30
MED017,Chlorphéniramine 4mg,4501.585505534615,2025-11-24,26
MED017,Chlorphéniramine 4mg,4501.585505534615,2025-11-25,35
MED017,Chlorphéniramine 4mg,4501.585505534615,2025-11-26,38
MED017,Chlorphéniramine 4mg,4501.585505534615,2025-11-27,33
MED017,Chlorphéniramine 4mg,4501.585505534615,2025-11-28,29
MED017,Chlorphéniramine 4mg,4501.585505534615,2025-11-29,49
MED017,Chlorphéniramine 4mg,4501.585505534615,2025-11-30,40
MED017,Chlorphéniramine 4mg,4501.585505534615,2025-12-01,47
MED017,Chlorphéniramine 4mg,4501.585505534615,2025-12-02,49
MED017,Chlorphéniramine 4mg,4501.585505534615,2025-12-03,45
MED017,Chlorphéniramine 4mg,4501.585505534615,2025-12-04,25
MED017,Chlorphéniramine 4mg,4501.585505534615,2025-12-05,37
MED017,Chlorphéniramine 4mg,4501.585505534615,2025-12-06,33
MED017,Chlorphéniramine 4mg,4501.585505534615,2025-12-07,32
MED017,Chlorphéniramine 4mg,4501.585505534615,2025-12-08,30
MED017,Chlorphéniramine 4mg,4501.585505534615,2025-12-09,35
MED017,Chlorphéniramine 4mg,4501.585505534615,2025-12-10,26
MED017,Chlorphéniramine 4mg,4501.585505534615,2025-12-11,40
MED017,Chlorphéniramine 4mg,4501.585505534615,2025-12-12,40
MED017,Chlorphéniramine 4mg,4501.585505534615,2025-12-13,38
MED017,Chlorphéniramine 4mg,4501.585505534615,2025-12-14,21
MED017,Chlorphéniramine 4mg,4501.585505534615,2025-12-15,40
MED017,Chlorphéniramine 4mg,4501.585505534615,2025-12-16,33
MED017,Chlorphéniramine 4mg,4501.585505534615,2025-12-17,24
MED017,Chlorphéniramine 4mg,4501.585505534615,2025-12-18,41
MED017,Chlorphéniramine 4mg,4501.585505534615,2025-12-19,33
MED017,Chlorphéniramine 4mg,4501.585505534615,2025-12-20,29
MED017,Chlorphéniramine 4mg,4501.585505534615,2025-12-21,39
MED017,Chlorphéniramine 4mg,4501.585505534615,2025-12-22,37
MED017,Chlorphéniramine 4mg,4501.585505534615,2025-12-23,49
MED017,Chlorphéniramine 4mg,4501.585505534615,2025-12-24,19
MED017,Chlorphéniramine 4mg,4501.585505534615,2025-12-25,40
MED017,Chlorphéniramine 4mg,4501.585505534615,2025-12-26,38
MED017,Chlorphéniramine 4mg,4501.585505534615,2025-12-27,25
MED017,Chlorphéniramine 4mg,4501.585505534615,2025-12-28,36
MED017,Chlorphéniramine 4mg,4501.585505534615,2025-12-29,32
MED017,Chlorphéniramine 4mg,4501.585505534615,2025-12-30,51
MED017,Chlorphéniramine 4mg,4501.585505534615,2025-12-31,44
MED017,Chlorphéniramine 4mg,4501.585505534615,2026-01-01,57
MED017,Chlorphéniramine 4mg,4501.585505534615,2026-01-02,37
MED017,Chlorphéniramine 4mg,4501.585505534615,2026-01-03,25
MED017,Chlorphéniramine 4mg,4501.585505534615,2026-01-04,37
MED017,Chlorphéniramine 4mg,4501.585505534615,2026-01-05,31
MED017,Chlorphéniramine 4mg,4501.585505534615,2026-01-06,33
MED017,Chlorphéniramine 4mg,4501.585505534615,2026-01-07,47
MED017,Chlorphéniramine 4mg,4501.585505534615,2026-01-08,27
MED017,Chlorphéniramine 4mg,4501.585505534615,2026-01-09,36
MED017,Chlorphéniramine 4mg,4501.585505534615,2026-01-10,66
MED017,Chlorphéniramine 4mg,4501.585505534615,2026-01-11,34
MED017,Chlorphéniramine 4mg,4501.585505534615,2026-01-12,58
MED017,Chlorphéniramine 4mg,4501.585505534615,2026-01-13,41
MED017,Chlorphéniramine 4mg,4501.585505534615,2026-01-14,57
MED017,Chlorphéniramine 4mg,4501.585505534615,2026-01-15,17
MED017,Chlorphéniramine 4mg,4501.585505534615,2026-01-16,49
MED017,Chlorphéniramine 4mg,4501.585505534615,2026-01-17,58
MED017,Chlorphéniramine 4mg,4501.585505534615,2026-01-18,23
MED017,Chlorphéniramine 4mg,4501.585505534615,2026-01-19,41
MED017,Chlorphéniramine 4mg,4501.585505534615,2026-01-20,46
MED017,Chlorphéniramine 4mg,4501.585505534615,2026-01-21,34
MED017,Chlorphéniramine 4mg,4501.585505534615,2026-01-22,48
MED017,Chlorphéniramine 4mg,4501.585505534615,2026-01-23,27
MED017,Chlorphéniramine 4mg,4501.585505534615,2026-01-24,33
MED017,Chlorphéniramine 4mg,4501.585505534615,2026-01-25,22
MED017,Chlorphéniramine 4mg,4501.585505534615,2026-01-26,34
MED017,Chlorphéniramine 4mg,4501.585505534615,2026-01-27,27
MED017,Chlorphéniramine 4mg,4501.585505534615,2026-01-28,28
MED017,Chlorphéniramine 4mg,4501.585505534615,2026-01-29,45
MED017,Chlorphéniramine 4mg,4501.585505534615,2026-01-30,41
MED017,Chlorphéniramine 4mg,4501.585505534615,2026-01-31,69
MED017,Chlorphéniramine 4mg,4501.585505534615,2026-02-01,36
MED017,Chlorphéniramine 4mg,4501.585505534615,2026-02-02,43
MED017,Chlorphéniramine 4mg,4501.585505534615,2026-02-03,26
MED017,Chlorphéniramine 4mg,4501.585505534615,2026-02-04,16
MED017,Chlorphéniramine 4mg,4501.585505534615,2026-02-05,39
MED017,Chlorphéniramine 4mg,4501.585505534615,2026-02-06,38
MED017,Chlorphéniramine 4mg,4501.585505534615,2026-02-07,36
MED017,Chlorphéniramine 4mg,4501.585505534615,2026-02-08,36
MED017,Chlorphéniramine 4mg,4501.585505534615,2026-02-09,21
MED017,Chlorphéniramine 4mg,4501.585505534615,2026-02-10,43
MED017,Chlorphéniramine 4mg,4501.585505534615,2026-02-11,32
MED017,Chlorphéniramine 4mg,4501.585505534615,2026-02-12,38
MED017,Chlorphéniramine 4mg,4501.585505534615,2026-02-13,42
MED017,Chlorphéniramine 4mg,4501.585505534615,2026-02-14,26
MED017,Chlorphéniramine 4mg,4501.585505534615,2026-02-15,47
MED017,Chlorphéniramine 4mg,4501.585505534615,2026-02-16,30
MED017,Chlorphéniramine 4mg,4501.585505534615,2026-02-17,30
MED017,Chlorphéniramine 4mg,4501.585505534615,2026-02-18,38
MED017,Chlorphéniramine 4mg,4501.585505534615,2026-02-19,47
MED017,Chlorphéniramine 4mg,4501.585505534615,2026-02-20,33
MED017,Chlorphéniramine 4mg,4501.585505534615,2026-02-21,71
MED017,Chlorphéniramine 4mg,4501.585505534615,2026-02-22,36
MED017,Chlorphéniramine 4mg,4501.585505534615,2026-02-23,34
MED017,Chlorphéniramine 4mg,4501.585505534615,2026-02-24,34
MED017,Chlorphéniramine 4mg,4501.585505534615,2026-02-25,49
MED017,Chlorphéniramine 4mg,4501.585505534615,2026-02-26,37
MED017,Chlorphéniramine 4mg,4501.585505534615,2026-02-27,39
MED017,Chlorphéniramine 4mg,4501.585505534615,2026-02-28,36
MED017,Chlorphéniramine 4mg,4501.585505534615,2026-03-01,26
MED017,Chlorphéniramine 4mg,4501.585505534615,2026-03-02,37
MED017,Chlorphéniramine 4mg,4501.585505534615,2026-03-03,44
MED017,Chlorphéniramine 4mg,4501.585505534615,2026-03-04,32
MED017,Chlorphéniramine 4mg,4501.585505534615,2026-03-05,45
MED017,Chlorphéniramine 4mg,4501.585505534615,2026-03-06,47
MED017,Chlorphéniramine 4mg,4501.585505534615,2026-03-07,38
MED017,Chlorphéniramine 4mg,4501.585505534615,2026-03-08,48
MED017,Chlorphéniramine 4mg,4501.585505534615,2026-03-09,39
MED017,Chlorphéniramine 4mg,4501.585505534615,2026-03-10,25
MED017,Chlorphéniramine 4mg,4501.585505534615,2026-03-11,48
MED017,Chlorphéniramine 4mg,4501.585505534615,2026-03-12,23
MED017,Chlorphéniramine 4mg,4501.585505534615,2026-03-13,42
MED017,Chlorphéniramine 4mg,4501.585505534615,2026-03-14,51
MED017,Chlorphéniramine 4mg,4501.585505534615,2026-03-15,22
MED017,Chlorphéniramine 4mg,4501.585505534615,2026-03-16,11
MED017,Chlorphéniramine 4mg,4501.585505534615,2026-03-17,52
MED017,Chlorphéniramine 4mg,4501.585505534615,2026-03-18,48
MED017,Chlorphéniramine 4mg,4501.585505534615,2026-03-19,22
MED017,Chlorphéniramine 4mg,4501.585505534615,2026-03-20,44
MED017,Chlorphéniramine 4mg,4501.585505534615,2026-03-21,41
MED017,Chlorphéniramine 4mg,4501.585505534615,2026-03-22,52
MED017,Chlorphéniramine 4mg,4501.585505534615,2026-03-23,44
MED017,Chlorphéniramine 4mg,4501.585505534615,2026-03-24,57
MED017,Chlorphéniramine 4mg,4501.585505534615,2026-03-25,27
MED017,Chlorphéniramine 4mg,4501.585505534615,2026-03-26,24
MED017,Chlorphéniramine 4mg,4501.585505534615,2026-03-27,39
MED017,Chlorphéniramine 4mg,4501.585505534615,2026-03-28,33
MED017,Chlorphéniramine 4mg,4501.585505534615,2026-03-29,30
MED017,Chlorphéniramine 4mg,4501.585505534615,2026-03-30,38
MED017,Chlorphéniramine 4mg,4501.585505534615,2026-03-31,43
MED017,Chlorphéniramine 4mg,4501.585505534615,2026-04-01,48
MED017,Chlorphéniramine 4mg,4501.585505534615,2026-04-02,31
MED017,Chlorphéniramine 4mg,4501.585505534615,2026-04-03,17
MED017,Chlorphéniramine 4mg,4501.585505534615,2026-04-04,40
MED017,Chlorphéniramine 4mg,4501.585505534615,2026-04-05,35
MED017,Chlorphéniramine 4mg,4501.585505534615,2026-04-06,30
MED017,Chlorphéniramine 4mg,4501.585505534615,2026-04-07,35
MED017,Chlorphéniramine 4mg,4501.585505534615,2026-04-08,29
MED017,Chlorphéniramine 4mg,4501.585505534615,2026-04-09,34
MED017,Chlorphéniramine 4mg,4501.585505534615,2026-04-10,51
MED017,Chlorphéniramine 4mg,4501.585505534615,2026-04-11,42
MED017,Chlorphéniramine 4mg,4501.585505534615,2026-04-12,45
MED017,Chlorphéniramine 4mg,4501.585505534615,2026-04-13,16
MED017,Chlorphéniramine 4mg,4501.585505534615,2026-04-14,40
MED017,Chlorphéniramine 4mg,4501.585505534615,2026-04-15,24
MED017,Chlorphéniramine 4mg,4501.585505534615,2026-04-16,54
MED017,Chlorphéniramine 4mg,4501.585505534615,2026-04-17,32
MED017,Chlorphéniramine 4mg,4501.585505534615,2026-04-18,28
MED017,Chlorphéniramine 4mg,4501.585505534615,2026-04-19,33
MED017,Chlorphéniramine 4mg,4501.585505534615,2026-04-20,44
MED017,Chlorphéniramine 4mg,4501.585505534615,2026-04-21,29
MED017,Chlorphéniramine 4mg,4501.585505534615,2026-04-22,45
MED017,Chlorphéniramine 4mg,4501.585505534615,2026-04-23,19
MED017,Chlorphéniramine 4mg,4501.585505534615,2026-04-24,33
MED017,Chlorphéniramine 4mg,4501.585505534615,2026-04-25,40
MED017,Chlorphéniramine 4mg,4501.585505534615,2026-04-26,49
MED017,Chlorphéniramine 4mg,4501.585505534615,2026-04-27,44
MED017,Chlorphéniramine 4mg,4501.585505534615,2026-04-28,26
MED017,Chlorphéniramine 4mg,4501.585505534615,2026-04-29,54
MED017,Chlorphéniramine 4mg,4501.585505534615,2026-04-30,45
MED017,Chlorphéniramine 4mg,4501.585505534615,2026-05-01,34
MED017,Chlorphéniramine 4mg,4501.585505534615,2026-05-02,48
MED017,Chlorphéniramine 4mg,4501.585505534615,2026-05-03,33
MED017,Chlorphéniramine 4mg,4501.585505534615,2026-05-04,26
MED017,Chlorphéniramine 4mg,4501.585505534615,2026-05-05,21
MED017,Chlorphéniramine 4mg,4501.585505534615,2026-05-06,52
MED017,Chlorphéniramine 4mg,4501.585505534615,2026-05-07,47
MED017,Chlorphéniramine 4mg,4501.585505534615,2026-05-08,35
MED017,Chlorphéniramine 4mg,4501.585505534615,2026-05-09,17
MED017,Chlorphéniramine 4mg,4501.585505534615,2026-05-10,23
MED017,Chlorphéniramine 4mg,4501.585505534615,2026-05-11,35
MED017,Chlorphéniramine 4mg,4501.585505534615,2026-05-12,38
MED017,Chlorphéniramine 4mg,4501.585505534615,2026-05-13,40
MED017,Chlorphéniramine 4mg,4501.585505534615,2026-05-14,21
MED017,Chlorphéniramine 4mg,4501.585505534615,2026-05-15,45
MED017,Chlorphéniramine 4mg,4501.585505534615,2026-05-16,52
MED017,Chlorphéniramine 4mg,4501.585505534615,2026-05-17,39
MED017,Chlorphéniramine 4mg,4501.585505534615,2026-05-18,35
MED017,Chlorphéniramine 4mg,4501.585505534615,2026-05-19,36
MED017,Chlorphéniramine 4mg,4501.585505534615,2026-05-20,35
MED017,Chlorphéniramine 4mg,4501.585505534615,2026-05-21,38
MED017,Chlorphéniramine 4mg,4501.585505534615,2026-05-22,42
MED017,Chlorphéniramine 4mg,4501.585505534615,2026-05-23,56
MED017,Chlorphéniramine 4mg,4501.585505534615,2026-05-24,29
MED017,Chlorphéniramine 4mg,4501.585505534615,2026-05-25,41
MED017,Chlorphéniramine 4mg,4501.585505534615,2026-05-26,50
MED017,Chlorphéniramine 4mg,4501.585505534615,2026-05-27,46
MED017,Chlorphéniramine 4mg,4501.585505534615,2026-05-28,34
MED017,Chlorphéniramine 4mg,4501.585505534615,2026-05-29,34
MED017,Chlorphéniramine 4mg,4501.585505534615,2026-05-30,67
MED017,Chlorphéniramine 4mg,4501.585505534615,2026-05-31,38
MED017,Chlorphéniramine 4mg,4501.585505534615,2026-06-01,86
MED017,Chlorphéniramine 4mg,4501.585505534615,2026-06-02,49
MED017,Chlorphéniramine 4mg,4501.585505534615,2026-06-03,47
MED017,Chlorphéniramine 4mg,4501.585505534615,2026-06-04,34
MED017,Chlorphéniramine 4mg,4501.585505534615,2026-06-05,78
MED017,Chlorphéniramine 4mg,4501.585505534615,2026-06-06,71
MED017,Chlorphéniramine 4mg,4501.585505534615,2026-06-07,54
MED017,Chlorphéniramine 4mg,4501.585505534615,2026-06-08,55
MED017,Chlorphéniramine 4mg,4501.585505534615,2026-06-09,73
MED017,Chlorphéniramine 4mg,4501.585505534615,2026-06-10,73
MED017,Chlorphéniramine 4mg,4501.585505534615,2026-06-11,29
MED017,Chlorphéniramine 4mg,4501.585505534615,2026-06-12,52
MED017,Chlorphéniramine 4mg,4501.585505534615,2026-06-13,31
MED017,Chlorphéniramine 4mg,4501.585505534615,2026-06-14,51
MED017,Chlorphéniramine 4mg,4501.585505534615,2026-06-15,32
MED017,Chlorphéniramine 4mg,4501.585505534615,2026-06-16,36
MED017,Chlorphéniramine 4mg,4501.585505534615,2026-06-17,59
MED017,Chlorphéniramine 4mg,4501.585505534615,2026-06-18,48
MED017,Chlorphéniramine 4mg,4501.585505534615,2026-06-19,54
MED017,Chlorphéniramine 4mg,4501.585505534615,2026-06-20,74
MED017,Chlorphéniramine 4mg,4501.585505534615,2026-06-21,56
MED017,Chlorphéniramine 4mg,4501.585505534615,2026-06-22,54
MED017,Chlorphéniramine 4mg,4501.585505534615,2026-06-23,55
MED017,Chlorphéniramine 4mg,4501.585505534615,2026-06-24,43
MED017,Chlorphéniramine 4mg,4501.585505534615,2026-06-25,69
MED017,Chlorphéniramine 4mg,4501.585505534615,2026-06-26,55
MED017,Chlorphéniramine 4mg,4501.585505534615,2026-06-27,76
MED017,Chlorphéniramine 4mg,4501.585505534615,2026-06-28,55
MED017,Chlorphéniramine 4mg,4501.585505534615,2026-06-29,51
MED017,Chlorphéniramine 4mg,4501.585505534615,2026-06-30,30
MED017,Chlorphéniramine 4mg,4501.585505534615,2026-07-01,68
MED017,Chlorphéniramine 4mg,4501.585505534615,2026-07-02,39
MED017,Chlorphéniramine 4mg,4501.585505534615,2026-07-03,53
MED017,Chlorphéniramine 4mg,4501.585505534615,2026-07-04,46
MED017,Chlorphéniramine 4mg,4501.585505534615,2026-07-05,88
MED017,Chlorphéniramine 4mg,4501.585505534615,2026-07-06,73
MED017,Chlorphéniramine 4mg,4501.585505534615,2026-07-07,69
MED017,Chlorphéniramine 4mg,4501.585505534615,2026-07-08,63
MED017,Chlorphéniramine 4mg,4501.585505534615,2026-07-09,63
MED017,Chlorphéniramine 4mg,4501.585505534615,2026-07-10,51
MED017,Chlorphéniramine 4mg,4501.585505534615,2026-07-11,30
MED017,Chlorphéniramine 4mg,4501.585505534615,2026-07-12,69
MED017,Chlorphéniramine 4mg,4501.585505534615,2026-07-13,52
MED017,Chlorphéniramine 4mg,4501.585505534615,2026-07-14,55
MED017,Chlorphéniramine 4mg,4501.585505534615,2026-07-15,31
MED017,Chlorphéniramine 4mg,4501.585505534615,2026-07-16,73
MED017,Chlorphéniramine 4mg,4501.585505534615,2026-07-17,48
MED017,Chlorphéniramine 4mg,4501.585505534615,2026-07-18,56
MED017,Chlorphéniramine 4mg,4501.585505534615,2026-07-19,12
MED017,Chlorphéniramine 4mg,4501.585505534615,2026-07-20,48
MED017,Chlorphéniramine 4mg,4501.585505534615,2026-07-21,56
MED017,Chlorphéniramine 4mg,4501.585505534615,2026-07-22,57
MED017,Chlorphéniramine 4mg,4501.585505534615,2026-07-23,45
MED017,Chlorphéniramine 4mg,4501.585505534615,2026-07-24,31
MED017,Chlorphéniramine 4mg,4501.585505534615,2026-07-25,57
MED017,Chlorphéniramine 4mg,4501.585505534615,2026-07-26,52
MED017,Chlorphéniramine 4mg,4501.585505534615,2026-07-27,46
MED017,Chlorphéniramine 4mg,4501.585505534615,2026-07-28,71
MED017,Chlorphéniramine 4mg,4501.585505534615,2026-07-29,67
MED017,Chlorphéniramine 4mg,4501.585505534615,2026-07-30,51
MED017,Chlorphéniramine 4mg,4501.585505534615,2026-07-31,43
MED017,Chlorphéniramine 4mg,4501.585505534615,2026-08-01,67
MED017,Chlorphéniramine 4mg,4501.585505534615,2026-08-02,25
MED017,Chlorphéniramine 4mg,4501.585505534615,2026-08-03,50
MED017,Chlorphéniramine 4mg,4501.585505534615,2026-08-04,73
MED017,Chlorphéniramine 4mg,4501.585505534615,2026-08-05,48
MED017,Chlorphéniramine 4mg,4501.585505534615,2026-08-06,38
MED017,Chlorphéniramine 4mg,4501.585505534615,2026-08-07,39
MED017,Chlorphéniramine 4mg,4501.585505534615,2026-08-08,55
MED017,Chlorphéniramine 4mg,4501.585505534615,2026-08-09,65
MED017,Chlorphéniramine 4mg,4501.585505534615,2026-08-10,38
MED017,Chlorphéniramine 4mg,4501.585505534615,2026-08-11,38
MED017,Chlorphéniramine 4mg,4501.585505534615,2026-08-12,60
MED017,Chlorphéniramine 4mg,4501.585505534615,2026-08-13,47
MED017,Chlorphéniramine 4mg,4501.585505534615,2026-08-14,41
MED017,Chlorphéniramine 4mg,4501.585505534615,2026-08-15,103
MED017,Chlorphéniramine 4mg,4501.585505534615,2026-08-16,47
MED017,Chlorphéniramine 4mg,4501.585505534615,2026-08-17,62
MED017,Chlorphéniramine 4mg,4501.585505534615,2026-08-18,55
MED018,Dextrométhorphane 15mg,2797.0238024072464,2025-08-19,79
MED018,Dextrométhorphane 15mg,2797.0238024072464,2025-08-20,60
MED018,Dextrométhorphane 15mg,2797.0238024072464,2025-08-21,83
MED018,Dextrométhorphane 15mg,2797.0238024072464,2025-08-22,77
MED018,Dextrométhorphane 15mg,2797.0238024072464,2025-08-23,66
MED018,Dextrométhorphane 15mg,2797.0238024072464,2025-08-24,45
MED018,Dextrométhorphane 15mg,2797.0238024072464,2025-08-25,60
MED018,Dextrométhorphane 15mg,2797.0238024072464,2025-08-26,71
MED018,Dextrométhorphane 15mg,2797.0238024072464,2025-08-27,71
MED018,Dextrométhorphane 15mg,2797.0238024072464,2025-08-28,88
MED018,Dextrométhorphane 15mg,2797.0238024072464,2025-08-29,46
MED018,Dextrométhorphane 15mg,2797.0238024072464,2025-08-30,68
MED018,Dextrométhorphane 15mg,2797.0238024072464,2025-08-31,11
MED018,Dextrométhorphane 15mg,2797.0238024072464,2025-09-01,60
MED018,Dextrométhorphane 15mg,2797.0238024072464,2025-09-02,79
MED018,Dextrométhorphane 15mg,2797.0238024072464,2025-09-03,73
MED018,Dextrométhorphane 15mg,2797.0238024072464,2025-09-04,45
MED018,Dextrométhorphane 15mg,2797.0238024072464,2025-09-05,61
MED018,Dextrométhorphane 15mg,2797.0238024072464,2025-09-06,72
MED018,Dextrométhorphane 15mg,2797.0238024072464,2025-09-07,47
MED018,Dextrométhorphane 15mg,2797.0238024072464,2025-09-08,30
MED018,Dextrométhorphane 15mg,2797.0238024072464,2025-09-09,102
MED018,Dextrométhorphane 15mg,2797.0238024072464,2025-09-10,41
MED018,Dextrométhorphane 15mg,2797.0238024072464,2025-09-11,64
MED018,Dextrométhorphane 15mg,2797.0238024072464,2025-09-12,33
MED018,Dextrométhorphane 15mg,2797.0238024072464,2025-09-13,57
MED018,Dextrométhorphane 15mg,2797.0238024072464,2025-09-14,11
MED018,Dextrométhorphane 15mg,2797.0238024072464,2025-09-15,26
MED018,Dextrométhorphane 15mg,2797.0238024072464,2025-09-16,38
MED018,Dextrométhorphane 15mg,2797.0238024072464,2025-09-17,58
MED018,Dextrométhorphane 15mg,2797.0238024072464,2025-09-18,62
MED018,Dextrométhorphane 15mg,2797.0238024072464,2025-09-19,51
MED018,Dextrométhorphane 15mg,2797.0238024072464,2025-09-20,24
MED018,Dextrométhorphane 15mg,2797.0238024072464,2025-09-21,56
MED018,Dextrométhorphane 15mg,2797.0238024072464,2025-09-22,59
MED018,Dextrométhorphane 15mg,2797.0238024072464,2025-09-23,63
MED018,Dextrométhorphane 15mg,2797.0238024072464,2025-09-24,39
MED018,Dextrométhorphane 15mg,2797.0238024072464,2025-09-25,34
MED018,Dextrométhorphane 15mg,2797.0238024072464,2025-09-26,66
MED018,Dextrométhorphane 15mg,2797.0238024072464,2025-09-27,68
MED018,Dextrométhorphane 15mg,2797.0238024072464,2025-09-28,16
MED018,Dextrométhorphane 15mg,2797.0238024072464,2025-09-29,37
MED018,Dextrométhorphane 15mg,2797.0238024072464,2025-09-30,50
MED018,Dextrométhorphane 15mg,2797.0238024072464,2025-10-01,52
MED018,Dextrométhorphane 15mg,2797.0238024072464,2025-10-02,65
MED018,Dextrométhorphane 15mg,2797.0238024072464,2025-10-03,44
MED018,Dextrométhorphane 15mg,2797.0238024072464,2025-10-04,51
MED018,Dextrométhorphane 15mg,2797.0238024072464,2025-10-05,54
MED018,Dextrométhorphane 15mg,2797.0238024072464,2025-10-06,61
MED018,Dextrométhorphane 15mg,2797.0238024072464,2025-10-07,33
MED018,Dextrométhorphane 15mg,2797.0238024072464,2025-10-08,52
MED018,Dextrométhorphane 15mg,2797.0238024072464,2025-10-09,58
MED018,Dextrométhorphane 15mg,2797.0238024072464,2025-10-10,48
MED018,Dextrométhorphane 15mg,2797.0238024072464,2025-10-11,59
MED018,Dextrométhorphane 15mg,2797.0238024072464,2025-10-12,42
MED018,Dextrométhorphane 15mg,2797.0238024072464,2025-10-13,44
MED018,Dextrométhorphane 15mg,2797.0238024072464,2025-10-14,30
MED018,Dextrométhorphane 15mg,2797.0238024072464,2025-10-15,56
MED018,Dextrométhorphane 15mg,2797.0238024072464,2025-10-16,59
MED018,Dextrométhorphane 15mg,2797.0238024072464,2025-10-17,34
MED018,Dextrométhorphane 15mg,2797.0238024072464,2025-10-18,53
MED018,Dextrométhorphane 15mg,2797.0238024072464,2025-10-19,56
MED018,Dextrométhorphane 15mg,2797.0238024072464,2025-10-20,58
MED018,Dextrométhorphane 15mg,2797.0238024072464,2025-10-21,59
MED018,Dextrométhorphane 15mg,2797.0238024072464,2025-10-22,70
MED018,Dextrométhorphane 15mg,2797.0238024072464,2025-10-23,59
MED018,Dextrométhorphane 15mg,2797.0238024072464,2025-10-24,66
MED018,Dextrométhorphane 15mg,2797.0238024072464,2025-10-25,54
MED018,Dextrométhorphane 15mg,2797.0238024072464,2025-10-26,53
MED018,Dextrométhorphane 15mg,2797.0238024072464,2025-10-27,55
MED018,Dextrométhorphane 15mg,2797.0238024072464,2025-10-28,54
MED018,Dextrométhorphane 15mg,2797.0238024072464,2025-10-29,73
MED018,Dextrométhorphane 15mg,2797.0238024072464,2025-10-30,83
MED018,Dextrométhorphane 15mg,2797.0238024072464,2025-10-31,43
MED018,Dextrométhorphane 15mg,2797.0238024072464,2025-11-01,43
MED018,Dextrométhorphane 15mg,2797.0238024072464,2025-11-02,39
MED018,Dextrométhorphane 15mg,2797.0238024072464,2025-11-03,56
MED018,Dextrométhorphane 15mg,2797.0238024072464,2025-11-04,38
MED018,Dextrométhorphane 15mg,2797.0238024072464,2025-11-05,41
MED018,Dextrométhorphane 15mg,2797.0238024072464,2025-11-06,55
MED018,Dextrométhorphane 15mg,2797.0238024072464,2025-11-07,44
MED018,Dextrométhorphane 15mg,2797.0238024072464,2025-11-08,53
MED018,Dextrométhorphane 15mg,2797.0238024072464,2025-11-09,36
MED018,Dextrométhorphane 15mg,2797.0238024072464,2025-11-10,17
MED018,Dextrométhorphane 15mg,2797.0238024072464,2025-11-11,48
MED018,Dextrométhorphane 15mg,2797.0238024072464,2025-11-12,39
MED018,Dextrométhorphane 15mg,2797.0238024072464,2025-11-13,45
MED018,Dextrométhorphane 15mg,2797.0238024072464,2025-11-14,34
MED018,Dextrométhorphane 15mg,2797.0238024072464,2025-11-15,34
MED018,Dextrométhorphane 15mg,2797.0238024072464,2025-11-16,34
MED018,Dextrométhorphane 15mg,2797.0238024072464,2025-11-17,22
MED018,Dextrométhorphane 15mg,2797.0238024072464,2025-11-18,51
MED018,Dextrométhorphane 15mg,2797.0238024072464,2025-11-19,38
MED018,Dextrométhorphane 15mg,2797.0238024072464,2025-11-20,36
MED018,Dextrométhorphane 15mg,2797.0238024072464,2025-11-21,48
MED018,Dextrométhorphane 15mg,2797.0238024072464,2025-11-22,39
MED018,Dextrométhorphane 15mg,2797.0238024072464,2025-11-23,29
MED018,Dextrométhorphane 15mg,2797.0238024072464,2025-11-24,23
MED018,Dextrométhorphane 15mg,2797.0238024072464,2025-11-25,41
MED018,Dextrométhorphane 15mg,2797.0238024072464,2025-11-26,34
MED018,Dextrométhorphane 15mg,2797.0238024072464,2025-11-27,28
MED018,Dextrométhorphane 15mg,2797.0238024072464,2025-11-28,40
MED018,Dextrométhorphane 15mg,2797.0238024072464,2025-11-29,41
MED018,Dextrométhorphane 15mg,2797.0238024072464,2025-11-30,34
MED018,Dextrométhorphane 15mg,2797.0238024072464,2025-12-01,19
MED018,Dextrométhorphane 15mg,2797.0238024072464,2025-12-02,36
MED018,Dextrométhorphane 15mg,2797.0238024072464,2025-12-03,45
MED018,Dextrométhorphane 15mg,2797.0238024072464,2025-12-04,22
MED018,Dextrométhorphane 15mg,2797.0238024072464,2025-12-05,43
MED018,Dextrométhorphane 15mg,2797.0238024072464,2025-12-06,51
MED018,Dextrométhorphane 15mg,2797.0238024072464,2025-12-07,32
MED018,Dextrométhorphane 15mg,2797.0238024072464,2025-12-08,32
MED018,Dextrométhorphane 15mg,2797.0238024072464,2025-12-09,31
MED018,Dextrométhorphane 15mg,2797.0238024072464,2025-12-10,33
MED018,Dextrométhorphane 15mg,2797.0238024072464,2025-12-11,34
MED018,Dextrométhorphane 15mg,2797.0238024072464,2025-12-12,40
MED018,Dextrométhorphane 15mg,2797.0238024072464,2025-12-13,10
MED018,Dextrométhorphane 15mg,2797.0238024072464,2025-12-14,38
MED018,Dextrométhorphane 15mg,2797.0238024072464,2025-12-15,31
MED018,Dextrométhorphane 15mg,2797.0238024072464,2025-12-16,19
MED018,Dextrométhorphane 15mg,2797.0238024072464,2025-12-17,31
MED018,Dextrométhorphane 15mg,2797.0238024072464,2025-12-18,23
MED018,Dextrométhorphane 15mg,2797.0238024072464,2025-12-19,57
MED018,Dextrométhorphane 15mg,2797.0238024072464,2025-12-20,46
MED018,Dextrométhorphane 15mg,2797.0238024072464,2025-12-21,25
MED018,Dextrométhorphane 15mg,2797.0238024072464,2025-12-22,24
MED018,Dextrométhorphane 15mg,2797.0238024072464,2025-12-23,41
MED018,Dextrométhorphane 15mg,2797.0238024072464,2025-12-24,40
MED018,Dextrométhorphane 15mg,2797.0238024072464,2025-12-25,18
MED018,Dextrométhorphane 15mg,2797.0238024072464,2025-12-26,30
MED018,Dextrométhorphane 15mg,2797.0238024072464,2025-12-27,59
MED018,Dextrométhorphane 15mg,2797.0238024072464,2025-12-28,40
MED018,Dextrométhorphane 15mg,2797.0238024072464,2025-12-29,21
MED018,Dextrométhorphane 15mg,2797.0238024072464,2025-12-30,28
MED018,Dextrométhorphane 15mg,2797.0238024072464,2025-12-31,32
MED018,Dextrométhorphane 15mg,2797.0238024072464,2026-01-01,47
MED018,Dextrométhorphane 15mg,2797.0238024072464,2026-01-02,23
MED018,Dextrométhorphane 15mg,2797.0238024072464,2026-01-03,11
MED018,Dextrométhorphane 15mg,2797.0238024072464,2026-01-04,39
MED018,Dextrométhorphane 15mg,2797.0238024072464,2026-01-05,39
MED018,Dextrométhorphane 15mg,2797.0238024072464,2026-01-06,36
MED018,Dextrométhorphane 15mg,2797.0238024072464,2026-01-07,34
MED018,Dextrométhorphane 15mg,2797.0238024072464,2026-01-08,26
MED018,Dextrométhorphane 15mg,2797.0238024072464,2026-01-09,31
MED018,Dextrométhorphane 15mg,2797.0238024072464,2026-01-10,23
MED018,Dextrométhorphane 15mg,2797.0238024072464,2026-01-11,28
MED018,Dextrométhorphane 15mg,2797.0238024072464,2026-01-12,33
MED018,Dextrométhorphane 15mg,2797.0238024072464,2026-01-13,36
MED018,Dextrométhorphane 15mg,2797.0238024072464,2026-01-14,58
MED018,Dextrométhorphane 15mg,2797.0238024072464,2026-01-15,36
MED018,Dextrométhorphane 15mg,2797.0238024072464,2026-01-16,25
MED018,Dextrométhorphane 15mg,2797.0238024072464,2026-01-17,41
MED018,Dextrométhorphane 15mg,2797.0238024072464,2026-01-18,46
MED018,Dextrométhorphane 15mg,2797.0238024072464,2026-01-19,13
MED018,Dextrométhorphane 15mg,2797.0238024072464,2026-01-20,42
MED018,Dextrométhorphane 15mg,2797.0238024072464,2026-01-21,16
MED018,Dextrométhorphane 15mg,2797.0238024072464,2026-01-22,38
MED018,Dextrométhorphane 15mg,2797.0238024072464,2026-01-23,38
MED018,Dextrométhorphane 15mg,2797.0238024072464,2026-01-24,43
MED018,Dextrométhorphane 15mg,2797.0238024072464,2026-01-25,30
MED018,Dextrométhorphane 15mg,2797.0238024072464,2026-01-26,27
MED018,Dextrométhorphane 15mg,2797.0238024072464,2026-01-27,49
MED018,Dextrométhorphane 15mg,2797.0238024072464,2026-01-28,36
MED018,Dextrométhorphane 15mg,2797.0238024072464,2026-01-29,46
MED018,Dextrométhorphane 15mg,2797.0238024072464,2026-01-30,43
MED018,Dextrométhorphane 15mg,2797.0238024072464,2026-01-31,55
MED018,Dextrométhorphane 15mg,2797.0238024072464,2026-02-01,35
MED018,Dextrométhorphane 15mg,2797.0238024072464,2026-02-02,39
MED018,Dextrométhorphane 15mg,2797.0238024072464,2026-02-03,27
MED018,Dextrométhorphane 15mg,2797.0238024072464,2026-02-04,47
MED018,Dextrométhorphane 15mg,2797.0238024072464,2026-02-05,66
MED018,Dextrométhorphane 15mg,2797.0238024072464,2026-02-06,35
MED018,Dextrométhorphane 15mg,2797.0238024072464,2026-02-07,23
MED018,Dextrométhorphane 15mg,2797.0238024072464,2026-02-08,23
MED018,Dextrométhorphane 15mg,2797.0238024072464,2026-02-09,19
MED018,Dextrométhorphane 15mg,2797.0238024072464,2026-02-10,36
MED018,Dextrométhorphane 15mg,2797.0238024072464,2026-02-11,39
MED018,Dextrométhorphane 15mg,2797.0238024072464,2026-02-12,34
MED018,Dextrométhorphane 15mg,2797.0238024072464,2026-02-13,28
MED018,Dextrométhorphane 15mg,2797.0238024072464,2026-02-14,30
MED018,Dextrométhorphane 15mg,2797.0238024072464,2026-02-15,40
MED018,Dextrométhorphane 15mg,2797.0238024072464,2026-02-16,22
MED018,Dextrométhorphane 15mg,2797.0238024072464,2026-02-17,39
MED018,Dextrométhorphane 15mg,2797.0238024072464,2026-02-18,38
MED018,Dextrométhorphane 15mg,2797.0238024072464,2026-02-19,34
MED018,Dextrométhorphane 15mg,2797.0238024072464,2026-02-20,49
MED018,Dextrométhorphane 15mg,2797.0238024072464,2026-02-21,37
MED018,Dextrométhorphane 15mg,2797.0238024072464,2026-02-22,36
MED018,Dextrométhorphane 15mg,2797.0238024072464,2026-02-23,60
MED018,Dextrométhorphane 15mg,2797.0238024072464,2026-02-24,37
MED018,Dextrométhorphane 15mg,2797.0238024072464,2026-02-25,39
MED018,Dextrométhorphane 15mg,2797.0238024072464,2026-02-26,35
MED018,Dextrométhorphane 15mg,2797.0238024072464,2026-02-27,21
MED018,Dextrométhorphane 15mg,2797.0238024072464,2026-02-28,56
MED018,Dextrométhorphane 15mg,2797.0238024072464,2026-03-01,42
MED018,Dextrométhorphane 15mg,2797.0238024072464,2026-03-02,53
MED018,Dextrométhorphane 15mg,2797.0238024072464,2026-03-03,16
MED018,Dextrométhorphane 15mg,2797.0238024072464,2026-03-04,36
MED018,Dextrométhorphane 15mg,2797.0238024072464,2026-03-05,30
MED018,Dextrométhorphane 15mg,2797.0238024072464,2026-03-06,66
MED018,Dextrométhorphane 15mg,2797.0238024072464,2026-03-07,50
MED018,Dextrométhorphane 15mg,2797.0238024072464,2026-03-08,46
MED018,Dextrométhorphane 15mg,2797.0238024072464,2026-03-09,23
MED018,Dextrométhorphane 15mg,2797.0238024072464,2026-03-10,52
MED018,Dextrométhorphane 15mg,2797.0238024072464,2026-03-11,33
MED018,Dextrométhorphane 15mg,2797.0238024072464,2026-03-12,26
MED018,Dextrométhorphane 15mg,2797.0238024072464,2026-03-13,35
MED018,Dextrométhorphane 15mg,2797.0238024072464,2026-03-14,44
MED018,Dextrométhorphane 15mg,2797.0238024072464,2026-03-15,30
MED018,Dextrométhorphane 15mg,2797.0238024072464,2026-03-16,31
MED018,Dextrométhorphane 15mg,2797.0238024072464,2026-03-17,35
MED018,Dextrométhorphane 15mg,2797.0238024072464,2026-03-18,15
MED018,Dextrométhorphane 15mg,2797.0238024072464,2026-03-19,41
MED018,Dextrométhorphane 15mg,2797.0238024072464,2026-03-20,55
MED018,Dextrométhorphane 15mg,2797.0238024072464,2026-03-21,51
MED018,Dextrométhorphane 15mg,2797.0238024072464,2026-03-22,26
MED018,Dextrométhorphane 15mg,2797.0238024072464,2026-03-23,48
MED018,Dextrométhorphane 15mg,2797.0238024072464,2026-03-24,20
MED018,Dextrométhorphane 15mg,2797.0238024072464,2026-03-25,36
MED018,Dextrométhorphane 15mg,2797.0238024072464,2026-03-26,14
MED018,Dextrométhorphane 15mg,2797.0238024072464,2026-03-27,45
MED018,Dextrométhorphane 15mg,2797.0238024072464,2026-03-28,62
MED018,Dextrométhorphane 15mg,2797.0238024072464,2026-03-29,36
MED018,Dextrométhorphane 15mg,2797.0238024072464,2026-03-30,26
MED018,Dextrométhorphane 15mg,2797.0238024072464,2026-03-31,39
MED018,Dextrométhorphane 15mg,2797.0238024072464,2026-04-01,45
MED018,Dextrométhorphane 15mg,2797.0238024072464,2026-04-02,44
MED018,Dextrométhorphane 15mg,2797.0238024072464,2026-04-03,29
MED018,Dextrométhorphane 15mg,2797.0238024072464,2026-04-04,49
MED018,Dextrométhorphane 15mg,2797.0238024072464,2026-04-05,41
MED018,Dextrométhorphane 15mg,2797.0238024072464,2026-04-06,31
MED018,Dextrométhorphane 15mg,2797.0238024072464,2026-04-07,32
MED018,Dextrométhorphane 15mg,2797.0238024072464,2026-04-08,42
MED018,Dextrométhorphane 15mg,2797.0238024072464,2026-04-09,15
MED018,Dextrométhorphane 15mg,2797.0238024072464,2026-04-10,36
MED018,Dextrométhorphane 15mg,2797.0238024072464,2026-04-11,45
MED018,Dextrométhorphane 15mg,2797.0238024072464,2026-04-12,24
MED018,Dextrométhorphane 15mg,2797.0238024072464,2026-04-13,10
MED018,Dextrométhorphane 15mg,2797.0238024072464,2026-04-14,46
MED018,Dextrométhorphane 15mg,2797.0238024072464,2026-04-15,44
MED018,Dextrométhorphane 15mg,2797.0238024072464,2026-04-16,13
MED018,Dextrométhorphane 15mg,2797.0238024072464,2026-04-17,40
MED018,Dextrométhorphane 15mg,2797.0238024072464,2026-04-18,60
MED018,Dextrométhorphane 15mg,2797.0238024072464,2026-04-19,47
MED018,Dextrométhorphane 15mg,2797.0238024072464,2026-04-20,45
MED018,Dextrométhorphane 15mg,2797.0238024072464,2026-04-21,21
MED018,Dextrométhorphane 15mg,2797.0238024072464,2026-04-22,42
MED018,Dextrométhorphane 15mg,2797.0238024072464,2026-04-23,27
MED018,Dextrométhorphane 15mg,2797.0238024072464,2026-04-24,29
MED018,Dextrométhorphane 15mg,2797.0238024072464,2026-04-25,30
MED018,Dextrométhorphane 15mg,2797.0238024072464,2026-04-26,41
MED018,Dextrométhorphane 15mg,2797.0238024072464,2026-04-27,37
MED018,Dextrométhorphane 15mg,2797.0238024072464,2026-04-28,42
MED018,Dextrométhorphane 15mg,2797.0238024072464,2026-04-29,40
MED018,Dextrométhorphane 15mg,2797.0238024072464,2026-04-30,27
MED018,Dextrométhorphane 15mg,2797.0238024072464,2026-05-01,24
MED018,Dextrométhorphane 15mg,2797.0238024072464,2026-05-02,50
MED018,Dextrométhorphane 15mg,2797.0238024072464,2026-05-03,41
MED018,Dextrométhorphane 15mg,2797.0238024072464,2026-05-04,52
MED018,Dextrométhorphane 15mg,2797.0238024072464,2026-05-05,12
MED018,Dextrométhorphane 15mg,2797.0238024072464,2026-05-06,34
MED018,Dextrométhorphane 15mg,2797.0238024072464,2026-05-07,36
MED018,Dextrométhorphane 15mg,2797.0238024072464,2026-05-08,42
MED018,Dextrométhorphane 15mg,2797.0238024072464,2026-05-09,55
MED018,Dextrométhorphane 15mg,2797.0238024072464,2026-05-10,41
MED018,Dextrométhorphane 15mg,2797.0238024072464,2026-05-11,39
MED018,Dextrométhorphane 15mg,2797.0238024072464,2026-05-12,31
MED018,Dextrométhorphane 15mg,2797.0238024072464,2026-05-13,26
MED018,Dextrométhorphane 15mg,2797.0238024072464,2026-05-14,26
MED018,Dextrométhorphane 15mg,2797.0238024072464,2026-05-15,40
MED018,Dextrométhorphane 15mg,2797.0238024072464,2026-05-16,49
MED018,Dextrométhorphane 15mg,2797.0238024072464,2026-05-17,30
MED018,Dextrométhorphane 15mg,2797.0238024072464,2026-05-18,29
MED018,Dextrométhorphane 15mg,2797.0238024072464,2026-05-19,26
MED018,Dextrométhorphane 15mg,2797.0238024072464,2026-05-20,31
MED018,Dextrométhorphane 15mg,2797.0238024072464,2026-05-21,29
MED018,Dextrométhorphane 15mg,2797.0238024072464,2026-05-22,29
MED018,Dextrométhorphane 15mg,2797.0238024072464,2026-05-23,49
MED018,Dextrométhorphane 15mg,2797.0238024072464,2026-05-24,41
MED018,Dextrométhorphane 15mg,2797.0238024072464,2026-05-25,48
MED018,Dextrométhorphane 15mg,2797.0238024072464,2026-05-26,55
MED018,Dextrométhorphane 15mg,2797.0238024072464,2026-05-27,31
MED018,Dextrométhorphane 15mg,2797.0238024072464,2026-05-28,38
MED018,Dextrométhorphane 15mg,2797.0238024072464,2026-05-29,29
MED018,Dextrométhorphane 15mg,2797.0238024072464,2026-05-30,51
MED018,Dextrométhorphane 15mg,2797.0238024072464,2026-05-31,48
MED018,Dextrométhorphane 15mg,2797.0238024072464,2026-06-01,72
MED018,Dextrométhorphane 15mg,2797.0238024072464,2026-06-02,75
MED018,Dextrométhorphane 15mg,2797.0238024072464,2026-06-03,45
MED018,Dextrométhorphane 15mg,2797.0238024072464,2026-06-04,90
MED018,Dextrométhorphane 15mg,2797.0238024072464,2026-06-05,47
MED018,Dextrométhorphane 15mg,2797.0238024072464,2026-06-06,37
MED018,Dextrométhorphane 15mg,2797.0238024072464,2026-06-07,36
MED018,Dextrométhorphane 15mg,2797.0238024072464,2026-06-08,50
MED018,Dextrométhorphane 15mg,2797.0238024072464,2026-06-09,58
MED018,Dextrométhorphane 15mg,2797.0238024072464,2026-06-10,48
MED018,Dextrométhorphane 15mg,2797.0238024072464,2026-06-11,43
MED018,Dextrométhorphane 15mg,2797.0238024072464,2026-06-12,51
MED018,Dextrométhorphane 15mg,2797.0238024072464,2026-06-13,53
MED018,Dextrométhorphane 15mg,2797.0238024072464,2026-06-14,59
MED018,Dextrométhorphane 15mg,2797.0238024072464,2026-06-15,41
MED018,Dextrométhorphane 15mg,2797.0238024072464,2026-06-16,60
MED018,Dextrométhorphane 15mg,2797.0238024072464,2026-06-17,76
MED018,Dextrométhorphane 15mg,2797.0238024072464,2026-06-18,53
MED018,Dextrométhorphane 15mg,2797.0238024072464,2026-06-19,62
MED018,Dextrométhorphane 15mg,2797.0238024072464,2026-06-20,7
MED018,Dextrométhorphane 15mg,2797.0238024072464,2026-06-21,48
MED018,Dextrométhorphane 15mg,2797.0238024072464,2026-06-22,61
MED018,Dextrométhorphane 15mg,2797.0238024072464,2026-06-23,44
MED018,Dextrométhorphane 15mg,2797.0238024072464,2026-06-24,79
MED018,Dextrométhorphane 15mg,2797.0238024072464,2026-06-25,64
MED018,Dextrométhorphane 15mg,2797.0238024072464,2026-06-26,47
MED018,Dextrométhorphane 15mg,2797.0238024072464,2026-06-27,28
MED018,Dextrométhorphane 15mg,2797.0238024072464,2026-06-28,72
MED018,Dextrométhorphane 15mg,2797.0238024072464,2026-06-29,35
MED018,Dextrométhorphane 15mg,2797.0238024072464,2026-06-30,56
MED018,Dextrométhorphane 15mg,2797.0238024072464,2026-07-01,53
MED018,Dextrométhorphane 15mg,2797.0238024072464,2026-07-02,56
MED018,Dextrométhorphane 15mg,2797.0238024072464,2026-07-03,43
MED018,Dextrométhorphane 15mg,2797.0238024072464,2026-07-04,63
MED018,Dextrométhorphane 15mg,2797.0238024072464,2026-07-05,45
MED018,Dextrométhorphane 15mg,2797.0238024072464,2026-07-06,55
MED018,Dextrométhorphane 15mg,2797.0238024072464,2026-07-07,64
MED018,Dextrométhorphane 15mg,2797.0238024072464,2026-07-08,20
MED018,Dextrométhorphane 15mg,2797.0238024072464,2026-07-09,31
MED018,Dextrométhorphane 15mg,2797.0238024072464,2026-07-10,56
MED018,Dextrométhorphane 15mg,2797.0238024072464,2026-07-11,45
MED018,Dextrométhorphane 15mg,2797.0238024072464,2026-07-12,50
MED018,Dextrométhorphane 15mg,2797.0238024072464,2026-07-13,95
MED018,Dextrométhorphane 15mg,2797.0238024072464,2026-07-14,73
MED018,Dextrométhorphane 15mg,2797.0238024072464,2026-07-15,40
MED018,Dextrométhorphane 15mg,2797.0238024072464,2026-07-16,63
MED018,Dextrométhorphane 15mg,2797.0238024072464,2026-07-17,41
MED018,Dextrométhorphane 15mg,2797.0238024072464,2026-07-18,64
MED018,Dextrométhorphane 15mg,2797.0238024072464,2026-07-19,47
MED018,Dextrométhorphane 15mg,2797.0238024072464,2026-07-20,55
MED018,Dextrométhorphane 15mg,2797.0238024072464,2026-07-21,16
MED018,Dextrométhorphane 15mg,2797.0238024072464,2026-07-22,32
MED018,Dextrométhorphane 15mg,2797.0238024072464,2026-07-23,69
MED018,Dextrométhorphane 15mg,2797.0238024072464,2026-07-24,65
MED018,Dextrométhorphane 15mg,2797.0238024072464,2026-07-25,63
MED018,Dextrométhorphane 15mg,2797.0238024072464,2026-07-26,38
MED018,Dextrométhorphane 15mg,2797.0238024072464,2026-07-27,64
MED018,Dextrométhorphane 15mg,2797.0238024072464,2026-07-28,37
MED018,Dextrométhorphane 15mg,2797.0238024072464,2026-07-29,63
MED018,Dextrométhorphane 15mg,2797.0238024072464,2026-07-30,47
MED018,Dextrométhorphane 15mg,2797.0238024072464,2026-07-31,66
MED018,Dextrométhorphane 15mg,2797.0238024072464,2026-08-01,59
MED018,Dextrométhorphane 15mg,2797.0238024072464,2026-08-02,34
MED018,Dextrométhorphane 15mg,2797.0238024072464,2026-08-03,54
MED018,Dextrométhorphane 15mg,2797.0238024072464,2026-08-04,88
MED018,Dextrométhorphane 15mg,2797.0238024072464,2026-08-05,62
MED018,Dextrométhorphane 15mg,2797.0238024072464,2026-08-06,3
MED018,Dextrométhorphane 15mg,2797.0238024072464,2026-08-07,73
MED018,Dextrométhorphane 15mg,2797.0238024072464,2026-08-08,65
MED018,Dextrométhorphane 15mg,2797.0238024072464,2026-08-09,40
MED018,Dextrométhorphane 15mg,2797.0238024072464,2026-08-10,65
MED018,Dextrométhorphane 15mg,2797.0238024072464,2026-08-11,73
MED018,Dextrométhorphane 15mg,2797.0238024072464,2026-08-12,64
MED018,Dextrométhorphane 15mg,2797.0238024072464,2026-08-13,51
MED018,Dextrométhorphane 15mg,2797.0238024072464,2026-08-14,53
MED018,Dextrométhorphane 15mg,2797.0238024072464,2026-08-15,68
MED018,Dextrométhorphane 15mg,2797.0238024072464,2026-08-16,50
MED018,Dextrométhorphane 15mg,2797.0238024072464,2026-08-17,84
MED018,Dextrométhorphane 15mg,2797.0238024072464,2026-08-18,48
MED019,Oméprazole 20mg,3001.4130966610132,2025-08-19,127
MED019,Oméprazole 20mg,3001.4130966610132,2025-08-20,148
MED019,Oméprazole 20mg,3001.4130966610132,2025-08-21,111
MED019,Oméprazole 20mg,3001.4130966610132,2025-08-22,117
MED019,Oméprazole 20mg,3001.4130966610132,2025-08-23,120
MED019,Oméprazole 20mg,3001.4130966610132,2025-08-24,102
MED019,Oméprazole 20mg,3001.4130966610132,2025-08-25,129
MED019,Oméprazole 20mg,3001.4130966610132,2025-08-26,114
MED019,Oméprazole 20mg,3001.4130966610132,2025-08-27,175
MED019,Oméprazole 20mg,3001.4130966610132,2025-08-28,127
MED019,Oméprazole 20mg,3001.4130966610132,2025-08-29,100
MED019,Oméprazole 20mg,3001.4130966610132,2025-08-30,78
MED019,Oméprazole 20mg,3001.4130966610132,2025-08-31,77
MED019,Oméprazole 20mg,3001.4130966610132,2025-09-01,94
MED019,Oméprazole 20mg,3001.4130966610132,2025-09-02,110
MED019,Oméprazole 20mg,3001.4130966610132,2025-09-03,144
MED019,Oméprazole 20mg,3001.4130966610132,2025-09-04,92
MED019,Oméprazole 20mg,3001.4130966610132,2025-09-05,170
MED019,Oméprazole 20mg,3001.4130966610132,2025-09-06,128
MED019,Oméprazole 20mg,3001.4130966610132,2025-09-07,76
MED019,Oméprazole 20mg,3001.4130966610132,2025-09-08,154
MED019,Oméprazole 20mg,3001.4130966610132,2025-09-09,93
MED019,Oméprazole 20mg,3001.4130966610132,2025-09-10,124
MED019,Oméprazole 20mg,3001.4130966610132,2025-09-11,112
MED019,Oméprazole 20mg,3001.4130966610132,2025-09-12,150
MED019,Oméprazole 20mg,3001.4130966610132,2025-09-13,128
MED019,Oméprazole 20mg,3001.4130966610132,2025-09-14,88
MED019,Oméprazole 20mg,3001.4130966610132,2025-09-15,94
MED019,Oméprazole 20mg,3001.4130966610132,2025-09-16,148
MED019,Oméprazole 20mg,3001.4130966610132,2025-09-17,99
MED019,Oméprazole 20mg,3001.4130966610132,2025-09-18,109
MED019,Oméprazole 20mg,3001.4130966610132,2025-09-19,164
MED019,Oméprazole 20mg,3001.4130966610132,2025-09-20,123
MED019,Oméprazole 20mg,3001.4130966610132,2025-09-21,88
MED019,Oméprazole 20mg,3001.4130966610132,2025-09-22,114
MED019,Oméprazole 20mg,3001.4130966610132,2025-09-23,65
MED019,Oméprazole 20mg,3001.4130966610132,2025-09-24,95
MED019,Oméprazole 20mg,3001.4130966610132,2025-09-25,71
MED019,Oméprazole 20mg,3001.4130966610132,2025-09-26,64
MED019,Oméprazole 20mg,3001.4130966610132,2025-09-27,103
MED019,Oméprazole 20mg,3001.4130966610132,2025-09-28,114
MED019,Oméprazole 20mg,3001.4130966610132,2025-09-29,135
MED019,Oméprazole 20mg,3001.4130966610132,2025-09-30,160
MED019,Oméprazole 20mg,3001.4130966610132,2025-10-01,86
MED019,Oméprazole 20mg,3001.4130966610132,2025-10-02,93
MED019,Oméprazole 20mg,3001.4130966610132,2025-10-03,95
MED019,Oméprazole 20mg,3001.4130966610132,2025-10-04,165
MED019,Oméprazole 20mg,3001.4130966610132,2025-10-05,135
MED019,Oméprazole 20mg,3001.4130966610132,2025-10-06,77
MED019,Oméprazole 20mg,3001.4130966610132,2025-10-07,157
MED019,Oméprazole 20mg,3001.4130966610132,2025-10-08,113
MED019,Oméprazole 20mg,3001.4130966610132,2025-10-09,153
MED019,Oméprazole 20mg,3001.4130966610132,2025-10-10,140
MED019,Oméprazole 20mg,3001.4130966610132,2025-10-11,187
MED019,Oméprazole 20mg,3001.4130966610132,2025-10-12,111
MED019,Oméprazole 20mg,3001.4130966610132,2025-10-13,98
MED019,Oméprazole 20mg,3001.4130966610132,2025-10-14,94
MED019,Oméprazole 20mg,3001.4130966610132,2025-10-15,96
MED019,Oméprazole 20mg,3001.4130966610132,2025-10-16,156
MED019,Oméprazole 20mg,3001.4130966610132,2025-10-17,131
MED019,Oméprazole 20mg,3001.4130966610132,2025-10-18,202
MED019,Oméprazole 20mg,3001.4130966610132,2025-10-19,137
MED019,Oméprazole 20mg,3001.4130966610132,2025-10-20,146
MED019,Oméprazole 20mg,3001.4130966610132,2025-10-21,180
MED019,Oméprazole 20mg,3001.4130966610132,2025-10-22,122
MED019,Oméprazole 20mg,3001.4130966610132,2025-10-23,147
MED019,Oméprazole 20mg,3001.4130966610132,2025-10-24,112
MED019,Oméprazole 20mg,3001.4130966610132,2025-10-25,160
MED019,Oméprazole 20mg,3001.4130966610132,2025-10-26,110
MED019,Oméprazole 20mg,3001.4130966610132,2025-10-27,113
MED019,Oméprazole 20mg,3001.4130966610132,2025-10-28,62
MED019,Oméprazole 20mg,3001.4130966610132,2025-10-29,135
MED019,Oméprazole 20mg,3001.4130966610132,2025-10-30,116
MED019,Oméprazole 20mg,3001.4130966610132,2025-10-31,125
MED019,Oméprazole 20mg,3001.4130966610132,2025-11-01,98
MED019,Oméprazole 20mg,3001.4130966610132,2025-11-02,45
MED019,Oméprazole 20mg,3001.4130966610132,2025-11-03,100
MED019,Oméprazole 20mg,3001.4130966610132,2025-11-04,64
MED019,Oméprazole 20mg,3001.4130966610132,2025-11-05,70
MED019,Oméprazole 20mg,3001.4130966610132,2025-11-06,50
MED019,Oméprazole 20mg,3001.4130966610132,2025-11-07,85
MED019,Oméprazole 20mg,3001.4130966610132,2025-11-08,113
MED019,Oméprazole 20mg,3001.4130966610132,2025-11-09,40
MED019,Oméprazole 20mg,3001.4130966610132,2025-11-10,42
MED019,Oméprazole 20mg,3001.4130966610132,2025-11-11,51
MED019,Oméprazole 20mg,3001.4130966610132,2025-11-12,29
MED019,Oméprazole 20mg,3001.4130966610132,2025-11-13,52
MED019,Oméprazole 20mg,3001.4130966610132,2025-11-14,91
MED019,Oméprazole 20mg,3001.4130966610132,2025-11-15,112
MED019,Oméprazole 20mg,3001.4130966610132,2025-11-16,35
MED019,Oméprazole 20mg,3001.4130966610132,2025-11-17,88
MED019,Oméprazole 20mg,3001.4130966610132,2025-11-18,11
MED019,Oméprazole 20mg,3001.4130966610132,2025-11-19,96
MED019,Oméprazole 20mg,3001.4130966610132,2025-11-20,46
MED019,Oméprazole 20mg,3001.4130966610132,2025-11-21,98
MED019,Oméprazole 20mg,3001.4130966610132,2025-11-22,96
MED019,Oméprazole 20mg,3001.4130966610132,2025-11-23,97
MED019,Oméprazole 20mg,3001.4130966610132,2025-11-24,35
MED019,Oméprazole 20mg,3001.4130966610132,2025-11-25,51
MED019,Oméprazole 20mg,3001.4130966610132,2025-11-26,38
MED019,Oméprazole 20mg,3001.4130966610132,2025-11-27,81
MED019,Oméprazole 20mg,3001.4130966610132,2025-11-28,105
MED019,Oméprazole 20mg,3001.4130966610132,2025-11-29,65
MED019,Oméprazole 20mg,3001.4130966610132,2025-11-30,63
MED019,Oméprazole 20mg,3001.4130966610132,2025-12-01,108
MED019,Oméprazole 20mg,3001.4130966610132,2025-12-02,60
MED019,Oméprazole 20mg,3001.4130966610132,2025-12-03,79
MED019,Oméprazole 20mg,3001.4130966610132,2025-12-04,71
MED019,Oméprazole 20mg,3001.4130966610132,2025-12-05,59
MED019,Oméprazole 20mg,3001.4130966610132,2025-12-06,100
MED019,Oméprazole 20mg,3001.4130966610132,2025-12-07,64
MED019,Oméprazole 20mg,3001.4130966610132,2025-12-08,70
MED019,Oméprazole 20mg,3001.4130966610132,2025-12-09,65
MED019,Oméprazole 20mg,3001.4130966610132,2025-12-10,80
MED019,Oméprazole 20mg,3001.4130966610132,2025-12-11,73
MED019,Oméprazole 20mg,3001.4130966610132,2025-12-12,53
MED019,Oméprazole 20mg,3001.4130966610132,2025-12-13,125
MED019,Oméprazole 20mg,3001.4130966610132,2025-12-14,79
MED019,Oméprazole 20mg,3001.4130966610132,2025-12-15,45
MED019,Oméprazole 20mg,3001.4130966610132,2025-12-16,74
MED019,Oméprazole 20mg,3001.4130966610132,2025-12-17,43
MED019,Oméprazole 20mg,3001.4130966610132,2025-12-18,68
MED019,Oméprazole 20mg,3001.4130966610132,2025-12-19,77
MED019,Oméprazole 20mg,3001.4130966610132,2025-12-20,79
MED019,Oméprazole 20mg,3001.4130966610132,2025-12-21,61
MED019,Oméprazole 20mg,3001.4130966610132,2025-12-22,84
MED019,Oméprazole 20mg,3001.4130966610132,2025-12-23,41
MED019,Oméprazole 20mg,3001.4130966610132,2025-12-24,78
MED019,Oméprazole 20mg,3001.4130966610132,2025-12-25,55
MED019,Oméprazole 20mg,3001.4130966610132,2025-12-26,48
MED019,Oméprazole 20mg,3001.4130966610132,2025-12-27,98
MED019,Oméprazole 20mg,3001.4130966610132,2025-12-28,107
MED019,Oméprazole 20mg,3001.4130966610132,2025-12-29,72
MED019,Oméprazole 20mg,3001.4130966610132,2025-12-30,84
MED019,Oméprazole 20mg,3001.4130966610132,2025-12-31,77
MED019,Oméprazole 20mg,3001.4130966610132,2026-01-01,99
MED019,Oméprazole 20mg,3001.4130966610132,2026-01-02,69
MED019,Oméprazole 20mg,3001.4130966610132,2026-01-03,73
MED019,Oméprazole 20mg,3001.4130966610132,2026-01-04,55
MED019,Oméprazole 20mg,3001.4130966610132,2026-01-05,75
MED019,Oméprazole 20mg,3001.4130966610132,2026-01-06,83
MED019,Oméprazole 20mg,3001.4130966610132,2026-01-07,62
MED019,Oméprazole 20mg,3001.4130966610132,2026-01-08,83
MED019,Oméprazole 20mg,3001.4130966610132,2026-01-09,85
MED019,Oméprazole 20mg,3001.4130966610132,2026-01-10,103
MED019,Oméprazole 20mg,3001.4130966610132,2026-01-11,49
MED019,Oméprazole 20mg,3001.4130966610132,2026-01-12,50
MED019,Oméprazole 20mg,3001.4130966610132,2026-01-13,78
MED019,Oméprazole 20mg,3001.4130966610132,2026-01-14,74
MED019,Oméprazole 20mg,3001.4130966610132,2026-01-15,93
MED019,Oméprazole 20mg,3001.4130966610132,2026-01-16,65
MED019,Oméprazole 20mg,3001.4130966610132,2026-01-17,78
MED019,Oméprazole 20mg,3001.4130966610132,2026-01-18,93
MED019,Oméprazole 20mg,3001.4130966610132,2026-01-19,74
MED019,Oméprazole 20mg,3001.4130966610132,2026-01-20,72
MED019,Oméprazole 20mg,3001.4130966610132,2026-01-21,64
MED019,Oméprazole 20mg,3001.4130966610132,2026-01-22,101
MED019,Oméprazole 20mg,3001.4130966610132,2026-01-23,90
MED019,Oméprazole 20mg,3001.4130966610132,2026-01-24,116
MED019,Oméprazole 20mg,3001.4130966610132,2026-01-25,107
MED019,Oméprazole 20mg,3001.4130966610132,2026-01-26,128
MED019,Oméprazole 20mg,3001.4130966610132,2026-01-27,60
MED019,Oméprazole 20mg,3001.4130966610132,2026-01-28,57
MED019,Oméprazole 20mg,3001.4130966610132,2026-01-29,62
MED019,Oméprazole 20mg,3001.4130966610132,2026-01-30,78
MED019,Oméprazole 20mg,3001.4130966610132,2026-01-31,131
MED019,Oméprazole 20mg,3001.4130966610132,2026-02-01,74
MED019,Oméprazole 20mg,3001.4130966610132,2026-02-02,76
MED019,Oméprazole 20mg,3001.4130966610132,2026-02-03,93
MED019,Oméprazole 20mg,3001.4130966610132,2026-02-04,80
MED019,Oméprazole 20mg,3001.4130966610132,2026-02-05,66
MED019,Oméprazole 20mg,3001.4130966610132,2026-02-06,96
MED019,Oméprazole 20mg,3001.4130966610132,2026-02-07,83
MED019,Oméprazole 20mg,3001.4130966610132,2026-02-08,65
MED019,Oméprazole 20mg,3001.4130966610132,2026-02-09,64
MED019,Oméprazole 20mg,3001.4130966610132,2026-02-10,88
MED019,Oméprazole 20mg,3001.4130966610132,2026-02-11,23
MED019,Oméprazole 20mg,3001.4130966610132,2026-02-12,75
MED019,Oméprazole 20mg,3001.4130966610132,2026-02-13,85
MED019,Oméprazole 20mg,3001.4130966610132,2026-02-14,161
MED019,Oméprazole 20mg,3001.4130966610132,2026-02-15,44
MED019,Oméprazole 20mg,3001.4130966610132,2026-02-16,65
MED019,Oméprazole 20mg,3001.4130966610132,2026-02-17,108
MED019,Oméprazole 20mg,3001.4130966610132,2026-02-18,61
MED019,Oméprazole 20mg,3001.4130966610132,2026-02-19,45
MED019,Oméprazole 20mg,3001.4130966610132,2026-02-20,41
MED019,Oméprazole 20mg,3001.4130966610132,2026-02-21,79
MED019,Oméprazole 20mg,3001.4130966610132,2026-02-22,45
MED019,Oméprazole 20mg,3001.4130966610132,2026-02-23,51
MED019,Oméprazole 20mg,3001.4130966610132,2026-02-24,69
MED019,Oméprazole 20mg,3001.4130966610132,2026-02-25,112
MED019,Oméprazole 20mg,3001.4130966610132,2026-02-26,74
MED019,Oméprazole 20mg,3001.4130966610132,2026-02-27,60
MED019,Oméprazole 20mg,3001.4130966610132,2026-02-28,98
MED019,Oméprazole 20mg,3001.4130966610132,2026-03-01,69
MED019,Oméprazole 20mg,3001.4130966610132,2026-03-02,75
MED019,Oméprazole 20mg,3001.4130966610132,2026-03-03,42
MED019,Oméprazole 20mg,3001.4130966610132,2026-03-04,60
MED019,Oméprazole 20mg,3001.4130966610132,2026-03-05,80
MED019,Oméprazole 20mg,3001.4130966610132,2026-03-06,61
MED019,Oméprazole 20mg,3001.4130966610132,2026-03-07,90
MED019,Oméprazole 20mg,3001.4130966610132,2026-03-08,142
MED019,Oméprazole 20mg,3001.4130966610132,2026-03-09,100
MED019,Oméprazole 20mg,3001.4130966610132,2026-03-10,97
MED019,Oméprazole 20mg,3001.4130966610132,2026-03-11,66
MED019,Oméprazole 20mg,3001.4130966610132,2026-03-12,74
MED019,Oméprazole 20mg,3001.4130966610132,2026-03-13,51
MED019,Oméprazole 20mg,3001.4130966610132,2026-03-14,147
MED019,Oméprazole 20mg,3001.4130966610132,2026-03-15,29
MED019,Oméprazole 20mg,3001.4130966610132,2026-03-16,38
MED019,Oméprazole 20mg,3001.4130966610132,2026-03-17,33
MED019,Oméprazole 20mg,3001.4130966610132,2026-03-18,36
MED019,Oméprazole 20mg,3001.4130966610132,2026-03-19,104
MED019,Oméprazole 20mg,3001.4130966610132,2026-03-20,71
MED019,Oméprazole 20mg,3001.4130966610132,2026-03-21,90
MED019,Oméprazole 20mg,3001.4130966610132,2026-03-22,84
MED019,Oméprazole 20mg,3001.4130966610132,2026-03-23,38
MED019,Oméprazole 20mg,3001.4130966610132,2026-03-24,50
MED019,Oméprazole 20mg,3001.4130966610132,2026-03-25,50
MED019,Oméprazole 20mg,3001.4130966610132,2026-03-26,78
MED019,Oméprazole 20mg,3001.4130966610132,2026-03-27,126
MED019,Oméprazole 20mg,3001.4130966610132,2026-03-28,57
MED019,Oméprazole 20mg,3001.4130966610132,2026-03-29,89
MED019,Oméprazole 20mg,3001.4130966610132,2026-03-30,102
MED019,Oméprazole 20mg,3001.4130966610132,2026-03-31,115
MED019,Oméprazole 20mg,3001.4130966610132,2026-04-01,91
MED019,Oméprazole 20mg,3001.4130966610132,2026-04-02,83
MED019,Oméprazole 20mg,3001.4130966610132,2026-04-03,55
MED019,Oméprazole 20mg,3001.4130966610132,2026-04-04,95
MED019,Oméprazole 20mg,3001.4130966610132,2026-04-05,98
MED019,Oméprazole 20mg,3001.4130966610132,2026-04-06,76
MED019,Oméprazole 20mg,3001.4130966610132,2026-04-07,56
MED019,Oméprazole 20mg,3001.4130966610132,2026-04-08,98
MED019,Oméprazole 20mg,3001.4130966610132,2026-04-09,108
MED019,Oméprazole 20mg,3001.4130966610132,2026-04-10,61
MED019,Oméprazole 20mg,3001.4130966610132,2026-04-11,44
MED019,Oméprazole 20mg,3001.4130966610132,2026-04-12,113
MED019,Oméprazole 20mg,3001.4130966610132,2026-04-13,45
MED019,Oméprazole 20mg,3001.4130966610132,2026-04-14,90
MED019,Oméprazole 20mg,3001.4130966610132,2026-04-15,78
MED019,Oméprazole 20mg,3001.4130966610132,2026-04-16,109
MED019,Oméprazole 20mg,3001.4130966610132,2026-04-17,93
MED019,Oméprazole 20mg,3001.4130966610132,2026-04-18,87
MED019,Oméprazole 20mg,3001.4130966610132,2026-04-19,56
MED019,Oméprazole 20mg,3001.4130966610132,2026-04-20,91
MED019,Oméprazole 20mg,3001.4130966610132,2026-04-21,73
MED019,Oméprazole 20mg,3001.4130966610132,2026-04-22,84
MED019,Oméprazole 20mg,3001.4130966610132,2026-04-23,79
MED019,Oméprazole 20mg,3001.4130966610132,2026-04-24,64
MED019,Oméprazole 20mg,3001.4130966610132,2026-04-25,104
MED019,Oméprazole 20mg,3001.4130966610132,2026-04-26,84
MED019,Oméprazole 20mg,3001.4130966610132,2026-04-27,100
MED019,Oméprazole 20mg,3001.4130966610132,2026-04-28,94
MED019,Oméprazole 20mg,3001.4130966610132,2026-04-29,138
MED019,Oméprazole 20mg,3001.4130966610132,2026-04-30,83
MED019,Oméprazole 20mg,3001.4130966610132,2026-05-01,77
MED019,Oméprazole 20mg,3001.4130966610132,2026-05-02,84
MED019,Oméprazole 20mg,3001.4130966610132,2026-05-03,84
MED019,Oméprazole 20mg,3001.4130966610132,2026-05-04,48
MED019,Oméprazole 20mg,3001.4130966610132,2026-05-05,93
MED019,Oméprazole 20mg,3001.4130966610132,2026-05-06,97
MED019,Oméprazole 20mg,3001.4130966610132,2026-05-07,87
MED019,Oméprazole 20mg,3001.4130966610132,2026-05-08,81
MED019,Oméprazole 20mg,3001.4130966610132,2026-05-09,87
MED019,Oméprazole 20mg,3001.4130966610132,2026-05-10,57
MED019,Oméprazole 20mg,3001.4130966610132,2026-05-11,94
MED019,Oméprazole 20mg,3001.4130966610132,2026-05-12,103
MED019,Oméprazole 20mg,3001.4130966610132,2026-05-13,77
MED019,Oméprazole 20mg,3001.4130966610132,2026-05-14,115
MED019,Oméprazole 20mg,3001.4130966610132,2026-05-15,53
MED019,Oméprazole 20mg,3001.4130966610132,2026-05-16,65
MED019,Oméprazole 20mg,3001.4130966610132,2026-05-17,81
MED019,Oméprazole 20mg,3001.4130966610132,2026-05-18,84
MED019,Oméprazole 20mg,3001.4130966610132,2026-05-19,85
MED019,Oméprazole 20mg,3001.4130966610132,2026-05-20,106
MED019,Oméprazole 20mg,3001.4130966610132,2026-05-21,75
MED019,Oméprazole 20mg,3001.4130966610132,2026-05-22,60
MED019,Oméprazole 20mg,3001.4130966610132,2026-05-23,43
MED019,Oméprazole 20mg,3001.4130966610132,2026-05-24,122
MED019,Oméprazole 20mg,3001.4130966610132,2026-05-25,29
MED019,Oméprazole 20mg,3001.4130966610132,2026-05-26,68
MED019,Oméprazole 20mg,3001.4130966610132,2026-05-27,35
MED019,Oméprazole 20mg,3001.4130966610132,2026-05-28,109
MED019,Oméprazole 20mg,3001.4130966610132,2026-05-29,68
MED019,Oméprazole 20mg,3001.4130966610132,2026-05-30,55
MED019,Oméprazole 20mg,3001.4130966610132,2026-05-31,96
MED019,Oméprazole 20mg,3001.4130966610132,2026-06-01,156
MED019,Oméprazole 20mg,3001.4130966610132,2026-06-02,150
MED019,Oméprazole 20mg,3001.4130966610132,2026-06-03,117
MED019,Oméprazole 20mg,3001.4130966610132,2026-06-04,126
MED019,Oméprazole 20mg,3001.4130966610132,2026-06-05,92
MED019,Oméprazole 20mg,3001.4130966610132,2026-06-06,92
MED019,Oméprazole 20mg,3001.4130966610132,2026-06-07,148
MED019,Oméprazole 20mg,3001.4130966610132,2026-06-08,128
MED019,Oméprazole 20mg,3001.4130966610132,2026-06-09,94
MED019,Oméprazole 20mg,3001.4130966610132,2026-06-10,125
MED019,Oméprazole 20mg,3001.4130966610132,2026-06-11,161
MED019,Oméprazole 20mg,3001.4130966610132,2026-06-12,127
MED019,Oméprazole 20mg,3001.4130966610132,2026-06-13,76
MED019,Oméprazole 20mg,3001.4130966610132,2026-06-14,89
MED019,Oméprazole 20mg,3001.4130966610132,2026-06-15,152
MED019,Oméprazole 20mg,3001.4130966610132,2026-06-16,151
MED019,Oméprazole 20mg,3001.4130966610132,2026-06-17,90
MED019,Oméprazole 20mg,3001.4130966610132,2026-06-18,131
MED019,Oméprazole 20mg,3001.4130966610132,2026-06-19,141
MED019,Oméprazole 20mg,3001.4130966610132,2026-06-20,122
MED019,Oméprazole 20mg,3001.4130966610132,2026-06-21,126
MED019,Oméprazole 20mg,3001.4130966610132,2026-06-22,139
MED019,Oméprazole 20mg,3001.4130966610132,2026-06-23,112
MED019,Oméprazole 20mg,3001.4130966610132,2026-06-24,119
MED019,Oméprazole 20mg,3001.4130966610132,2026-06-25,187
MED019,Oméprazole 20mg,3001.4130966610132,2026-06-26,84
MED019,Oméprazole 20mg,3001.4130966610132,2026-06-27,176
MED019,Oméprazole 20mg,3001.4130966610132,2026-06-28,96
MED019,Oméprazole 20mg,3001.4130966610132,2026-06-29,160
MED019,Oméprazole 20mg,3001.4130966610132,2026-06-30,114
MED019,Oméprazole 20mg,3001.4130966610132,2026-07-01,158
MED019,Oméprazole 20mg,3001.4130966610132,2026-07-02,101
MED019,Oméprazole 20mg,3001.4130966610132,2026-07-03,79
MED019,Oméprazole 20mg,3001.4130966610132,2026-07-04,151
MED019,Oméprazole 20mg,3001.4130966610132,2026-07-05,108
MED019,Oméprazole 20mg,3001.4130966610132,2026-07-06,87
MED019,Oméprazole 20mg,3001.4130966610132,2026-07-07,106
MED019,Oméprazole 20mg,3001.4130966610132,2026-07-08,110
MED019,Oméprazole 20mg,3001.4130966610132,2026-07-09,73
MED019,Oméprazole 20mg,3001.4130966610132,2026-07-10,102
MED019,Oméprazole 20mg,3001.4130966610132,2026-07-11,117
MED019,Oméprazole 20mg,3001.4130966610132,2026-07-12,84
MED019,Oméprazole 20mg,3001.4130966610132,2026-07-13,89
MED019,Oméprazole 20mg,3001.4130966610132,2026-07-14,78
MED019,Oméprazole 20mg,3001.4130966610132,2026-07-15,110
MED019,Oméprazole 20mg,3001.4130966610132,2026-07-16,115
MED019,Oméprazole 20mg,3001.4130966610132,2026-07-17,52
MED019,Oméprazole 20mg,3001.4130966610132,2026-07-18,134
MED019,Oméprazole 20mg,3001.4130966610132,2026-07-19,153
MED019,Oméprazole 20mg,3001.4130966610132,2026-07-20,135
MED019,Oméprazole 20mg,3001.4130966610132,2026-07-21,136
MED019,Oméprazole 20mg,3001.4130966610132,2026-07-22,104
MED019,Oméprazole 20mg,3001.4130966610132,2026-07-23,127
MED019,Oméprazole 20mg,3001.4130966610132,2026-07-24,96
MED019,Oméprazole 20mg,3001.4130966610132,2026-07-25,206
MED019,Oméprazole 20mg,3001.4130966610132,2026-07-26,123
MED019,Oméprazole 20mg,3001.4130966610132,2026-07-27,90
MED019,Oméprazole 20mg,3001.4130966610132,2026-07-28,115
MED019,Oméprazole 20mg,3001.4130966610132,2026-07-29,138
MED019,Oméprazole 20mg,3001.4130966610132,2026-07-30,111
MED019,Oméprazole 20mg,3001.4130966610132,2026-07-31,111
MED019,Oméprazole 20mg,3001.4130966610132,2026-08-01,114
MED019,Oméprazole 20mg,3001.4130966610132,2026-08-02,117
MED019,Oméprazole 20mg,3001.4130966610132,2026-08-03,142
MED019,Oméprazole 20mg,3001.4130966610132,2026-08-04,47
MED019,Oméprazole 20mg,3001.4130966610132,2026-08-05,55
MED019,Oméprazole 20mg,3001.4130966610132,2026-08-06,91
MED019,Oméprazole 20mg,3001.4130966610132,2026-08-07,93
MED019,Oméprazole 20mg,3001.4130966610132,2026-08-08,121
MED019,Oméprazole 20mg,3001.4130966610132,2026-08-09,125
MED019,Oméprazole 20mg,3001.4130966610132,2026-08-10,67
MED019,Oméprazole 20mg,3001.4130966610132,2026-08-11,57
MED019,Oméprazole 20mg,3001.4130966610132,2026-08-12,42
MED019,Oméprazole 20mg,3001.4130966610132,2026-08-13,160
MED019,Oméprazole 20mg,3001.4130966610132,2026-08-14,135
MED019,Oméprazole 20mg,3001.4130966610132,2026-08-15,96
MED019,Oméprazole 20mg,3001.4130966610132,2026-08-16,173
MED019,Oméprazole 20mg,3001.4130966610132,2026-08-17,129
MED019,Oméprazole 20mg,3001.4130966610132,2026-08-18,97
MED020,Salbutamol 100mcg,1707.5708452054669,2025-08-19,77
MED020,Salbutamol 100mcg,1707.5708452054669,2025-08-20,87
MED020,Salbutamol 100mcg,1707.5708452054669,2025-08-21,87
MED020,Salbutamol 100mcg,1707.5708452054669,2025-08-22,52
MED020,Salbutamol 100mcg,1707.5708452054669,2025-08-23,67
MED020,Salbutamol 100mcg,1707.5708452054669,2025-08-24,48
MED020,Salbutamol 100mcg,1707.5708452054669,2025-08-25,70
MED020,Salbutamol 100mcg,1707.5708452054669,2025-08-26,52
MED020,Salbutamol 100mcg,1707.5708452054669,2025-08-27,79
MED020,Salbutamol 100mcg,1707.5708452054669,2025-08-28,70
MED020,Salbutamol 100mcg,1707.5708452054669,2025-08-29,74
MED020,Salbutamol 100mcg,1707.5708452054669,2025-08-30,114
MED020,Salbutamol 100mcg,1707.5708452054669,2025-08-31,49
MED020,Salbutamol 100mcg,1707.5708452054669,2025-09-01,98
MED020,Salbutamol 100mcg,1707.5708452054669,2025-09-02,76
MED020,Salbutamol 100mcg,1707.5708452054669,2025-09-03,76
MED020,Salbutamol 100mcg,1707.5708452054669,2025-09-04,66
MED020,Salbutamol 100mcg,1707.5708452054669,2025-09-05,74
MED020,Salbutamol 100mcg,1707.5708452054669,2025-09-06,83
MED020,Salbutamol 100mcg,1707.5708452054669,2025-09-07,63
MED020,Salbutamol 100mcg,1707.5708452054669,2025-09-08,119
MED020,Salbutamol 100mcg,1707.5708452054669,2025-09-09,58
MED020,Salbutamol 100mcg,1707.5708452054669,2025-09-10,93
MED020,Salbutamol 100mcg,1707.5708452054669,2025-09-11,62
MED020,Salbutamol 100mcg,1707.5708452054669,2025-09-12,79
MED020,Salbutamol 100mcg,1707.5708452054669,2025-09-13,64
MED020,Salbutamol 100mcg,1707.5708452054669,2025-09-14,52
MED020,Salbutamol 100mcg,1707.5708452054669,2025-09-15,57
MED020,Salbutamol 100mcg,1707.5708452054669,2025-09-16,77
MED020,Salbutamol 100mcg,1707.5708452054669,2025-09-17,25
MED020,Salbutamol 100mcg,1707.5708452054669,2025-09-18,56
MED020,Salbutamol 100mcg,1707.5708452054669,2025-09-19,34
MED020,Salbutamol 100mcg,1707.5708452054669,2025-09-20,52
MED020,Salbutamol 100mcg,1707.5708452054669,2025-09-21,61
MED020,Salbutamol 100mcg,1707.5708452054669,2025-09-22,81
MED020,Salbutamol 100mcg,1707.5708452054669,2025-09-23,65
MED020,Salbutamol 100mcg,1707.5708452054669,2025-09-24,35
MED020,Salbutamol 100mcg,1707.5708452054669,2025-09-25,57
MED020,Salbutamol 100mcg,1707.5708452054669,2025-09-26,102
MED020,Salbutamol 100mcg,1707.5708452054669,2025-09-27,84
MED020,Salbutamol 100mcg,1707.5708452054669,2025-09-28,52
MED020,Salbutamol 100mcg,1707.5708452054669,2025-09-29,63
MED020,Salbutamol 100mcg,1707.5708452054669,2025-09-30,74
MED020,Salbutamol 100mcg,1707.5708452054669,2025-10-01,80
MED020,Salbutamol 100mcg,1707.5708452054669,2025-10-02,84
MED020,Salbutamol 100mcg,1707.5708452054669,2025-10-03,63
MED020,Salbutamol 100mcg,1707.5708452054669,2025-10-04,44
MED020,Salbutamol 100mcg,1707.5708452054669,2025-10-05,68
MED020,Salbutamol 100mcg,1707.5708452054669,2025-10-06,59
MED020,Salbutamol 100mcg,1707.5708452054669,2025-10-07,85
MED020,Salbutamol 100mcg,1707.5708452054669,2025-10-08,57
MED020,Salbutamol 100mcg,1707.5708452054669,2025-10-09,75
MED020,Salbutamol 100mcg,1707.5708452054669,2025-10-10,58
MED020,Salbutamol 100mcg,1707.5708452054669,2025-10-11,33
MED020,Salbutamol 100mcg,1707.5708452054669,2025-10-12,71
MED020,Salbutamol 100mcg,1707.5708452054669,2025-10-13,88
MED020,Salbutamol 100mcg,1707.5708452054669,2025-10-14,79
MED020,Salbutamol 100mcg,1707.5708452054669,2025-10-15,81
MED020,Salbutamol 100mcg,1707.5708452054669,2025-10-16,82
MED020,Salbutamol 100mcg,1707.5708452054669,2025-10-17,62
MED020,Salbutamol 100mcg,1707.5708452054669,2025-10-18,67
MED020,Salbutamol 100mcg,1707.5708452054669,2025-10-19,45
MED020,Salbutamol 100mcg,1707.5708452054669,2025-10-20,71
MED020,Salbutamol 100mcg,1707.5708452054669,2025-10-21,38
MED020,Salbutamol 100mcg,1707.5708452054669,2025-10-22,67
MED020,Salbutamol 100mcg,1707.5708452054669,2025-10-23,81
MED020,Salbutamol 100mcg,1707.5708452054669,2025-10-24,47
MED020,Salbutamol 100mcg,1707.5708452054669,2025-10-25,89
MED020,Salbutamol 100mcg,1707.5708452054669,2025-10-26,80
MED020,Salbutamol 100mcg,1707.5708452054669,2025-10-27,25
MED020,Salbutamol 100mcg,1707.5708452054669,2025-10-28,50
MED020,Salbutamol 100mcg,1707.5708452054669,2025-10-29,67
MED020,Salbutamol 100mcg,1707.5708452054669,2025-10-30,38
MED020,Salbutamol 100mcg,1707.5708452054669,2025-10-31,67
MED020,Salbutamol 100mcg,1707.5708452054669,2025-11-01,60
MED020,Salbutamol 100mcg,1707.5708452054669,2025-11-02,34
MED020,Salbutamol 100mcg,1707.5708452054669,2025-11-03,42
MED020,Salbutamol 100mcg,1707.5708452054669,2025-11-04,41
MED020,Salbutamol 100mcg,1707.5708452054669,2025-11-05,43
MED020,Salbutamol 100mcg,1707.5708452054669,2025-11-06,25
MED020,Salbutamol 100mcg,1707.5708452054669,2025-11-07,64
MED020,Salbutamol 100mcg,1707.5708452054669,2025-11-08,63
MED020,Salbutamol 100mcg,1707.5708452054669,2025-11-09,64
MED020,Salbutamol 100mcg,1707.5708452054669,2025-11-10,54
MED020,Salbutamol 100mcg,1707.5708452054669,2025-11-11,36
MED020,Salbutamol 100mcg,1707.5708452054669,2025-11-12,55
MED020,Salbutamol 100mcg,1707.5708452054669,2025-11-13,24
MED020,Salbutamol 100mcg,1707.5708452054669,2025-11-14,53
MED020,Salbutamol 100mcg,1707.5708452054669,2025-11-15,42
MED020,Salbutamol 100mcg,1707.5708452054669,2025-11-16,42
MED020,Salbutamol 100mcg,1707.5708452054669,2025-11-17,51
MED020,Salbutamol 100mcg,1707.5708452054669,2025-11-18,60
MED020,Salbutamol 100mcg,1707.5708452054669,2025-11-19,53
MED020,Salbutamol 100mcg,1707.5708452054669,2025-11-20,23
MED020,Salbutamol 100mcg,1707.5708452054669,2025-11-21,41
MED020,Salbutamol 100mcg,1707.5708452054669,2025-11-22,64
MED020,Salbutamol 100mcg,1707.5708452054669,2025-11-23,38
MED020,Salbutamol 100mcg,1707.5708452054669,2025-11-24,56
MED020,Salbutamol 100mcg,1707.5708452054669,2025-11-25,29
MED020,Salbutamol 100mcg,1707.5708452054669,2025-11-26,47
MED020,Salbutamol 100mcg,1707.5708452054669,2025-11-27,44
MED020,Salbutamol 100mcg,1707.5708452054669,2025-11-28,41
MED020,Salbutamol 100mcg,1707.5708452054669,2025-11-29,47
MED020,Salbutamol 100mcg,1707.5708452054669,2025-11-30,59
MED020,Salbutamol 100mcg,1707.5708452054669,2025-12-01,51
MED020,Salbutamol 100mcg,1707.5708452054669,2025-12-02,42
MED020,Salbutamol 100mcg,1707.5708452054669,2025-12-03,32
MED020,Salbutamol 100mcg,1707.5708452054669,2025-12-04,68
MED020,Salbutamol 100mcg,1707.5708452054669,2025-12-05,36
MED020,Salbutamol 100mcg,1707.5708452054669,2025-12-06,49
MED020,Salbutamol 100mcg,1707.5708452054669,2025-12-07,59
MED020,Salbutamol 100mcg,1707.5708452054669,2025-12-08,41
MED020,Salbutamol 100mcg,1707.5708452054669,2025-12-09,63
MED020,Salbutamol 100mcg,1707.5708452054669,2025-12-10,50
MED020,Salbutamol 100mcg,1707.5708452054669,2025-12-11,30
MED020,Salbutamol 100mcg,1707.5708452054669,2025-12-12,48
MED020,Salbutamol 100mcg,1707.5708452054669,2025-12-13,67
MED020,Salbutamol 100mcg,1707.5708452054669,2025-12-14,37
MED020,Salbutamol 100mcg,1707.5708452054669,2025-12-15,82
MED020,Salbutamol 100mcg,1707.5708452054669,2025-12-16,66
MED020,Salbutamol 100mcg,1707.5708452054669,2025-12-17,28
MED020,Salbutamol 100mcg,1707.5708452054669,2025-12-18,49
MED020,Salbutamol 100mcg,1707.5708452054669,2025-12-19,52
MED020,Salbutamol 100mcg,1707.5708452054669,2025-12-20,38
MED020,Salbutamol 100mcg,1707.5708452054669,2025-12-21,24
MED020,Salbutamol 100mcg,1707.5708452054669,2025-12-22,35
MED020,Salbutamol 100mcg,1707.5708452054669,2025-12-23,50
MED020,Salbutamol 100mcg,1707.5708452054669,2025-12-24,45
MED020,Salbutamol 100mcg,1707.5708452054669,2025-12-25,29
MED020,Salbutamol 100mcg,1707.5708452054669,2025-12-26,24
MED020,Salbutamol 100mcg,1707.5708452054669,2025-12-27,47
MED020,Salbutamol 100mcg,1707.5708452054669,2025-12-28,35
MED020,Salbutamol 100mcg,1707.5708452054669,2025-12-29,46
MED020,Salbutamol 100mcg,1707.5708452054669,2025-12-30,38
MED020,Salbutamol 100mcg,1707.5708452054669,2025-12-31,20
MED020,Salbutamol 100mcg,1707.5708452054669,2026-01-01,78
MED020,Salbutamol 100mcg,1707.5708452054669,2026-01-02,35
MED020,Salbutamol 100mcg,1707.5708452054669,2026-01-03,47
MED020,Salbutamol 100mcg,1707.5708452054669,2026-01-04,55
MED020,Salbutamol 100mcg,1707.5708452054669,2026-01-05,29
MED020,Salbutamol 100mcg,1707.5708452054669,2026-01-06,39
MED020,Salbutamol 100mcg,1707.5708452054669,2026-01-07,20
MED020,Salbutamol 100mcg,1707.5708452054669,2026-01-08,24
MED020,Salbutamol 100mcg,1707.5708452054669,2026-01-09,30
MED020,Salbutamol 100mcg,1707.5708452054669,2026-01-10,42
MED020,Salbutamol 100mcg,1707.5708452054669,2026-01-11,60
MED020,Salbutamol 100mcg,1707.5708452054669,2026-01-12,47
MED020,Salbutamol 100mcg,1707.5708452054669,2026-01-13,50
MED020,Salbutamol 100mcg,1707.5708452054669,2026-01-14,47
MED020,Salbutamol 100mcg,1707.5708452054669,2026-01-15,44
MED020,Salbutamol 100mcg,1707.5708452054669,2026-01-16,26
MED020,Salbutamol 100mcg,1707.5708452054669,2026-01-17,48
MED020,Salbutamol 100mcg,1707.5708452054669,2026-01-18,29
MED020,Salbutamol 100mcg,1707.5708452054669,2026-01-19,15
MED020,Salbutamol 100mcg,1707.5708452054669,2026-01-20,29
MED020,Salbutamol 100mcg,1707.5708452054669,2026-01-21,55
MED020,Salbutamol 100mcg,1707.5708452054669,2026-01-22,38
MED020,Salbutamol 100mcg,1707.5708452054669,2026-01-23,34
MED020,Salbutamol 100mcg,1707.5708452054669,2026-01-24,42
MED020,Salbutamol 100mcg,1707.5708452054669,2026-01-25,44
MED020,Salbutamol 100mcg,1707.5708452054669,2026-01-26,42
MED020,Salbutamol 100mcg,1707.5708452054669,2026-01-27,43
MED020,Salbutamol 100mcg,1707.5708452054669,2026-01-28,53
MED020,Salbutamol 100mcg,1707.5708452054669,2026-01-29,35
MED020,Salbutamol 100mcg,1707.5708452054669,2026-01-30,54
MED020,Salbutamol 100mcg,1707.5708452054669,2026-01-31,59
MED020,Salbutamol 100mcg,1707.5708452054669,2026-02-01,26
MED020,Salbutamol 100mcg,1707.5708452054669,2026-02-02,34
MED020,Salbutamol 100mcg,1707.5708452054669,2026-02-03,46
MED020,Salbutamol 100mcg,1707.5708452054669,2026-02-04,26
MED020,Salbutamol 100mcg,1707.5708452054669,2026-02-05,51
MED020,Salbutamol 100mcg,1707.5708452054669,2026-02-06,57
MED020,Salbutamol 100mcg,1707.5708452054669,2026-02-07,72
MED020,Salbutamol 100mcg,1707.5708452054669,2026-02-08,48
MED020,Salbutamol 100mcg,1707.5708452054669,2026-02-09,64
MED020,Salbutamol 100mcg,1707.5708452054669,2026-02-10,18
MED020,Salbutamol 100mcg,1707.5708452054669,2026-02-11,35
MED020,Salbutamol 100mcg,1707.5708452054669,2026-02-12,59
MED020,Salbutamol 100mcg,1707.5708452054669,2026-02-13,18
MED020,Salbutamol 100mcg,1707.5708452054669,2026-02-14,64
MED020,Salbutamol 100mcg,1707.5708452054669,2026-02-15,63
MED020,Salbutamol 100mcg,1707.5708452054669,2026-02-16,52
MED020,Salbutamol 100mcg,1707.5708452054669,2026-02-17,49
MED020,Salbutamol 100mcg,1707.5708452054669,2026-02-18,32
MED020,Salbutamol 100mcg,1707.5708452054669,2026-02-19,36
MED020,Salbutamol 100mcg,1707.5708452054669,2026-02-20,54
MED020,Salbutamol 100mcg,1707.5708452054669,2026-02-21,66
MED020,Salbutamol 100mcg,1707.5708452054669,2026-02-22,44
MED020,Salbutamol 100mcg,1707.5708452054669,2026-02-23,51
MED020,Salbutamol 100mcg,1707.5708452054669,2026-02-24,33
MED020,Salbutamol 100mcg,1707.5708452054669,2026-02-25,51
MED020,Salbutamol 100mcg,1707.5708452054669,2026-02-26,41
MED020,Salbutamol 100mcg,1707.5708452054669,2026-02-27,26
MED020,Salbutamol 100mcg,1707.5708452054669,2026-02-28,54
MED020,Salbutamol 100mcg,1707.5708452054669,2026-03-01,57
MED020,Salbutamol 100mcg,1707.5708452054669,2026-03-02,48
MED020,Salbutamol 100mcg,1707.5708452054669,2026-03-03,39
MED020,Salbutamol 100mcg,1707.5708452054669,2026-03-04,43
MED020,Salbutamol 100mcg,1707.5708452054669,2026-03-05,36
MED020,Salbutamol 100mcg,1707.5708452054669,2026-03-06,63
MED020,Salbutamol 100mcg,1707.5708452054669,2026-03-07,63
MED020,Salbutamol 100mcg,1707.5708452054669,2026-03-08,31
MED020,Salbutamol 100mcg,1707.5708452054669,2026-03-09,40
MED020,Salbutamol 100mcg,1707.5708452054669,2026-03-10,58
MED020,Salbutamol 100mcg,1707.5708452054669,2026-03-11,54
MED020,Salbutamol 100mcg,1707.5708452054669,2026-03-12,41
MED020,Salbutamol 100mcg,1707.5708452054669,2026-03-13,40
MED020,Salbutamol 100mcg,1707.5708452054669,2026-03-14,53
MED020,Salbutamol 100mcg,1707.5708452054669,2026-03-15,25
MED020,Salbutamol 100mcg,1707.5708452054669,2026-03-16,33
MED020,Salbutamol 100mcg,1707.5708452054669,2026-03-17,67
MED020,Salbutamol 100mcg,1707.5708452054669,2026-03-18,44
MED020,Salbutamol 100mcg,1707.5708452054669,2026-03-19,39
MED020,Salbutamol 100mcg,1707.5708452054669,2026-03-20,31
MED020,Salbutamol 100mcg,1707.5708452054669,2026-03-21,35
MED020,Salbutamol 100mcg,1707.5708452054669,2026-03-22,53
MED020,Salbutamol 100mcg,1707.5708452054669,2026-03-23,41
MED020,Salbutamol 100mcg,1707.5708452054669,2026-03-24,41
MED020,Salbutamol 100mcg,1707.5708452054669,2026-03-25,34
MED020,Salbutamol 100mcg,1707.5708452054669,2026-03-26,33
MED020,Salbutamol 100mcg,1707.5708452054669,2026-03-27,21
MED020,Salbutamol 100mcg,1707.5708452054669,2026-03-28,74
MED020,Salbutamol 100mcg,1707.5708452054669,2026-03-29,34
MED020,Salbutamol 100mcg,1707.5708452054669,2026-03-30,64
MED020,Salbutamol 100mcg,1707.5708452054669,2026-03-31,48
MED020,Salbutamol 100mcg,1707.5708452054669,2026-04-01,47
MED020,Salbutamol 100mcg,1707.5708452054669,2026-04-02,45
MED020,Salbutamol 100mcg,1707.5708452054669,2026-04-03,62
MED020,Salbutamol 100mcg,1707.5708452054669,2026-04-04,40
MED020,Salbutamol 100mcg,1707.5708452054669,2026-04-05,44
MED020,Salbutamol 100mcg,1707.5708452054669,2026-04-06,34
MED020,Salbutamol 100mcg,1707.5708452054669,2026-04-07,59
MED020,Salbutamol 100mcg,1707.5708452054669,2026-04-08,29
MED020,Salbutamol 100mcg,1707.5708452054669,2026-04-09,54
MED020,Salbutamol 100mcg,1707.5708452054669,2026-04-10,65
MED020,Salbutamol 100mcg,1707.5708452054669,2026-04-11,52
MED020,Salbutamol 100mcg,1707.5708452054669,2026-04-12,40
MED020,Salbutamol 100mcg,1707.5708452054669,2026-04-13,50
MED020,Salbutamol 100mcg,1707.5708452054669,2026-04-14,20
MED020,Salbutamol 100mcg,1707.5708452054669,2026-04-15,20
MED020,Salbutamol 100mcg,1707.5708452054669,2026-04-16,44
MED020,Salbutamol 100mcg,1707.5708452054669,2026-04-17,55
MED020,Salbutamol 100mcg,1707.5708452054669,2026-04-18,18
MED020,Salbutamol 100mcg,1707.5708452054669,2026-04-19,36
MED020,Salbutamol 100mcg,1707.5708452054669,2026-04-20,67
MED020,Salbutamol 100mcg,1707.5708452054669,2026-04-21,49
MED020,Salbutamol 100mcg,1707.5708452054669,2026-04-22,43
MED020,Salbutamol 100mcg,1707.5708452054669,2026-04-23,17
MED020,Salbutamol 100mcg,1707.5708452054669,2026-04-24,59
MED020,Salbutamol 100mcg,1707.5708452054669,2026-04-25,74
MED020,Salbutamol 100mcg,1707.5708452054669,2026-04-26,16
MED020,Salbutamol 100mcg,1707.5708452054669,2026-04-27,54
MED020,Salbutamol 100mcg,1707.5708452054669,2026-04-28,45
MED020,Salbutamol 100mcg,1707.5708452054669,2026-04-29,39
MED020,Salbutamol 100mcg,1707.5708452054669,2026-04-30,60
MED020,Salbutamol 100mcg,1707.5708452054669,2026-05-01,49
MED020,Salbutamol 100mcg,1707.5708452054669,2026-05-02,71
MED020,Salbutamol 100mcg,1707.5708452054669,2026-05-03,48
MED020,Salbutamol 100mcg,1707.5708452054669,2026-05-04,42
MED020,Salbutamol 100mcg,1707.5708452054669,2026-05-05,30
MED020,Salbutamol 100mcg,1707.5708452054669,2026-05-06,46
MED020,Salbutamol 100mcg,1707.5708452054669,2026-05-07,37
MED020,Salbutamol 100mcg,1707.5708452054669,2026-05-08,53
MED020,Salbutamol 100mcg,1707.5708452054669,2026-05-09,76
MED020,Salbutamol 100mcg,1707.5708452054669,2026-05-10,56
MED020,Salbutamol 100mcg,1707.5708452054669,2026-05-11,55
MED020,Salbutamol 100mcg,1707.5708452054669,2026-05-12,52
MED020,Salbutamol 100mcg,1707.5708452054669,2026-05-13,56
MED020,Salbutamol 100mcg,1707.5708452054669,2026-05-14,30
MED020,Salbutamol 100mcg,1707.5708452054669,2026-05-15,30
MED020,Salbutamol 100mcg,1707.5708452054669,2026-05-16,45
MED020,Salbutamol 100mcg,1707.5708452054669,2026-05-17,30
MED020,Salbutamol 100mcg,1707.5708452054669,2026-05-18,36
MED020,Salbutamol 100mcg,1707.5708452054669,2026-05-19,35
MED020,Salbutamol 100mcg,1707.5708452054669,2026-05-20,40
MED020,Salbutamol 100mcg,1707.5708452054669,2026-05-21,52
MED020,Salbutamol 100mcg,1707.5708452054669,2026-05-22,47
MED020,Salbutamol 100mcg,1707.5708452054669,2026-05-23,51
MED020,Salbutamol 100mcg,1707.5708452054669,2026-05-24,31
MED020,Salbutamol 100mcg,1707.5708452054669,2026-05-25,46
MED020,Salbutamol 100mcg,1707.5708452054669,2026-05-26,44
MED020,Salbutamol 100mcg,1707.5708452054669,2026-05-27,31
MED020,Salbutamol 100mcg,1707.5708452054669,2026-05-28,65
MED020,Salbutamol 100mcg,1707.5708452054669,2026-05-29,37
MED020,Salbutamol 100mcg,1707.5708452054669,2026-05-30,55
MED020,Salbutamol 100mcg,1707.5708452054669,2026-05-31,42
MED020,Salbutamol 100mcg,1707.5708452054669,2026-06-01,74
MED020,Salbutamol 100mcg,1707.5708452054669,2026-06-02,71
MED020,Salbutamol 100mcg,1707.5708452054669,2026-06-03,48
MED020,Salbutamol 100mcg,1707.5708452054669,2026-06-04,90
MED020,Salbutamol 100mcg,1707.5708452054669,2026-06-05,89
MED020,Salbutamol 100mcg,1707.5708452054669,2026-06-06,55
MED020,Salbutamol 100mcg,1707.5708452054669,2026-06-07,67
MED020,Salbutamol 100mcg,1707.5708452054669,2026-06-08,40
MED020,Salbutamol 100mcg,1707.5708452054669,2026-06-09,69
MED020,Salbutamol 100mcg,1707.5708452054669,2026-06-10,73
MED020,Salbutamol 100mcg,1707.5708452054669,2026-06-11,59
MED020,Salbutamol 100mcg,1707.5708452054669,2026-06-12,62
MED020,Salbutamol 100mcg,1707.5708452054669,2026-06-13,26
MED020,Salbutamol 100mcg,1707.5708452054669,2026-06-14,79
MED020,Salbutamol 100mcg,1707.5708452054669,2026-06-15,88
MED020,Salbutamol 100mcg,1707.5708452054669,2026-06-16,70
MED020,Salbutamol 100mcg,1707.5708452054669,2026-06-17,70
MED020,Salbutamol 100mcg,1707.5708452054669,2026-06-18,56
MED020,Salbutamol 100mcg,1707.5708452054669,2026-06-19,68
MED020,Salbutamol 100mcg,1707.5708452054669,2026-06-20,73
MED020,Salbutamol 100mcg,1707.5708452054669,2026-06-21,26
MED020,Salbutamol 100mcg,1707.5708452054669,2026-06-22,20
MED020,Salbutamol 100mcg,1707.5708452054669,2026-06-23,62
MED020,Salbutamol 100mcg,1707.5708452054669,2026-06-24,88
MED020,Salbutamol 100mcg,1707.5708452054669,2026-06-25,76
MED020,Salbutamol 100mcg,1707.5708452054669,2026-06-26,65
MED020,Salbutamol 100mcg,1707.5708452054669,2026-06-27,103
MED020,Salbutamol 100mcg,1707.5708452054669,2026-06-28,23
MED020,Salbutamol 100mcg,1707.5708452054669,2026-06-29,67
MED020,Salbutamol 100mcg,1707.5708452054669,2026-06-30,60
MED020,Salbutamol 100mcg,1707.5708452054669,2026-07-01,68
MED020,Salbutamol 100mcg,1707.5708452054669,2026-07-02,71
MED020,Salbutamol 100mcg,1707.5708452054669,2026-07-03,31
MED020,Salbutamol 100mcg,1707.5708452054669,2026-07-04,71
MED020,Salbutamol 100mcg,1707.5708452054669,2026-07-05,75
MED020,Salbutamol 100mcg,1707.5708452054669,2026-07-06,94
MED020,Salbutamol 100mcg,1707.5708452054669,2026-07-07,53
MED020,Salbutamol 100mcg,1707.5708452054669,2026-07-08,24
MED020,Salbutamol 100mcg,1707.5708452054669,2026-07-09,47
MED020,Salbutamol 100mcg,1707.5708452054669,2026-07-10,89
MED020,Salbutamol 100mcg,1707.5708452054669,2026-07-11,93
MED020,Salbutamol 100mcg,1707.5708452054669,2026-07-12,78
MED020,Salbutamol 100mcg,1707.5708452054669,2026-07-13,62
MED020,Salbutamol 100mcg,1707.5708452054669,2026-07-14,47
MED020,Salbutamol 100mcg,1707.5708452054669,2026-07-15,71
MED020,Salbutamol 100mcg,1707.5708452054669,2026-07-16,83
MED020,Salbutamol 100mcg,1707.5708452054669,2026-07-17,40
MED020,Salbutamol 100mcg,1707.5708452054669,2026-07-18,87
MED020,Salbutamol 100mcg,1707.5708452054669,2026-07-19,70
MED020,Salbutamol 100mcg,1707.5708452054669,2026-07-20,64
MED020,Salbutamol 100mcg,1707.5708452054669,2026-07-21,76
MED020,Salbutamol 100mcg,1707.5708452054669,2026-07-22,96
MED020,Salbutamol 100mcg,1707.5708452054669,2026-07-23,64
MED020,Salbutamol 100mcg,1707.5708452054669,2026-07-24,73
MED020,Salbutamol 100mcg,1707.5708452054669,2026-07-25,88
MED020,Salbutamol 100mcg,1707.5708452054669,2026-07-26,87
MED020,Salbutamol 100mcg,1707.5708452054669,2026-07-27,93
MED020,Salbutamol 100mcg,1707.5708452054669,2026-07-28,69
MED020,Salbutamol 100mcg,1707.5708452054669,2026-07-29,61
MED020,Salbutamol 100mcg,1707.5708452054669,2026-07-30,77
MED020,Salbutamol 100mcg,1707.5708452054669,2026-07-31,104
MED020,Salbutamol 100mcg,1707.5708452054669,2026-08-01,75
MED020,Salbutamol 100mcg,1707.5708452054669,2026-08-02,61
MED020,Salbutamol 100mcg,1707.5708452054669,2026-08-03,68
MED020,Salbutamol 100mcg,1707.5708452054669,2026-08-04,41
MED020,Salbutamol 100mcg,1707.5708452054669,2026-08-05,103
MED020,Salbutamol 100mcg,1707.5708452054669,2026-08-06,79
MED020,Salbutamol 100mcg,1707.5708452054669,2026-08-07,42
MED020,Salbutamol 100mcg,1707.5708452054669,2026-08-08,27
MED020,Salbutamol 100mcg,1707.5708452054669,2026-08-09,50
MED020,Salbutamol 100mcg,1707.5708452054669,2026-08-10,50
MED020,Salbutamol 100mcg,1707.5708452054669,2026-08-11,52
MED020,Salbutamol 100mcg,1707.5708452054669,2026-08-12,67
MED020,Salbutamol 100mcg,1707.5708452054669,2026-08-13,52
MED020,Salbutamol 100mcg,1707.5708452054669,2026-08-14,88
MED020,Salbutamol 100mcg,1707.5708452054669,2026-08-15,84
MED020,Salbutamol 100mcg,1707.5708452054669,2026-08-16,78
MED020,Salbutamol 100mcg,1707.5708452054669,2026-08-17,72
MED020,Salbutamol 100mcg,1707.5708452054669,2026-08-18,41
